image_filename,relative_path,subject,year,section,question_no,question_type,correct_answer,marks,negative_marks
CE_EnvironmentalEngineering_001.png,CE/EnvironmentalEngineering/CE_EnvironmentalEngineering_001.png,CE,,EnvironmentalEngineering,1,MCQ,C,,
CE_EnvironmentalEngineering_002.png,CE/EnvironmentalEngineering/CE_EnvironmentalEngineering_002.png,CE,,EnvironmentalEngineering,2,MCQ,A,,
CE_EnvironmentalEngineering_003.png,CE/EnvironmentalEngineering/CE_EnvironmentalEngineering_003.png,CE,,EnvironmentalEngineering,3,MCQ,C,,
CE_EnvironmentalEngineering_004.png,CE/EnvironmentalEngineering/CE_EnvironmentalEngineering_004.png,CE,,EnvironmentalEngineering,4,MCQ,B,,
CE_EnvironmentalEngineering_005.png,CE/EnvironmentalEngineering/CE_EnvironmentalEngineering_005.png,CE,,EnvironmentalEngineering,5,MCQ,B,,
CE_EnvironmentalEngineering_006.png,CE/EnvironmentalEngineering/CE_EnvironmentalEngineering_006.png,CE,,EnvironmentalEngineering,6,MCQ,D,,
CE_EnvironmentalEngineering_007.png,CE/EnvironmentalEngineering/CE_EnvironmentalEngineering_007.png,CE,,EnvironmentalEngineering,7,MCQ,A,,
CE_EnvironmentalEngineering_008.png,CE/EnvironmentalEngineering/CE_EnvironmentalEngineering_008.png,CE,,EnvironmentalEngineering,8,MCQ,A,,
CE_EnvironmentalEngineering_009.png,CE/EnvironmentalEngineering/CE_EnvironmentalEngineering_009.png,CE,,EnvironmentalEngineering,9,MCQ,C,,
CE_EnvironmentalEngineering_010.png,CE/EnvironmentalEngineering/CE_EnvironmentalEngineering_010.png,CE,,EnvironmentalEngineering,10,MCQ,D,,
CE_EnvironmentalEngineering_011.png,CE/EnvironmentalEngineering/CE_EnvironmentalEngineering_011.png,CE,,EnvironmentalEngineering,11,MCQ,A,,
CE_EnvironmentalEngineering_012.png,CE/EnvironmentalEngineering/CE_EnvironmentalEngineering_012.png,CE,,EnvironmentalEngineering,12,MCQ,B,,
CE_EnvironmentalEngineering_013.png,CE/EnvironmentalEngineering/CE_EnvironmentalEngineering_013.png,CE,,EnvironmentalEngineering,13,MCQ,C,,
CE_EnvironmentalEngineering_014.png,CE/EnvironmentalEngineering/CE_EnvironmentalEngineering_014.png,CE,,EnvironmentalEngineering,14,MCQ,B,,
CE_EnvironmentalEngineering_015.png,CE/EnvironmentalEngineering/CE_EnvironmentalEngineering_015.png,CE,,EnvironmentalEngineering,15,MCQ,D,,
CE_EnvironmentalEngineering_016.png,CE/EnvironmentalEngineering/CE_EnvironmentalEngineering_016.png,CE,,EnvironmentalEngineering,16,MCQ,B,,
CE_EnvironmentalEngineering_017.png,CE/EnvironmentalEngineering/CE_EnvironmentalEngineering_017.png,CE,,EnvironmentalEngineering,17,MCQ,A,,
CE_EnvironmentalEngineering_018.png,CE/EnvironmentalEngineering/CE_EnvironmentalEngineering_018.png,CE,,EnvironmentalEngineering,18,MCQ,A,,
CE_EnvironmentalEngineering_019.png,CE/EnvironmentalEngineering/CE_EnvironmentalEngineering_019.png,CE,,EnvironmentalEngineering,19,MCQ,A,,
CE_EnvironmentalEngineering_020.png,CE/EnvironmentalEngineering/CE_EnvironmentalEngineering_020.png,CE,,EnvironmentalEngineering,20,MCQ,B,,
CE_EnvironmentalEngineering_021.png,CE/EnvironmentalEngineering/CE_EnvironmentalEngineering_021.png,CE,,EnvironmentalEngineering,21,MCQ,A,,
CE_EnvironmentalEngineering_022.png,CE/EnvironmentalEngineering/CE_EnvironmentalEngineering_022.png,CE,,EnvironmentalEngineering,22,MCQ,B,,
CE_EnvironmentalEngineering_023.png,CE/EnvironmentalEngineering/CE_EnvironmentalEngineering_023.png,CE,,EnvironmentalEngineering,23,MCQ,A,,
CE_EnvironmentalEngineering_024.png,CE/EnvironmentalEngineering/CE_EnvironmentalEngineering_024.png,CE,,EnvironmentalEngineering,24,MCQ,A,,
CE_EnvironmentalEngineering_025.png,CE/EnvironmentalEngineering/CE_EnvironmentalEngineering_025.png,CE,,EnvironmentalEngineering,25,MCQ,A,,
CE_EnvironmentalEngineering_026.png,CE/EnvironmentalEngineering/CE_EnvironmentalEngineering_026.png,CE,,EnvironmentalEngineering,26,MCQ,D,,
CE_EnvironmentalEngineering_027.png,CE/EnvironmentalEngineering/CE_EnvironmentalEngineering_027.png,CE,,EnvironmentalEngineering,27,MCQ,C,,
CE_EnvironmentalEngineering_028.png,CE/EnvironmentalEngineering/CE_EnvironmentalEngineering_028.png,CE,,EnvironmentalEngineering,28,MCQ,A,,
CE_EnvironmentalEngineering_029.png,CE/EnvironmentalEngineering/CE_EnvironmentalEngineering_029.png,CE,,EnvironmentalEngineering,29,MCQ,C,,
CE_EnvironmentalEngineering_030.png,CE/EnvironmentalEngineering/CE_EnvironmentalEngineering_030.png,CE,,EnvironmentalEngineering,30,MCQ,C,,
CE_EnvironmentalEngineering_031.png,CE/EnvironmentalEngineering/CE_EnvironmentalEngineering_031.png,CE,,EnvironmentalEngineering,31,MCQ,C,,
CE_EnvironmentalEngineering_032.png,CE/EnvironmentalEngineering/CE_EnvironmentalEngineering_032.png,CE,,EnvironmentalEngineering,32,MCQ,D,,
CE_EnvironmentalEngineering_033.png,CE/EnvironmentalEngineering/CE_EnvironmentalEngineering_033.png,CE,,EnvironmentalEngineering,33,MCQ,A,,
CE_EnvironmentalEngineering_034.png,CE/EnvironmentalEngineering/CE_EnvironmentalEngineering_034.png,CE,,EnvironmentalEngineering,34,MCQ,C,,
CE_EnvironmentalEngineering_035.png,CE/EnvironmentalEngineering/CE_EnvironmentalEngineering_035.png,CE,,EnvironmentalEngineering,35,MCQ,A,,
CE_EnvironmentalEngineering_036.png,CE/EnvironmentalEngineering/CE_EnvironmentalEngineering_036.png,CE,,EnvironmentalEngineering,36,MCQ,A,,
CE_EnvironmentalEngineering_037.png,CE/EnvironmentalEngineering/CE_EnvironmentalEngineering_037.png,CE,,EnvironmentalEngineering,37,MCQ,D,,
CE_EnvironmentalEngineering_038.png,CE/EnvironmentalEngineering/CE_EnvironmentalEngineering_038.png,CE,,EnvironmentalEngineering,38,MCQ,D,,
CE_EnvironmentalEngineering_039.png,CE/EnvironmentalEngineering/CE_EnvironmentalEngineering_039.png,CE,,EnvironmentalEngineering,39,MCQ,A,,
CE_EnvironmentalEngineering_040.png,CE/EnvironmentalEngineering/CE_EnvironmentalEngineering_040.png,CE,,EnvironmentalEngineering,40,MCQ,A,,
CE_EnvironmentalEngineering_041.png,CE/EnvironmentalEngineering/CE_EnvironmentalEngineering_041.png,CE,,EnvironmentalEngineering,41,MCQ,D,,
CE_EnvironmentalEngineering_042.png,CE/EnvironmentalEngineering/CE_EnvironmentalEngineering_042.png,CE,,EnvironmentalEngineering,42,MCQ,A,,
CE_EnvironmentalEngineering_043.png,CE/EnvironmentalEngineering/CE_EnvironmentalEngineering_043.png,CE,,EnvironmentalEngineering,43,MCQ,B,,
CE_EnvironmentalEngineering_044.png,CE/EnvironmentalEngineering/CE_EnvironmentalEngineering_044.png,CE,,EnvironmentalEngineering,44,MCQ,D,,
CE_EnvironmentalEngineering_045.png,CE/EnvironmentalEngineering/CE_EnvironmentalEngineering_045.png,CE,,EnvironmentalEngineering,45,MCQ,B,,
CE_EnvironmentalEngineering_046.png,CE/EnvironmentalEngineering/CE_EnvironmentalEngineering_046.png,CE,,EnvironmentalEngineering,46,MCQ,C,,
CE_EnvironmentalEngineering_047.png,CE/EnvironmentalEngineering/CE_EnvironmentalEngineering_047.png,CE,,EnvironmentalEngineering,47,MCQ,C,,
CE_EnvironmentalEngineering_048.png,CE/EnvironmentalEngineering/CE_EnvironmentalEngineering_048.png,CE,,EnvironmentalEngineering,48,MCQ,A,,
CE_EnvironmentalEngineering_049.png,CE/EnvironmentalEngineering/CE_EnvironmentalEngineering_049.png,CE,,EnvironmentalEngineering,49,MCQ,D,,
CE_EnvironmentalEngineering_050.png,CE/EnvironmentalEngineering/CE_EnvironmentalEngineering_050.png,CE,,EnvironmentalEngineering,50,MCQ,B,,
CE_EnvironmentalEngineering_051.png,CE/EnvironmentalEngineering/CE_EnvironmentalEngineering_051.png,CE,,EnvironmentalEngineering,51,MCQ,B,,
CE_EnvironmentalEngineering_052.png,CE/EnvironmentalEngineering/CE_EnvironmentalEngineering_052.png,CE,,EnvironmentalEngineering,52,MCQ,B,,
CE_EnvironmentalEngineering_053.png,CE/EnvironmentalEngineering/CE_EnvironmentalEngineering_053.png,CE,,EnvironmentalEngineering,53,MCQ,B,,
CE_EnvironmentalEngineering_054.png,CE/EnvironmentalEngineering/CE_EnvironmentalEngineering_054.png,CE,,EnvironmentalEngineering,54,MCQ,A,,
CE_EnvironmentalEngineering_055.png,CE/EnvironmentalEngineering/CE_EnvironmentalEngineering_055.png,CE,,EnvironmentalEngineering,55,MCQ,B,,
CE_EnvironmentalEngineering_056.png,CE/EnvironmentalEngineering/CE_EnvironmentalEngineering_056.png,CE,,EnvironmentalEngineering,56,MCQ,A,,
CE_EnvironmentalEngineering_057.png,CE/EnvironmentalEngineering/CE_EnvironmentalEngineering_057.png,CE,,EnvironmentalEngineering,57,MCQ,A,,
CE_EnvironmentalEngineering_058.png,CE/EnvironmentalEngineering/CE_EnvironmentalEngineering_058.png,CE,,EnvironmentalEngineering,58,MCQ,A,,
CE_EnvironmentalEngineering_059.png,CE/EnvironmentalEngineering/CE_EnvironmentalEngineering_059.png,CE,,EnvironmentalEngineering,59,MCQ,B,,
CE_EnvironmentalEngineering_060.png,CE/EnvironmentalEngineering/CE_EnvironmentalEngineering_060.png,CE,,EnvironmentalEngineering,60,MCQ,A,,
CE_EnvironmentalEngineering_061.png,CE/EnvironmentalEngineering/CE_EnvironmentalEngineering_061.png,CE,,EnvironmentalEngineering,61,MCQ,A,,
CE_EnvironmentalEngineering_062.png,CE/EnvironmentalEngineering/CE_EnvironmentalEngineering_062.png,CE,,EnvironmentalEngineering,62,MCQ,A,,
CE_EnvironmentalEngineering_063.png,CE/EnvironmentalEngineering/CE_EnvironmentalEngineering_063.png,CE,,EnvironmentalEngineering,63,MCQ,B,,
CE_EnvironmentalEngineering_064.png,CE/EnvironmentalEngineering/CE_EnvironmentalEngineering_064.png,CE,,EnvironmentalEngineering,64,MCQ,D,,
CE_EnvironmentalEngineering_065.png,CE/EnvironmentalEngineering/CE_EnvironmentalEngineering_065.png,CE,,EnvironmentalEngineering,65,MCQ,B,,
CE_EnvironmentalEngineering_066.png,CE/EnvironmentalEngineering/CE_EnvironmentalEngineering_066.png,CE,,EnvironmentalEngineering,66,MCQ,D,,
CE_EnvironmentalEngineering_067.png,CE/EnvironmentalEngineering/CE_EnvironmentalEngineering_067.png,CE,,EnvironmentalEngineering,67,MCQ,A,,
CE_EnvironmentalEngineering_068.png,CE/EnvironmentalEngineering/CE_EnvironmentalEngineering_068.png,CE,,EnvironmentalEngineering,68,MCQ,B,,
CE_EnvironmentalEngineering_069.png,CE/EnvironmentalEngineering/CE_EnvironmentalEngineering_069.png,CE,,EnvironmentalEngineering,69,MCQ,C,,
CE_EnvironmentalEngineering_070.png,CE/EnvironmentalEngineering/CE_EnvironmentalEngineering_070.png,CE,,EnvironmentalEngineering,70,MCQ,A,,
CE_EnvironmentalEngineering_071.png,CE/EnvironmentalEngineering/CE_EnvironmentalEngineering_071.png,CE,,EnvironmentalEngineering,71,MCQ,A,,
CE_EnvironmentalEngineering_072.png,CE/EnvironmentalEngineering/CE_EnvironmentalEngineering_072.png,CE,,EnvironmentalEngineering,72,MCQ,D,,
CE_EnvironmentalEngineering_073.png,CE/EnvironmentalEngineering/CE_EnvironmentalEngineering_073.png,CE,,EnvironmentalEngineering,73,MCQ,B,,
CE_EnvironmentalEngineering_074.png,CE/EnvironmentalEngineering/CE_EnvironmentalEngineering_074.png,CE,,EnvironmentalEngineering,74,MCQ,A,,
CE_EnvironmentalEngineering_075.png,CE/EnvironmentalEngineering/CE_EnvironmentalEngineering_075.png,CE,,EnvironmentalEngineering,75,MCQ,A,,
CE_EnvironmentalEngineering_076.png,CE/EnvironmentalEngineering/CE_EnvironmentalEngineering_076.png,CE,,EnvironmentalEngineering,76,MCQ,D,,
CE_EnvironmentalEngineering_077.png,CE/EnvironmentalEngineering/CE_EnvironmentalEngineering_077.png,CE,,EnvironmentalEngineering,77,MCQ,D,,
CE_EnvironmentalEngineering_078.png,CE/EnvironmentalEngineering/CE_EnvironmentalEngineering_078.png,CE,,EnvironmentalEngineering,78,MCQ,C,,
CE_EnvironmentalEngineering_079.png,CE/EnvironmentalEngineering/CE_EnvironmentalEngineering_079.png,CE,,EnvironmentalEngineering,79,MCQ,C,,
CE_EnvironmentalEngineering_080.png,CE/EnvironmentalEngineering/CE_EnvironmentalEngineering_080.png,CE,,EnvironmentalEngineering,80,MCQ,C,,
CE_EnvironmentalEngineering_081.png,CE/EnvironmentalEngineering/CE_EnvironmentalEngineering_081.png,CE,,EnvironmentalEngineering,81,MCQ,A,,
CE_EnvironmentalEngineering_082.png,CE/EnvironmentalEngineering/CE_EnvironmentalEngineering_082.png,CE,,EnvironmentalEngineering,82,MCQ,C,,
CE_EnvironmentalEngineering_083.png,CE/EnvironmentalEngineering/CE_EnvironmentalEngineering_083.png,CE,,EnvironmentalEngineering,83,MCQ,C,,
CE_EnvironmentalEngineering_084.png,CE/EnvironmentalEngineering/CE_EnvironmentalEngineering_084.png,CE,,EnvironmentalEngineering,84,MCQ,C,,
CE_EnvironmentalEngineering_085.png,CE/EnvironmentalEngineering/CE_EnvironmentalEngineering_085.png,CE,,EnvironmentalEngineering,85,MCQ,B,,
CE_EnvironmentalEngineering_086.png,CE/EnvironmentalEngineering/CE_EnvironmentalEngineering_086.png,CE,,EnvironmentalEngineering,86,MCQ,B,,
CE_EnvironmentalEngineering_087.png,CE/EnvironmentalEngineering/CE_EnvironmentalEngineering_087.png,CE,,EnvironmentalEngineering,87,MCQ,D,,
CE_EnvironmentalEngineering_088.png,CE/EnvironmentalEngineering/CE_EnvironmentalEngineering_088.png,CE,,EnvironmentalEngineering,88,MCQ,A,,
CE_EnvironmentalEngineering_089.png,CE/EnvironmentalEngineering/CE_EnvironmentalEngineering_089.png,CE,,EnvironmentalEngineering,89,MCQ,C,,
CE_EnvironmentalEngineering_090.png,CE/EnvironmentalEngineering/CE_EnvironmentalEngineering_090.png,CE,,EnvironmentalEngineering,90,MCQ,A,,
CE_EnvironmentalEngineering_091.png,CE/EnvironmentalEngineering/CE_EnvironmentalEngineering_091.png,CE,,EnvironmentalEngineering,91,MCQ,A,,
CE_EnvironmentalEngineering_092.png,CE/EnvironmentalEngineering/CE_EnvironmentalEngineering_092.png,CE,,EnvironmentalEngineering,92,MSQ,"A,B",,
CE_EnvironmentalEngineering_093.png,CE/EnvironmentalEngineering/CE_EnvironmentalEngineering_093.png,CE,,EnvironmentalEngineering,93,MCQ,A,,
CE_EnvironmentalEngineering_094.png,CE/EnvironmentalEngineering/CE_EnvironmentalEngineering_094.png,CE,,EnvironmentalEngineering,94,MCQ,A,,
CE_EnvironmentalEngineering_095.png,CE/EnvironmentalEngineering/CE_EnvironmentalEngineering_095.png,CE,,EnvironmentalEngineering,95,MCQ,A,,
CE_EnvironmentalEngineering_096.png,CE/EnvironmentalEngineering/CE_EnvironmentalEngineering_096.png,CE,,EnvironmentalEngineering,96,MCQ,A,,
CE_EnvironmentalEngineering_097.png,CE/EnvironmentalEngineering/CE_EnvironmentalEngineering_097.png,CE,,EnvironmentalEngineering,97,MCQ,C,,
CE_EnvironmentalEngineering_098.png,CE/EnvironmentalEngineering/CE_EnvironmentalEngineering_098.png,CE,,EnvironmentalEngineering,98,MCQ,D,,
CE_EnvironmentalEngineering_099.png,CE/EnvironmentalEngineering/CE_EnvironmentalEngineering_099.png,CE,,EnvironmentalEngineering,99,MSQ,"A,C",,
CE_EnvironmentalEngineering_100.png,CE/EnvironmentalEngineering/CE_EnvironmentalEngineering_100.png,CE,,EnvironmentalEngineering,100,MCQ,B,,
CE_EnvironmentalEngineering_101.png,CE/EnvironmentalEngineering/CE_EnvironmentalEngineering_101.png,CE,,EnvironmentalEngineering,101,MCQ,D,,
CE_EnvironmentalEngineering_102.png,CE/EnvironmentalEngineering/CE_EnvironmentalEngineering_102.png,CE,,EnvironmentalEngineering,102,MSQ,"B,D",,
CE_EnvironmentalEngineering_103.png,CE/EnvironmentalEngineering/CE_EnvironmentalEngineering_103.png,CE,,EnvironmentalEngineering,103,MCQ,B,,
CE_EnvironmentalEngineering_104.png,CE/EnvironmentalEngineering/CE_EnvironmentalEngineering_104.png,CE,,EnvironmentalEngineering,104,MCQ,C,,
CE_EnvironmentalEngineering_105.png,CE/EnvironmentalEngineering/CE_EnvironmentalEngineering_105.png,CE,,EnvironmentalEngineering,105,MCQ,A,,
CE_EnvironmentalEngineering_106.png,CE/EnvironmentalEngineering/CE_EnvironmentalEngineering_106.png,CE,,EnvironmentalEngineering,106,MCQ,D,,
CE_EnvironmentalEngineering_107.png,CE/EnvironmentalEngineering/CE_EnvironmentalEngineering_107.png,CE,,EnvironmentalEngineering,107,MCQ,B,,
CE_EnvironmentalEngineering_108.png,CE/EnvironmentalEngineering/CE_EnvironmentalEngineering_108.png,CE,,EnvironmentalEngineering,108,MSQ,"A,B",,
CE_EnvironmentalEngineering_109.png,CE/EnvironmentalEngineering/CE_EnvironmentalEngineering_109.png,CE,,EnvironmentalEngineering,109,MCQ,A,,
CE_EnvironmentalEngineering_110.png,CE/EnvironmentalEngineering/CE_EnvironmentalEngineering_110.png,CE,,EnvironmentalEngineering,110,MCQ,B,,
CE_EnvironmentalEngineering_111.png,CE/EnvironmentalEngineering/CE_EnvironmentalEngineering_111.png,CE,,EnvironmentalEngineering,111,MCQ,B,,
CE_EnvironmentalEngineering_112.png,CE/EnvironmentalEngineering/CE_EnvironmentalEngineering_112.png,CE,,EnvironmentalEngineering,112,MCQ,D,,
CE_EnvironmentalEngineering_113.png,CE/EnvironmentalEngineering/CE_EnvironmentalEngineering_113.png,CE,,EnvironmentalEngineering,113,MCQ,C,,
CE_EnvironmentalEngineering_114.png,CE/EnvironmentalEngineering/CE_EnvironmentalEngineering_114.png,CE,,EnvironmentalEngineering,114,MCQ,D,,
CE_EnvironmentalEngineering_115.png,CE/EnvironmentalEngineering/CE_EnvironmentalEngineering_115.png,CE,,EnvironmentalEngineering,115,MSQ,"A,B",,
CE_EnvironmentalEngineering_116.png,CE/EnvironmentalEngineering/CE_EnvironmentalEngineering_116.png,CE,,EnvironmentalEngineering,116,MSQ,"A,C",,
CE_EnvironmentalEngineering_117.png,CE/EnvironmentalEngineering/CE_EnvironmentalEngineering_117.png,CE,,EnvironmentalEngineering,117,MSQ,"C,D",,
CE_EnvironmentalEngineering_118.png,CE/EnvironmentalEngineering/CE_EnvironmentalEngineering_118.png,CE,,EnvironmentalEngineering,118,MSQ,"A,B",,
CE_EnvironmentalEngineering_119.png,CE/EnvironmentalEngineering/CE_EnvironmentalEngineering_119.png,CE,,EnvironmentalEngineering,119,MSQ,"A,B",,
CE_EnvironmentalEngineering_120.png,CE/EnvironmentalEngineering/CE_EnvironmentalEngineering_120.png,CE,,EnvironmentalEngineering,120,MCQ,A,,
CE_EnvironmentalEngineering_121.png,CE/EnvironmentalEngineering/CE_EnvironmentalEngineering_121.png,CE,,EnvironmentalEngineering,121,MSQ,"A,B,D",,
CE_EnvironmentalEngineering_122.png,CE/EnvironmentalEngineering/CE_EnvironmentalEngineering_122.png,CE,,EnvironmentalEngineering,122,MCQ,C,,
CE_EnvironmentalEngineering_123.png,CE/EnvironmentalEngineering/CE_EnvironmentalEngineering_123.png,CE,,EnvironmentalEngineering,123,MSQ,"B,D",,
CE_EnvironmentalEngineering_124.png,CE/EnvironmentalEngineering/CE_EnvironmentalEngineering_124.png,CE,,EnvironmentalEngineering,124,MCQ,A,,
CE_EnvironmentalEngineering_125.png,CE/EnvironmentalEngineering/CE_EnvironmentalEngineering_125.png,CE,,EnvironmentalEngineering,125,MCQ,C,,
CE_EnvironmentalEngineering_126.png,CE/EnvironmentalEngineering/CE_EnvironmentalEngineering_126.png,CE,,EnvironmentalEngineering,126,MCQ,C or D,,
CE_EnvironmentalEngineering_127.png,CE/EnvironmentalEngineering/CE_EnvironmentalEngineering_127.png,CE,,EnvironmentalEngineering,127,MCQ,C,,
CE_EnvironmentalEngineering_128.png,CE/EnvironmentalEngineering/CE_EnvironmentalEngineering_128.png,CE,,EnvironmentalEngineering,128,MCQ,C,,
CE_EngineeringMathematics_001.png,CE/EngineeringMathematics/CE_EngineeringMathematics_001.png,CE,,EngineeringMathematics,1,MCQ,B,,
CE_EngineeringMathematics_002.png,CE/EngineeringMathematics/CE_EngineeringMathematics_002.png,CE,,EngineeringMathematics,2,MCQ,C,,
CE_EngineeringMathematics_003.png,CE/EngineeringMathematics/CE_EngineeringMathematics_003.png,CE,,EngineeringMathematics,3,MCQ,B,,
CE_EngineeringMathematics_004.png,CE/EngineeringMathematics/CE_EngineeringMathematics_004.png,CE,,EngineeringMathematics,4,MCQ,B,,
CE_EngineeringMathematics_005.png,CE/EngineeringMathematics/CE_EngineeringMathematics_005.png,CE,,EngineeringMathematics,5,MCQ,C,,
CE_EngineeringMathematics_006.png,CE/EngineeringMathematics/CE_EngineeringMathematics_006.png,CE,,EngineeringMathematics,6,MCQ,B,,
CE_EngineeringMathematics_007.png,CE/EngineeringMathematics/CE_EngineeringMathematics_007.png,CE,,EngineeringMathematics,7,MCQ,D,,
CE_EngineeringMathematics_008.png,CE/EngineeringMathematics/CE_EngineeringMathematics_008.png,CE,,EngineeringMathematics,8,MCQ,A,,
CE_EngineeringMathematics_009.png,CE/EngineeringMathematics/CE_EngineeringMathematics_009.png,CE,,EngineeringMathematics,9,MCQ,A,,
CE_EngineeringMathematics_010.png,CE/EngineeringMathematics/CE_EngineeringMathematics_010.png,CE,,EngineeringMathematics,10,MCQ,A,,
CE_EngineeringMathematics_011.png,CE/EngineeringMathematics/CE_EngineeringMathematics_011.png,CE,,EngineeringMathematics,11,MCQ,D,,
CE_EngineeringMathematics_012.png,CE/EngineeringMathematics/CE_EngineeringMathematics_012.png,CE,,EngineeringMathematics,12,MCQ,D,,
CE_EngineeringMathematics_014.png,CE/EngineeringMathematics/CE_EngineeringMathematics_014.png,CE,,EngineeringMathematics,14,MCQ,B,,
CE_EngineeringMathematics_015.png,CE/EngineeringMathematics/CE_EngineeringMathematics_015.png,CE,,EngineeringMathematics,15,MCQ,A,,
CE_EngineeringMathematics_016.png,CE/EngineeringMathematics/CE_EngineeringMathematics_016.png,CE,,EngineeringMathematics,16,MCQ,A,,
CE_EngineeringMathematics_017.png,CE/EngineeringMathematics/CE_EngineeringMathematics_017.png,CE,,EngineeringMathematics,17,MCQ,A,,
CE_EngineeringMathematics_018.png,CE/EngineeringMathematics/CE_EngineeringMathematics_018.png,CE,,EngineeringMathematics,18,MCQ,A,,
CE_EngineeringMathematics_019.png,CE/EngineeringMathematics/CE_EngineeringMathematics_019.png,CE,,EngineeringMathematics,19,MCQ,A,,
CE_EngineeringMathematics_020.png,CE/EngineeringMathematics/CE_EngineeringMathematics_020.png,CE,,EngineeringMathematics,20,MCQ,A,,
CE_EngineeringMathematics_021.png,CE/EngineeringMathematics/CE_EngineeringMathematics_021.png,CE,,EngineeringMathematics,21,MCQ,C,,
CE_EngineeringMathematics_022.png,CE/EngineeringMathematics/CE_EngineeringMathematics_022.png,CE,,EngineeringMathematics,22,MCQ,D,,
CE_EngineeringMathematics_023.png,CE/EngineeringMathematics/CE_EngineeringMathematics_023.png,CE,,EngineeringMathematics,23,MCQ,B,,
CE_EngineeringMathematics_024.png,CE/EngineeringMathematics/CE_EngineeringMathematics_024.png,CE,,EngineeringMathematics,24,MCQ,B,,
CE_EngineeringMathematics_025.png,CE/EngineeringMathematics/CE_EngineeringMathematics_025.png,CE,,EngineeringMathematics,25,MCQ,C,,
CE_EngineeringMathematics_026.png,CE/EngineeringMathematics/CE_EngineeringMathematics_026.png,CE,,EngineeringMathematics,26,MCQ,C,,
CE_EngineeringMathematics_027.png,CE/EngineeringMathematics/CE_EngineeringMathematics_027.png,CE,,EngineeringMathematics,27,MCQ,A,,
CE_EngineeringMathematics_028.png,CE/EngineeringMathematics/CE_EngineeringMathematics_028.png,CE,,EngineeringMathematics,28,MCQ,B,,
CE_EngineeringMathematics_029.png,CE/EngineeringMathematics/CE_EngineeringMathematics_029.png,CE,,EngineeringMathematics,29,MCQ,C,,
CE_EngineeringMathematics_030.png,CE/EngineeringMathematics/CE_EngineeringMathematics_030.png,CE,,EngineeringMathematics,30,MCQ,C,,
CE_EngineeringMathematics_031.png,CE/EngineeringMathematics/CE_EngineeringMathematics_031.png,CE,,EngineeringMathematics,31,MCQ,D,,
CE_EngineeringMathematics_032.png,CE/EngineeringMathematics/CE_EngineeringMathematics_032.png,CE,,EngineeringMathematics,32,MCQ,C,,
CE_EngineeringMathematics_033.png,CE/EngineeringMathematics/CE_EngineeringMathematics_033.png,CE,,EngineeringMathematics,33,MCQ,A,,
CE_EngineeringMathematics_034.png,CE/EngineeringMathematics/CE_EngineeringMathematics_034.png,CE,,EngineeringMathematics,34,MCQ,A,,
CE_EngineeringMathematics_035.png,CE/EngineeringMathematics/CE_EngineeringMathematics_035.png,CE,,EngineeringMathematics,35,MSQ,"A,C",,
CE_EngineeringMathematics_036.png,CE/EngineeringMathematics/CE_EngineeringMathematics_036.png,CE,,EngineeringMathematics,36,MCQ,A,,
CE_EngineeringMathematics_037.png,CE/EngineeringMathematics/CE_EngineeringMathematics_037.png,CE,,EngineeringMathematics,37,MCQ,A,,
CE_EngineeringMathematics_038.png,CE/EngineeringMathematics/CE_EngineeringMathematics_038.png,CE,,EngineeringMathematics,38,MCQ,A,,
CE_EngineeringMathematics_039.png,CE/EngineeringMathematics/CE_EngineeringMathematics_039.png,CE,,EngineeringMathematics,39,MSQ,"A,D",,
CE_EngineeringMathematics_040.png,CE/EngineeringMathematics/CE_EngineeringMathematics_040.png,CE,,EngineeringMathematics,40,MCQ,B,,
CE_EngineeringMathematics_041.png,CE/EngineeringMathematics/CE_EngineeringMathematics_041.png,CE,,EngineeringMathematics,41,MCQ,C,,
CE_EngineeringMathematics_042.png,CE/EngineeringMathematics/CE_EngineeringMathematics_042.png,CE,,EngineeringMathematics,42,MCQ,D,,
CE_EngineeringMathematics_043.png,CE/EngineeringMathematics/CE_EngineeringMathematics_043.png,CE,,EngineeringMathematics,43,MCQ,C,,
CE_EngineeringMathematics_044.png,CE/EngineeringMathematics/CE_EngineeringMathematics_044.png,CE,,EngineeringMathematics,44,MSQ,"B,C",,
CE_EngineeringMathematics_045.png,CE/EngineeringMathematics/CE_EngineeringMathematics_045.png,CE,,EngineeringMathematics,45,MCQ,B,,
CE_EngineeringMathematics_046.png,CE/EngineeringMathematics/CE_EngineeringMathematics_046.png,CE,,EngineeringMathematics,46,MSQ,"B,C",,
CE_EngineeringMathematics_047.png,CE/EngineeringMathematics/CE_EngineeringMathematics_047.png,CE,,EngineeringMathematics,47,MCQ,C,,
CE_EngineeringMathematics_048.png,CE/EngineeringMathematics/CE_EngineeringMathematics_048.png,CE,,EngineeringMathematics,48,MCQ,A,,
CE_EngineeringMathematics_049.png,CE/EngineeringMathematics/CE_EngineeringMathematics_049.png,CE,,EngineeringMathematics,49,MCQ,A,,
CE_EngineeringMathematics_050.png,CE/EngineeringMathematics/CE_EngineeringMathematics_050.png,CE,,EngineeringMathematics,50,MSQ,"A,B,D",,
CE_EngineeringMathematics_051.png,CE/EngineeringMathematics/CE_EngineeringMathematics_051.png,CE,,EngineeringMathematics,51,MCQ,A,,
CE_EngineeringMathematics_052.png,CE/EngineeringMathematics/CE_EngineeringMathematics_052.png,CE,,EngineeringMathematics,52,MCQ,D,,
CE_EngineeringMathematics_053.png,CE/EngineeringMathematics/CE_EngineeringMathematics_053.png,CE,,EngineeringMathematics,53,MCQ,A,,
CE_EngineeringMathematics_054.png,CE/EngineeringMathematics/CE_EngineeringMathematics_054.png,CE,,EngineeringMathematics,54,MCQ,B,,
CE_EngineeringMathematics_055.png,CE/EngineeringMathematics/CE_EngineeringMathematics_055.png,CE,,EngineeringMathematics,55,MCQ,A,,
CE_EngineeringMathematics_056.png,CE/EngineeringMathematics/CE_EngineeringMathematics_056.png,CE,,EngineeringMathematics,56,MSQ,"A,D",,
CE_EngineeringMathematics_057.png,CE/EngineeringMathematics/CE_EngineeringMathematics_057.png,CE,,EngineeringMathematics,57,MCQ,A,,
CE_EngineeringMathematics_058.png,CE/EngineeringMathematics/CE_EngineeringMathematics_058.png,CE,,EngineeringMathematics,58,MCQ,A,,
CE_EngineeringMathematics_059.png,CE/EngineeringMathematics/CE_EngineeringMathematics_059.png,CE,,EngineeringMathematics,59,MCQ,D,,
CE_EngineeringMathematics_060.png,CE/EngineeringMathematics/CE_EngineeringMathematics_060.png,CE,,EngineeringMathematics,60,MCQ,D,,
CE_EngineeringMathematics_061.png,CE/EngineeringMathematics/CE_EngineeringMathematics_061.png,CE,,EngineeringMathematics,61,MCQ,B,,
CE_EngineeringMathematics_062.png,CE/EngineeringMathematics/CE_EngineeringMathematics_062.png,CE,,EngineeringMathematics,62,MCQ,C,,
CE_EngineeringMathematics_063.png,CE/EngineeringMathematics/CE_EngineeringMathematics_063.png,CE,,EngineeringMathematics,63,MCQ,A,,
CE_EngineeringMathematics_064.png,CE/EngineeringMathematics/CE_EngineeringMathematics_064.png,CE,,EngineeringMathematics,64,MCQ,B,,
CE_EngineeringMathematics_065.png,CE/EngineeringMathematics/CE_EngineeringMathematics_065.png,CE,,EngineeringMathematics,65,MCQ,B,,
CE_EngineeringMathematics_066.png,CE/EngineeringMathematics/CE_EngineeringMathematics_066.png,CE,,EngineeringMathematics,66,MCQ,A,,
CE_EngineeringMathematics_067.png,CE/EngineeringMathematics/CE_EngineeringMathematics_067.png,CE,,EngineeringMathematics,67,MCQ,B,,
CE_EngineeringMathematics_068.png,CE/EngineeringMathematics/CE_EngineeringMathematics_068.png,CE,,EngineeringMathematics,68,MCQ,A,,
CE_EngineeringMathematics_069.png,CE/EngineeringMathematics/CE_EngineeringMathematics_069.png,CE,,EngineeringMathematics,69,MCQ,B,,
CE_EngineeringMathematics_070.png,CE/EngineeringMathematics/CE_EngineeringMathematics_070.png,CE,,EngineeringMathematics,70,MCQ,B,,
CE_EngineeringMathematics_071.png,CE/EngineeringMathematics/CE_EngineeringMathematics_071.png,CE,,EngineeringMathematics,71,MCQ,B,,
CE_EngineeringMathematics_072.png,CE/EngineeringMathematics/CE_EngineeringMathematics_072.png,CE,,EngineeringMathematics,72,MCQ,B,,
CE_EngineeringMathematics_073.png,CE/EngineeringMathematics/CE_EngineeringMathematics_073.png,CE,,EngineeringMathematics,73,MCQ,A,,
CE_EngineeringMathematics_074.png,CE/EngineeringMathematics/CE_EngineeringMathematics_074.png,CE,,EngineeringMathematics,74,MCQ,C,,
CE_EngineeringMathematics_075.png,CE/EngineeringMathematics/CE_EngineeringMathematics_075.png,CE,,EngineeringMathematics,75,MCQ,D,,
CE_EngineeringMathematics_076.png,CE/EngineeringMathematics/CE_EngineeringMathematics_076.png,CE,,EngineeringMathematics,76,MCQ,B,,
CE_EngineeringMathematics_077.png,CE/EngineeringMathematics/CE_EngineeringMathematics_077.png,CE,,EngineeringMathematics,77,MCQ,B,,
CE_EngineeringMathematics_078.png,CE/EngineeringMathematics/CE_EngineeringMathematics_078.png,CE,,EngineeringMathematics,78,MCQ,D,,
CE_EngineeringMathematics_079.png,CE/EngineeringMathematics/CE_EngineeringMathematics_079.png,CE,,EngineeringMathematics,79,MCQ,D,,
CE_EngineeringMathematics_080.png,CE/EngineeringMathematics/CE_EngineeringMathematics_080.png,CE,,EngineeringMathematics,80,MCQ,A,,
CE_EngineeringMathematics_081.png,CE/EngineeringMathematics/CE_EngineeringMathematics_081.png,CE,,EngineeringMathematics,81,MCQ,D,,
CE_EngineeringMathematics_082.png,CE/EngineeringMathematics/CE_EngineeringMathematics_082.png,CE,,EngineeringMathematics,82,MCQ,C,,
CE_EngineeringMathematics_083.png,CE/EngineeringMathematics/CE_EngineeringMathematics_083.png,CE,,EngineeringMathematics,83,MCQ,D,,
CE_EngineeringMathematics_084.png,CE/EngineeringMathematics/CE_EngineeringMathematics_084.png,CE,,EngineeringMathematics,84,MCQ,A,,
CE_EngineeringMathematics_085.png,CE/EngineeringMathematics/CE_EngineeringMathematics_085.png,CE,,EngineeringMathematics,85,MCQ,D,,
CE_CPM_001.png,CE/CPM/CE_CPM_001.png,CE,,CPM,1,MCQ,A,,
CE_CPM_002.png,CE/CPM/CE_CPM_002.png,CE,,CPM,2,MCQ,D,,
CE_CPM_003.png,CE/CPM/CE_CPM_003.png,CE,,CPM,3,MCQ,B,,
CE_CPM_004.png,CE/CPM/CE_CPM_004.png,CE,,CPM,4,MCQ,C,,
CE_CPM_005.png,CE/CPM/CE_CPM_005.png,CE,,CPM,5,MCQ,A,,
CE_CPM_006.png,CE/CPM/CE_CPM_006.png,CE,,CPM,6,MCQ,C,,
CE_CPM_007.png,CE/CPM/CE_CPM_007.png,CE,,CPM,7,MCQ,C,,
CE_CPM_008.png,CE/CPM/CE_CPM_008.png,CE,,CPM,8,MCQ,A,,
CE_CPM_009.png,CE/CPM/CE_CPM_009.png,CE,,CPM,9,MCQ,A,,
CE_CPM_010.png,CE/CPM/CE_CPM_010.png,CE,,CPM,10,MCQ,C,,
CE_CPM_011.png,CE/CPM/CE_CPM_011.png,CE,,CPM,11,MCQ,D,,
CE_CPM_012.png,CE/CPM/CE_CPM_012.png,CE,,CPM,12,MCQ,A,,
CE_CPM_013.png,CE/CPM/CE_CPM_013.png,CE,,CPM,13,MCQ,A,,
CE_CPM_014.png,CE/CPM/CE_CPM_014.png,CE,,CPM,14,MCQ,A,,
CE_CPM_015.png,CE/CPM/CE_CPM_015.png,CE,,CPM,15,MCQ,B,,
CE_CPM_016.png,CE/CPM/CE_CPM_016.png,CE,,CPM,16,MCQ,C,,
CE_CPM_017.png,CE/CPM/CE_CPM_017.png,CE,,CPM,17,MCQ,B,,
CE_CPM_018.png,CE/CPM/CE_CPM_018.png,CE,,CPM,18,MCQ,C,,
CE_CPM_019.png,CE/CPM/CE_CPM_019.png,CE,,CPM,19,MCQ,D,,
CE_CPM_020.png,CE/CPM/CE_CPM_020.png,CE,,CPM,20,MCQ,B,,
CE_CPM_021.png,CE/CPM/CE_CPM_021.png,CE,,CPM,21,MCQ,A,,
CE_CPM_022.png,CE/CPM/CE_CPM_022.png,CE,,CPM,22,MCQ,B,,
CE_CPM_023.png,CE/CPM/CE_CPM_023.png,CE,,CPM,23,MCQ,C,,
CE_CPM_024.png,CE/CPM/CE_CPM_024.png,CE,,CPM,24,MCQ,C,,
CE_CPM_025.png,CE/CPM/CE_CPM_025.png,CE,,CPM,25,MCQ,D,,
CE_CPM_026.png,CE/CPM/CE_CPM_026.png,CE,,CPM,26,MCQ,A,,
CE_CPM_027.png,CE/CPM/CE_CPM_027.png,CE,,CPM,27,MCQ,B,,
CE_CPM_028.png,CE/CPM/CE_CPM_028.png,CE,,CPM,28,MCQ,D,,
CE_CPM_029.png,CE/CPM/CE_CPM_029.png,CE,,CPM,29,MCQ,C,,
CE_CPM_030.png,CE/CPM/CE_CPM_030.png,CE,,CPM,30,MCQ,C,,
CE_CPM_031.png,CE/CPM/CE_CPM_031.png,CE,,CPM,31,MCQ,B,,
CE_CPM_032.png,CE/CPM/CE_CPM_032.png,CE,,CPM,32,MCQ,C,,
CE_CPM_033.png,CE/CPM/CE_CPM_033.png,CE,,CPM,33,MCQ,A,,
CE_CPM_034.png,CE/CPM/CE_CPM_034.png,CE,,CPM,34,MCQ,B,,
CE_CPM_035.png,CE/CPM/CE_CPM_035.png,CE,,CPM,35,MCQ,B,,
CE_CPM_036.png,CE/CPM/CE_CPM_036.png,CE,,CPM,36,MCQ,C,,
CE_CPM_037.png,CE/CPM/CE_CPM_037.png,CE,,CPM,37,MCQ,D,,
CE_CPM_038.png,CE/CPM/CE_CPM_038.png,CE,,CPM,38,MCQ,A,,
CE_CPM_039.png,CE/CPM/CE_CPM_039.png,CE,,CPM,39,MCQ,A,,
CE_CPM_040.png,CE/CPM/CE_CPM_040.png,CE,,CPM,40,MCQ,D,,
CE_CPM_041.png,CE/CPM/CE_CPM_041.png,CE,,CPM,41,MCQ,A,,
CE_CPM_042.png,CE/CPM/CE_CPM_042.png,CE,,CPM,42,MCQ,C,,
CE_CPM_043.png,CE/CPM/CE_CPM_043.png,CE,,CPM,43,MCQ,A,,
CE_CPM_044.png,CE/CPM/CE_CPM_044.png,CE,,CPM,44,MCQ,B,,
CE_CPM_045.png,CE/CPM/CE_CPM_045.png,CE,,CPM,45,MCQ,C,,
CE_CPM_046.png,CE/CPM/CE_CPM_046.png,CE,,CPM,46,MCQ,D,,
CE_CPM_047.png,CE/CPM/CE_CPM_047.png,CE,,CPM,47,MCQ,C,,
CE_CPM_048.png,CE/CPM/CE_CPM_048.png,CE,,CPM,48,MCQ,C,,
CE_CPM_049.png,CE/CPM/CE_CPM_049.png,CE,,CPM,49,MCQ,D,,
CE_CPM_050.png,CE/CPM/CE_CPM_050.png,CE,,CPM,50,MCQ,A,,
CE_CPM_051.png,CE/CPM/CE_CPM_051.png,CE,,CPM,51,MCQ,A,,
CE_CPM_052.png,CE/CPM/CE_CPM_052.png,CE,,CPM,52,MCQ,C,,
CE_CPM_053.png,CE/CPM/CE_CPM_053.png,CE,,CPM,53,MCQ,B,,
CE_CPM_054.png,CE/CPM/CE_CPM_054.png,CE,,CPM,54,MCQ,B,,
CE_CPM_055.png,CE/CPM/CE_CPM_055.png,CE,,CPM,55,MCQ,C,,
CE_CPM_056.png,CE/CPM/CE_CPM_056.png,CE,,CPM,56,MCQ,B,,
CE_CPM_057.png,CE/CPM/CE_CPM_057.png,CE,,CPM,57,MCQ,A,,
CE_CPM_058.png,CE/CPM/CE_CPM_058.png,CE,,CPM,58,MCQ,C,,
CE_CPM_059.png,CE/CPM/CE_CPM_059.png,CE,,CPM,59,MCQ,D,,
CE_CPM_060.png,CE/CPM/CE_CPM_060.png,CE,,CPM,60,MCQ,C,,
CE_CPM_061.png,CE/CPM/CE_CPM_061.png,CE,,CPM,61,MCQ,D,,
CE_CPM_062.png,CE/CPM/CE_CPM_062.png,CE,,CPM,62,MCQ,C,,
CE_CPM_063.png,CE/CPM/CE_CPM_063.png,CE,,CPM,63,MCQ,A,,
CE_CPM_064.png,CE/CPM/CE_CPM_064.png,CE,,CPM,64,MCQ,B,,
CE_CPM_065.png,CE/CPM/CE_CPM_065.png,CE,,CPM,65,MCQ,B,,
CE_CPM_066.png,CE/CPM/CE_CPM_066.png,CE,,CPM,66,MCQ,D,,
CE_CPM_067.png,CE/CPM/CE_CPM_067.png,CE,,CPM,67,MCQ,C,,
CE_CPM_068.png,CE/CPM/CE_CPM_068.png,CE,,CPM,68,MCQ,B,,
CE_CPM_069.png,CE/CPM/CE_CPM_069.png,CE,,CPM,69,MCQ,B,,
CE_CPM_070.png,CE/CPM/CE_CPM_070.png,CE,,CPM,70,MCQ,A,,
CE_CPM_071.png,CE/CPM/CE_CPM_071.png,CE,,CPM,71,MCQ,A,,
CE_CPM_072.png,CE/CPM/CE_CPM_072.png,CE,,CPM,72,MCQ,C,,
CE_CPM_073.png,CE/CPM/CE_CPM_073.png,CE,,CPM,73,MCQ,B,,
CE_CPM_074.png,CE/CPM/CE_CPM_074.png,CE,,CPM,74,MCQ,D,,
CE_CPM_075.png,CE/CPM/CE_CPM_075.png,CE,,CPM,75,MCQ,B,,
CE_CPM_076.png,CE/CPM/CE_CPM_076.png,CE,,CPM,76,MCQ,C,,
CE_CPM_077.png,CE/CPM/CE_CPM_077.png,CE,,CPM,77,MCQ,C,,
CE_CPM_078.png,CE/CPM/CE_CPM_078.png,CE,,CPM,78,MCQ,D,,
CE_CPM_079.png,CE/CPM/CE_CPM_079.png,CE,,CPM,79,MCQ,B,,
CE_CPM_080.png,CE/CPM/CE_CPM_080.png,CE,,CPM,80,MCQ,B,,
CE_CPM_081.png,CE/CPM/CE_CPM_081.png,CE,,CPM,81,MCQ,A,,
CE_CPM_082.png,CE/CPM/CE_CPM_082.png,CE,,CPM,82,MCQ,C,,
CE_CPM_083.png,CE/CPM/CE_CPM_083.png,CE,,CPM,83,MCQ,A,,
CE_CPM_084.png,CE/CPM/CE_CPM_084.png,CE,,CPM,84,MCQ,D,,
CE_CPM_085.png,CE/CPM/CE_CPM_085.png,CE,,CPM,85,MCQ,A,,
CE_CPM_086.png,CE/CPM/CE_CPM_086.png,CE,,CPM,86,MCQ,C,,
CE_CPM_087.png,CE/CPM/CE_CPM_087.png,CE,,CPM,87,MCQ,A,,
CE_CPM_088.png,CE/CPM/CE_CPM_088.png,CE,,CPM,88,MCQ,A,,
CE_CPM_089.png,CE/CPM/CE_CPM_089.png,CE,,CPM,89,MCQ,B,,
CE_CPM_090.png,CE/CPM/CE_CPM_090.png,CE,,CPM,90,MCQ,B,,
CE_CPM_091.png,CE/CPM/CE_CPM_091.png,CE,,CPM,91,MSQ,"B,D",,
CE_CPM_092.png,CE/CPM/CE_CPM_092.png,CE,,CPM,92,MCQ,D,,
CE_CPM_093.png,CE/CPM/CE_CPM_093.png,CE,,CPM,93,MCQ,A,,
CE_CPM_094.png,CE/CPM/CE_CPM_094.png,CE,,CPM,94,MCQ,D,,
CE_CPM_095.png,CE/CPM/CE_CPM_095.png,CE,,CPM,95,MCQ,B,,
CE_CPM_096.png,CE/CPM/CE_CPM_096.png,CE,,CPM,96,MCQ,B,,
CE_CPM_097.png,CE/CPM/CE_CPM_097.png,CE,,CPM,97,MCQ,C,,
CE_CPM_098.png,CE/CPM/CE_CPM_098.png,CE,,CPM,98,MCQ,C,,
CE_CPM_099.png,CE/CPM/CE_CPM_099.png,CE,,CPM,99,MCQ,C,,
CE_CPM_100.png,CE/CPM/CE_CPM_100.png,CE,,CPM,100,MCQ,A,,
CE_CPM_101.png,CE/CPM/CE_CPM_101.png,CE,,CPM,101,MCQ,D,,
CE_CPM_102.png,CE/CPM/CE_CPM_102.png,CE,,CPM,102,MCQ,A,,
CE_CPM_103.png,CE/CPM/CE_CPM_103.png,CE,,CPM,103,MCQ,B,,
CE_CPM_104.png,CE/CPM/CE_CPM_104.png,CE,,CPM,104,MCQ,A,,
CE_CPM_105.png,CE/CPM/CE_CPM_105.png,CE,,CPM,105,MCQ,C,,
CE_CPM_106.png,CE/CPM/CE_CPM_106.png,CE,,CPM,106,MCQ,B,,
CE_CPM_107.png,CE/CPM/CE_CPM_107.png,CE,,CPM,107,MCQ,C,,
CE_CPM_108.png,CE/CPM/CE_CPM_108.png,CE,,CPM,108,MCQ,A,,
CE_CPM_109.png,CE/CPM/CE_CPM_109.png,CE,,CPM,109,MCQ,A,,
CE_CPM_110.png,CE/CPM/CE_CPM_110.png,CE,,CPM,110,MCQ,A,,
CE_CPM_111.png,CE/CPM/CE_CPM_111.png,CE,,CPM,111,MCQ,A,,
CE_CPM_112.png,CE/CPM/CE_CPM_112.png,CE,,CPM,112,MCQ,A,,
CE_CPM_113.png,CE/CPM/CE_CPM_113.png,CE,,CPM,113,MCQ,C,,
CE_CPM_114.png,CE/CPM/CE_CPM_114.png,CE,,CPM,114,MCQ,B,,
CE_CPM_115.png,CE/CPM/CE_CPM_115.png,CE,,CPM,115,MCQ,A,,
CE_CPM_116.png,CE/CPM/CE_CPM_116.png,CE,,CPM,116,MCQ,C,,
CE_CPM_117.png,CE/CPM/CE_CPM_117.png,CE,,CPM,117,MCQ,C,,
CE_CPM_118.png,CE/CPM/CE_CPM_118.png,CE,,CPM,118,MCQ,A,,
CE_CPM_119.png,CE/CPM/CE_CPM_119.png,CE,,CPM,119,MCQ,D,,
CE_CPM_120.png,CE/CPM/CE_CPM_120.png,CE,,CPM,120,MCQ,B,,
CE_CPM_121.png,CE/CPM/CE_CPM_121.png,CE,,CPM,121,MCQ,A,,
CE_CPM_122.png,CE/CPM/CE_CPM_122.png,CE,,CPM,122,MCQ,B,,
CE_CPM_123.png,CE/CPM/CE_CPM_123.png,CE,,CPM,123,MCQ,D,,
CE_CPM_124.png,CE/CPM/CE_CPM_124.png,CE,,CPM,124,MCQ,C,,
CE_CPM_125.png,CE/CPM/CE_CPM_125.png,CE,,CPM,125,MCQ,B,,
CE_CPM_126.png,CE/CPM/CE_CPM_126.png,CE,,CPM,126,MCQ,A,,
CE_CPM_127.png,CE/CPM/CE_CPM_127.png,CE,,CPM,127,MCQ,A,,
CE_CPM_128.png,CE/CPM/CE_CPM_128.png,CE,,CPM,128,MCQ,A,,
CE_CPM_129.png,CE/CPM/CE_CPM_129.png,CE,,CPM,129,MCQ,A,,
CE_CPM_130.png,CE/CPM/CE_CPM_130.png,CE,,CPM,130,MSQ,"B,D",,
CE_WaterResourcesEngineering_001.png,CE/WaterResourcesEngineering/CE_WaterResourcesEngineering_001.png,CE,,WaterResourcesEngineering,1,MCQ,D,,
CE_WaterResourcesEngineering_002.png,CE/WaterResourcesEngineering/CE_WaterResourcesEngineering_002.png,CE,,WaterResourcesEngineering,2,MCQ,B,,
CE_WaterResourcesEngineering_003.png,CE/WaterResourcesEngineering/CE_WaterResourcesEngineering_003.png,CE,,WaterResourcesEngineering,3,MCQ,A,,
CE_WaterResourcesEngineering_004.png,CE/WaterResourcesEngineering/CE_WaterResourcesEngineering_004.png,CE,,WaterResourcesEngineering,4,MCQ,A,,
CE_WaterResourcesEngineering_005.png,CE/WaterResourcesEngineering/CE_WaterResourcesEngineering_005.png,CE,,WaterResourcesEngineering,5,MCQ,C,,
CE_WaterResourcesEngineering_006.png,CE/WaterResourcesEngineering/CE_WaterResourcesEngineering_006.png,CE,,WaterResourcesEngineering,6,MCQ,C,,
CE_WaterResourcesEngineering_007.png,CE/WaterResourcesEngineering/CE_WaterResourcesEngineering_007.png,CE,,WaterResourcesEngineering,7,MCQ,C,,
CE_WaterResourcesEngineering_008.png,CE/WaterResourcesEngineering/CE_WaterResourcesEngineering_008.png,CE,,WaterResourcesEngineering,8,MCQ,B,,
CE_WaterResourcesEngineering_009.png,CE/WaterResourcesEngineering/CE_WaterResourcesEngineering_009.png,CE,,WaterResourcesEngineering,9,MCQ,A,,
CE_WaterResourcesEngineering_010.png,CE/WaterResourcesEngineering/CE_WaterResourcesEngineering_010.png,CE,,WaterResourcesEngineering,10,MCQ,A,,
CE_WaterResourcesEngineering_011.png,CE/WaterResourcesEngineering/CE_WaterResourcesEngineering_011.png,CE,,WaterResourcesEngineering,11,MCQ,A,,
CE_WaterResourcesEngineering_012.png,CE/WaterResourcesEngineering/CE_WaterResourcesEngineering_012.png,CE,,WaterResourcesEngineering,12,MCQ,B,,
CE_WaterResourcesEngineering_013.png,CE/WaterResourcesEngineering/CE_WaterResourcesEngineering_013.png,CE,,WaterResourcesEngineering,13,MCQ,D,,
CE_WaterResourcesEngineering_014.png,CE/WaterResourcesEngineering/CE_WaterResourcesEngineering_014.png,CE,,WaterResourcesEngineering,14,MCQ,A,,
CE_WaterResourcesEngineering_015.png,CE/WaterResourcesEngineering/CE_WaterResourcesEngineering_015.png,CE,,WaterResourcesEngineering,15,MCQ,B,,
CE_WaterResourcesEngineering_016.png,CE/WaterResourcesEngineering/CE_WaterResourcesEngineering_016.png,CE,,WaterResourcesEngineering,16,MCQ,D,,
CE_WaterResourcesEngineering_017.png,CE/WaterResourcesEngineering/CE_WaterResourcesEngineering_017.png,CE,,WaterResourcesEngineering,17,MCQ,A,,
CE_WaterResourcesEngineering_018.png,CE/WaterResourcesEngineering/CE_WaterResourcesEngineering_018.png,CE,,WaterResourcesEngineering,18,MCQ,D,,
CE_WaterResourcesEngineering_019.png,CE/WaterResourcesEngineering/CE_WaterResourcesEngineering_019.png,CE,,WaterResourcesEngineering,19,MCQ,A,,
CE_WaterResourcesEngineering_020.png,CE/WaterResourcesEngineering/CE_WaterResourcesEngineering_020.png,CE,,WaterResourcesEngineering,20,MCQ,B,,
CE_WaterResourcesEngineering_021.png,CE/WaterResourcesEngineering/CE_WaterResourcesEngineering_021.png,CE,,WaterResourcesEngineering,21,MCQ,C,,
CE_WaterResourcesEngineering_022.png,CE/WaterResourcesEngineering/CE_WaterResourcesEngineering_022.png,CE,,WaterResourcesEngineering,22,MCQ,A,,
CE_WaterResourcesEngineering_023.png,CE/WaterResourcesEngineering/CE_WaterResourcesEngineering_023.png,CE,,WaterResourcesEngineering,23,MCQ,A,,
CE_WaterResourcesEngineering_024.png,CE/WaterResourcesEngineering/CE_WaterResourcesEngineering_024.png,CE,,WaterResourcesEngineering,24,MCQ,D,,
CE_WaterResourcesEngineering_025.png,CE/WaterResourcesEngineering/CE_WaterResourcesEngineering_025.png,CE,,WaterResourcesEngineering,25,MCQ,A,,
CE_WaterResourcesEngineering_026.png,CE/WaterResourcesEngineering/CE_WaterResourcesEngineering_026.png,CE,,WaterResourcesEngineering,26,MCQ,B,,
CE_WaterResourcesEngineering_027.png,CE/WaterResourcesEngineering/CE_WaterResourcesEngineering_027.png,CE,,WaterResourcesEngineering,27,MCQ,D,,
CE_WaterResourcesEngineering_028.png,CE/WaterResourcesEngineering/CE_WaterResourcesEngineering_028.png,CE,,WaterResourcesEngineering,28,MCQ,D,,
CE_WaterResourcesEngineering_029.png,CE/WaterResourcesEngineering/CE_WaterResourcesEngineering_029.png,CE,,WaterResourcesEngineering,29,MCQ,D,,
CE_WaterResourcesEngineering_030.png,CE/WaterResourcesEngineering/CE_WaterResourcesEngineering_030.png,CE,,WaterResourcesEngineering,30,MCQ,A,,
CE_WaterResourcesEngineering_031.png,CE/WaterResourcesEngineering/CE_WaterResourcesEngineering_031.png,CE,,WaterResourcesEngineering,31,MCQ,C,,
CE_WaterResourcesEngineering_032.png,CE/WaterResourcesEngineering/CE_WaterResourcesEngineering_032.png,CE,,WaterResourcesEngineering,32,MCQ,B,,
CE_WaterResourcesEngineering_033.png,CE/WaterResourcesEngineering/CE_WaterResourcesEngineering_033.png,CE,,WaterResourcesEngineering,33,MCQ,A,,
CE_WaterResourcesEngineering_034.png,CE/WaterResourcesEngineering/CE_WaterResourcesEngineering_034.png,CE,,WaterResourcesEngineering,34,MCQ,A,,
CE_WaterResourcesEngineering_035.png,CE/WaterResourcesEngineering/CE_WaterResourcesEngineering_035.png,CE,,WaterResourcesEngineering,35,MCQ,D,,
CE_WaterResourcesEngineering_036.png,CE/WaterResourcesEngineering/CE_WaterResourcesEngineering_036.png,CE,,WaterResourcesEngineering,36,MCQ,A,,
CE_WaterResourcesEngineering_037.png,CE/WaterResourcesEngineering/CE_WaterResourcesEngineering_037.png,CE,,WaterResourcesEngineering,37,MCQ,B,,
CE_WaterResourcesEngineering_038.png,CE/WaterResourcesEngineering/CE_WaterResourcesEngineering_038.png,CE,,WaterResourcesEngineering,38,MCQ,D,,
CE_WaterResourcesEngineering_039.png,CE/WaterResourcesEngineering/CE_WaterResourcesEngineering_039.png,CE,,WaterResourcesEngineering,39,MCQ,A,,
CE_WaterResourcesEngineering_040.png,CE/WaterResourcesEngineering/CE_WaterResourcesEngineering_040.png,CE,,WaterResourcesEngineering,40,MCQ,D,,
CE_WaterResourcesEngineering_041.png,CE/WaterResourcesEngineering/CE_WaterResourcesEngineering_041.png,CE,,WaterResourcesEngineering,41,MCQ,A,,
CE_WaterResourcesEngineering_042.png,CE/WaterResourcesEngineering/CE_WaterResourcesEngineering_042.png,CE,,WaterResourcesEngineering,42,MCQ,C,,
CE_WaterResourcesEngineering_043.png,CE/WaterResourcesEngineering/CE_WaterResourcesEngineering_043.png,CE,,WaterResourcesEngineering,43,MCQ,A,,
CE_WaterResourcesEngineering_044.png,CE/WaterResourcesEngineering/CE_WaterResourcesEngineering_044.png,CE,,WaterResourcesEngineering,44,MCQ,A,,
CE_WaterResourcesEngineering_045.png,CE/WaterResourcesEngineering/CE_WaterResourcesEngineering_045.png,CE,,WaterResourcesEngineering,45,MCQ,C,,
CE_WaterResourcesEngineering_046.png,CE/WaterResourcesEngineering/CE_WaterResourcesEngineering_046.png,CE,,WaterResourcesEngineering,46,MCQ,D,,
CE_WaterResourcesEngineering_047.png,CE/WaterResourcesEngineering/CE_WaterResourcesEngineering_047.png,CE,,WaterResourcesEngineering,47,MCQ,A,,
CE_WaterResourcesEngineering_048.png,CE/WaterResourcesEngineering/CE_WaterResourcesEngineering_048.png,CE,,WaterResourcesEngineering,48,MCQ,A,,
CE_WaterResourcesEngineering_049.png,CE/WaterResourcesEngineering/CE_WaterResourcesEngineering_049.png,CE,,WaterResourcesEngineering,49,MCQ,C,,
CE_WaterResourcesEngineering_050.png,CE/WaterResourcesEngineering/CE_WaterResourcesEngineering_050.png,CE,,WaterResourcesEngineering,50,MCQ,B,,
CE_WaterResourcesEngineering_051.png,CE/WaterResourcesEngineering/CE_WaterResourcesEngineering_051.png,CE,,WaterResourcesEngineering,51,MCQ,A,,
CE_WaterResourcesEngineering_052.png,CE/WaterResourcesEngineering/CE_WaterResourcesEngineering_052.png,CE,,WaterResourcesEngineering,52,MCQ,D,,
CE_WaterResourcesEngineering_053.png,CE/WaterResourcesEngineering/CE_WaterResourcesEngineering_053.png,CE,,WaterResourcesEngineering,53,MCQ,C,,
CE_WaterResourcesEngineering_054.png,CE/WaterResourcesEngineering/CE_WaterResourcesEngineering_054.png,CE,,WaterResourcesEngineering,54,MCQ,C,,
CE_WaterResourcesEngineering_055.png,CE/WaterResourcesEngineering/CE_WaterResourcesEngineering_055.png,CE,,WaterResourcesEngineering,55,MCQ,D,,
CE_WaterResourcesEngineering_056.png,CE/WaterResourcesEngineering/CE_WaterResourcesEngineering_056.png,CE,,WaterResourcesEngineering,56,MCQ,C,,
CE_WaterResourcesEngineering_057.png,CE/WaterResourcesEngineering/CE_WaterResourcesEngineering_057.png,CE,,WaterResourcesEngineering,57,MCQ,B,,
CE_WaterResourcesEngineering_058.png,CE/WaterResourcesEngineering/CE_WaterResourcesEngineering_058.png,CE,,WaterResourcesEngineering,58,MCQ,C,,
CE_WaterResourcesEngineering_059.png,CE/WaterResourcesEngineering/CE_WaterResourcesEngineering_059.png,CE,,WaterResourcesEngineering,59,MCQ,C,,
CE_WaterResourcesEngineering_060.png,CE/WaterResourcesEngineering/CE_WaterResourcesEngineering_060.png,CE,,WaterResourcesEngineering,60,MCQ,C,,
CE_WaterResourcesEngineering_061.png,CE/WaterResourcesEngineering/CE_WaterResourcesEngineering_061.png,CE,,WaterResourcesEngineering,61,MCQ,A,,
CE_WaterResourcesEngineering_062.png,CE/WaterResourcesEngineering/CE_WaterResourcesEngineering_062.png,CE,,WaterResourcesEngineering,62,MCQ,B,,
CE_WaterResourcesEngineering_063.png,CE/WaterResourcesEngineering/CE_WaterResourcesEngineering_063.png,CE,,WaterResourcesEngineering,63,MCQ,C,,
CE_WaterResourcesEngineering_064.png,CE/WaterResourcesEngineering/CE_WaterResourcesEngineering_064.png,CE,,WaterResourcesEngineering,64,MCQ,D,,
CE_WaterResourcesEngineering_065.png,CE/WaterResourcesEngineering/CE_WaterResourcesEngineering_065.png,CE,,WaterResourcesEngineering,65,MCQ,D,,
CE_WaterResourcesEngineering_066.png,CE/WaterResourcesEngineering/CE_WaterResourcesEngineering_066.png,CE,,WaterResourcesEngineering,66,MCQ,D,,
CE_WaterResourcesEngineering_067.png,CE/WaterResourcesEngineering/CE_WaterResourcesEngineering_067.png,CE,,WaterResourcesEngineering,67,MCQ,A,,
CE_WaterResourcesEngineering_068.png,CE/WaterResourcesEngineering/CE_WaterResourcesEngineering_068.png,CE,,WaterResourcesEngineering,68,MCQ,D,,
CE_WaterResourcesEngineering_069.png,CE/WaterResourcesEngineering/CE_WaterResourcesEngineering_069.png,CE,,WaterResourcesEngineering,69,MCQ,A,,
CE_WaterResourcesEngineering_070.png,CE/WaterResourcesEngineering/CE_WaterResourcesEngineering_070.png,CE,,WaterResourcesEngineering,70,MCQ,B,,
CE_WaterResourcesEngineering_071.png,CE/WaterResourcesEngineering/CE_WaterResourcesEngineering_071.png,CE,,WaterResourcesEngineering,71,MCQ,C,,
CE_WaterResourcesEngineering_072.png,CE/WaterResourcesEngineering/CE_WaterResourcesEngineering_072.png,CE,,WaterResourcesEngineering,72,MCQ,C,,
CE_WaterResourcesEngineering_073.png,CE/WaterResourcesEngineering/CE_WaterResourcesEngineering_073.png,CE,,WaterResourcesEngineering,73,MCQ,B,,
CE_WaterResourcesEngineering_074.png,CE/WaterResourcesEngineering/CE_WaterResourcesEngineering_074.png,CE,,WaterResourcesEngineering,74,MCQ,D,,
CE_WaterResourcesEngineering_075.png,CE/WaterResourcesEngineering/CE_WaterResourcesEngineering_075.png,CE,,WaterResourcesEngineering,75,MCQ,A,,
CE_WaterResourcesEngineering_076.png,CE/WaterResourcesEngineering/CE_WaterResourcesEngineering_076.png,CE,,WaterResourcesEngineering,76,MCQ,D,,
CE_WaterResourcesEngineering_077.png,CE/WaterResourcesEngineering/CE_WaterResourcesEngineering_077.png,CE,,WaterResourcesEngineering,77,MCQ,C,,
CE_WaterResourcesEngineering_078.png,CE/WaterResourcesEngineering/CE_WaterResourcesEngineering_078.png,CE,,WaterResourcesEngineering,78,MCQ,B,,
CE_WaterResourcesEngineering_079.png,CE/WaterResourcesEngineering/CE_WaterResourcesEngineering_079.png,CE,,WaterResourcesEngineering,79,MCQ,A,,
CE_WaterResourcesEngineering_080.png,CE/WaterResourcesEngineering/CE_WaterResourcesEngineering_080.png,CE,,WaterResourcesEngineering,80,MCQ,C,,
CE_WaterResourcesEngineering_081.png,CE/WaterResourcesEngineering/CE_WaterResourcesEngineering_081.png,CE,,WaterResourcesEngineering,81,MCQ,B,,
CE_WaterResourcesEngineering_082.png,CE/WaterResourcesEngineering/CE_WaterResourcesEngineering_082.png,CE,,WaterResourcesEngineering,82,MCQ,B,,
CE_WaterResourcesEngineering_083.png,CE/WaterResourcesEngineering/CE_WaterResourcesEngineering_083.png,CE,,WaterResourcesEngineering,83,MCQ,B,,
CE_WaterResourcesEngineering_084.png,CE/WaterResourcesEngineering/CE_WaterResourcesEngineering_084.png,CE,,WaterResourcesEngineering,84,MCQ,C,,
CE_WaterResourcesEngineering_085.png,CE/WaterResourcesEngineering/CE_WaterResourcesEngineering_085.png,CE,,WaterResourcesEngineering,85,MCQ,D,,
CE_WaterResourcesEngineering_086.png,CE/WaterResourcesEngineering/CE_WaterResourcesEngineering_086.png,CE,,WaterResourcesEngineering,86,MCQ,C,,
CE_WaterResourcesEngineering_087.png,CE/WaterResourcesEngineering/CE_WaterResourcesEngineering_087.png,CE,,WaterResourcesEngineering,87,MCQ,D,,
CE_WaterResourcesEngineering_088.png,CE/WaterResourcesEngineering/CE_WaterResourcesEngineering_088.png,CE,,WaterResourcesEngineering,88,MCQ,C,,
CE_WaterResourcesEngineering_089.png,CE/WaterResourcesEngineering/CE_WaterResourcesEngineering_089.png,CE,,WaterResourcesEngineering,89,MCQ,B,,
CE_WaterResourcesEngineering_090.png,CE/WaterResourcesEngineering/CE_WaterResourcesEngineering_090.png,CE,,WaterResourcesEngineering,90,MCQ,D,,
CE_WaterResourcesEngineering_091.png,CE/WaterResourcesEngineering/CE_WaterResourcesEngineering_091.png,CE,,WaterResourcesEngineering,91,MCQ,A,,
CE_WaterResourcesEngineering_092.png,CE/WaterResourcesEngineering/CE_WaterResourcesEngineering_092.png,CE,,WaterResourcesEngineering,92,MCQ,A,,
CE_WaterResourcesEngineering_093.png,CE/WaterResourcesEngineering/CE_WaterResourcesEngineering_093.png,CE,,WaterResourcesEngineering,93,MCQ,A,,
CE_WaterResourcesEngineering_094.png,CE/WaterResourcesEngineering/CE_WaterResourcesEngineering_094.png,CE,,WaterResourcesEngineering,94,MCQ,B,,
CE_WaterResourcesEngineering_095.png,CE/WaterResourcesEngineering/CE_WaterResourcesEngineering_095.png,CE,,WaterResourcesEngineering,95,MCQ,D,,
CE_WaterResourcesEngineering_096.png,CE/WaterResourcesEngineering/CE_WaterResourcesEngineering_096.png,CE,,WaterResourcesEngineering,96,MCQ,B,,
CE_WaterResourcesEngineering_097.png,CE/WaterResourcesEngineering/CE_WaterResourcesEngineering_097.png,CE,,WaterResourcesEngineering,97,MCQ,A,,
CE_WaterResourcesEngineering_098.png,CE/WaterResourcesEngineering/CE_WaterResourcesEngineering_098.png,CE,,WaterResourcesEngineering,98,MCQ,D,,
CE_WaterResourcesEngineering_099.png,CE/WaterResourcesEngineering/CE_WaterResourcesEngineering_099.png,CE,,WaterResourcesEngineering,99,MCQ,A,,
CE_WaterResourcesEngineering_100.png,CE/WaterResourcesEngineering/CE_WaterResourcesEngineering_100.png,CE,,WaterResourcesEngineering,100,MCQ,B,,
CE_WaterResourcesEngineering_101.png,CE/WaterResourcesEngineering/CE_WaterResourcesEngineering_101.png,CE,,WaterResourcesEngineering,101,MCQ,B,,
CE_WaterResourcesEngineering_102.png,CE/WaterResourcesEngineering/CE_WaterResourcesEngineering_102.png,CE,,WaterResourcesEngineering,102,MCQ,D,,
CE_WaterResourcesEngineering_103.png,CE/WaterResourcesEngineering/CE_WaterResourcesEngineering_103.png,CE,,WaterResourcesEngineering,103,MCQ,D,,
CE_WaterResourcesEngineering_104.png,CE/WaterResourcesEngineering/CE_WaterResourcesEngineering_104.png,CE,,WaterResourcesEngineering,104,MCQ,A,,
CE_WaterResourcesEngineering_105.png,CE/WaterResourcesEngineering/CE_WaterResourcesEngineering_105.png,CE,,WaterResourcesEngineering,105,MCQ,A,,
CE_WaterResourcesEngineering_106.png,CE/WaterResourcesEngineering/CE_WaterResourcesEngineering_106.png,CE,,WaterResourcesEngineering,106,MCQ,D,,
CE_WaterResourcesEngineering_107.png,CE/WaterResourcesEngineering/CE_WaterResourcesEngineering_107.png,CE,,WaterResourcesEngineering,107,MCQ,A,,
CE_WaterResourcesEngineering_108.png,CE/WaterResourcesEngineering/CE_WaterResourcesEngineering_108.png,CE,,WaterResourcesEngineering,108,MCQ,A,,
CE_WaterResourcesEngineering_109.png,CE/WaterResourcesEngineering/CE_WaterResourcesEngineering_109.png,CE,,WaterResourcesEngineering,109,MCQ,A,,
CE_WaterResourcesEngineering_110.png,CE/WaterResourcesEngineering/CE_WaterResourcesEngineering_110.png,CE,,WaterResourcesEngineering,110,MCQ,A,,
CE_WaterResourcesEngineering_111.png,CE/WaterResourcesEngineering/CE_WaterResourcesEngineering_111.png,CE,,WaterResourcesEngineering,111,MCQ,B,,
CE_WaterResourcesEngineering_112.png,CE/WaterResourcesEngineering/CE_WaterResourcesEngineering_112.png,CE,,WaterResourcesEngineering,112,MCQ,A,,
CE_WaterResourcesEngineering_113.png,CE/WaterResourcesEngineering/CE_WaterResourcesEngineering_113.png,CE,,WaterResourcesEngineering,113,MCQ,A,,
CE_WaterResourcesEngineering_114.png,CE/WaterResourcesEngineering/CE_WaterResourcesEngineering_114.png,CE,,WaterResourcesEngineering,114,MCQ,C,,
CE_WaterResourcesEngineering_115.png,CE/WaterResourcesEngineering/CE_WaterResourcesEngineering_115.png,CE,,WaterResourcesEngineering,115,MCQ,A,,
CE_WaterResourcesEngineering_116.png,CE/WaterResourcesEngineering/CE_WaterResourcesEngineering_116.png,CE,,WaterResourcesEngineering,116,MCQ,B,,
CE_WaterResourcesEngineering_117.png,CE/WaterResourcesEngineering/CE_WaterResourcesEngineering_117.png,CE,,WaterResourcesEngineering,117,MCQ,A,,
CE_WaterResourcesEngineering_118.png,CE/WaterResourcesEngineering/CE_WaterResourcesEngineering_118.png,CE,,WaterResourcesEngineering,118,MCQ,A,,
CE_WaterResourcesEngineering_119.png,CE/WaterResourcesEngineering/CE_WaterResourcesEngineering_119.png,CE,,WaterResourcesEngineering,119,MCQ,A,,
CE_WaterResourcesEngineering_120.png,CE/WaterResourcesEngineering/CE_WaterResourcesEngineering_120.png,CE,,WaterResourcesEngineering,120,MCQ,A,,
CE_WaterResourcesEngineering_121.png,CE/WaterResourcesEngineering/CE_WaterResourcesEngineering_121.png,CE,,WaterResourcesEngineering,121,MCQ,A,,
CE_WaterResourcesEngineering_122.png,CE/WaterResourcesEngineering/CE_WaterResourcesEngineering_122.png,CE,,WaterResourcesEngineering,122,MCQ,B,,
CE_WaterResourcesEngineering_123.png,CE/WaterResourcesEngineering/CE_WaterResourcesEngineering_123.png,CE,,WaterResourcesEngineering,123,MCQ,D,,
CE_WaterResourcesEngineering_124.png,CE/WaterResourcesEngineering/CE_WaterResourcesEngineering_124.png,CE,,WaterResourcesEngineering,124,MCQ,A,,
CE_WaterResourcesEngineering_125.png,CE/WaterResourcesEngineering/CE_WaterResourcesEngineering_125.png,CE,,WaterResourcesEngineering,125,MCQ,A,,
CE_WaterResourcesEngineering_126.png,CE/WaterResourcesEngineering/CE_WaterResourcesEngineering_126.png,CE,,WaterResourcesEngineering,126,MCQ,A,,
CE_WaterResourcesEngineering_127.png,CE/WaterResourcesEngineering/CE_WaterResourcesEngineering_127.png,CE,,WaterResourcesEngineering,127,MCQ,B,,
CE_WaterResourcesEngineering_128.png,CE/WaterResourcesEngineering/CE_WaterResourcesEngineering_128.png,CE,,WaterResourcesEngineering,128,MCQ,B,,
CE_WaterResourcesEngineering_129.png,CE/WaterResourcesEngineering/CE_WaterResourcesEngineering_129.png,CE,,WaterResourcesEngineering,129,MCQ,A,,
CE_WaterResourcesEngineering_130.png,CE/WaterResourcesEngineering/CE_WaterResourcesEngineering_130.png,CE,,WaterResourcesEngineering,130,MCQ,D,,
CE_WaterResourcesEngineering_131.png,CE/WaterResourcesEngineering/CE_WaterResourcesEngineering_131.png,CE,,WaterResourcesEngineering,131,MCQ,D,,
CE_WaterResourcesEngineering_132.png,CE/WaterResourcesEngineering/CE_WaterResourcesEngineering_132.png,CE,,WaterResourcesEngineering,132,MCQ,B,,
CE_WaterResourcesEngineering_133.png,CE/WaterResourcesEngineering/CE_WaterResourcesEngineering_133.png,CE,,WaterResourcesEngineering,133,MCQ,A,,
CE_WaterResourcesEngineering_134.png,CE/WaterResourcesEngineering/CE_WaterResourcesEngineering_134.png,CE,,WaterResourcesEngineering,134,MCQ,B,,
CE_WaterResourcesEngineering_135.png,CE/WaterResourcesEngineering/CE_WaterResourcesEngineering_135.png,CE,,WaterResourcesEngineering,135,MCQ,C,,
CE_WaterResourcesEngineering_136.png,CE/WaterResourcesEngineering/CE_WaterResourcesEngineering_136.png,CE,,WaterResourcesEngineering,136,MCQ,C,,
CE_WaterResourcesEngineering_137.png,CE/WaterResourcesEngineering/CE_WaterResourcesEngineering_137.png,CE,,WaterResourcesEngineering,137,MCQ,B,,
CE_WaterResourcesEngineering_138.png,CE/WaterResourcesEngineering/CE_WaterResourcesEngineering_138.png,CE,,WaterResourcesEngineering,138,MCQ,C,,
CE_WaterResourcesEngineering_139.png,CE/WaterResourcesEngineering/CE_WaterResourcesEngineering_139.png,CE,,WaterResourcesEngineering,139,MCQ,C,,
CE_WaterResourcesEngineering_140.png,CE/WaterResourcesEngineering/CE_WaterResourcesEngineering_140.png,CE,,WaterResourcesEngineering,140,MCQ,B,,
CE_WaterResourcesEngineering_141.png,CE/WaterResourcesEngineering/CE_WaterResourcesEngineering_141.png,CE,,WaterResourcesEngineering,141,MCQ,C,,
CE_WaterResourcesEngineering_142.png,CE/WaterResourcesEngineering/CE_WaterResourcesEngineering_142.png,CE,,WaterResourcesEngineering,142,MCQ,A,,
CE_WaterResourcesEngineering_143.png,CE/WaterResourcesEngineering/CE_WaterResourcesEngineering_143.png,CE,,WaterResourcesEngineering,143,MCQ,A,,
CE_WaterResourcesEngineering_144.png,CE/WaterResourcesEngineering/CE_WaterResourcesEngineering_144.png,CE,,WaterResourcesEngineering,144,MCQ,D,,
CE_WaterResourcesEngineering_145.png,CE/WaterResourcesEngineering/CE_WaterResourcesEngineering_145.png,CE,,WaterResourcesEngineering,145,MCQ,B,,
CE_WaterResourcesEngineering_146.png,CE/WaterResourcesEngineering/CE_WaterResourcesEngineering_146.png,CE,,WaterResourcesEngineering,146,MCQ,A,,
CE_WaterResourcesEngineering_147.png,CE/WaterResourcesEngineering/CE_WaterResourcesEngineering_147.png,CE,,WaterResourcesEngineering,147,MCQ,A,,
CE_WaterResourcesEngineering_148.png,CE/WaterResourcesEngineering/CE_WaterResourcesEngineering_148.png,CE,,WaterResourcesEngineering,148,MCQ,C,,
CE_WaterResourcesEngineering_149.png,CE/WaterResourcesEngineering/CE_WaterResourcesEngineering_149.png,CE,,WaterResourcesEngineering,149,MCQ,A,,
CE_WaterResourcesEngineering_150.png,CE/WaterResourcesEngineering/CE_WaterResourcesEngineering_150.png,CE,,WaterResourcesEngineering,150,MCQ,C,,
CE_WaterResourcesEngineering_151.png,CE/WaterResourcesEngineering/CE_WaterResourcesEngineering_151.png,CE,,WaterResourcesEngineering,151,MCQ,C,,
CE_WaterResourcesEngineering_152.png,CE/WaterResourcesEngineering/CE_WaterResourcesEngineering_152.png,CE,,WaterResourcesEngineering,152,MCQ,C,,
CE_WaterResourcesEngineering_153.png,CE/WaterResourcesEngineering/CE_WaterResourcesEngineering_153.png,CE,,WaterResourcesEngineering,153,MCQ,D,,
CE_WaterResourcesEngineering_154.png,CE/WaterResourcesEngineering/CE_WaterResourcesEngineering_154.png,CE,,WaterResourcesEngineering,154,MCQ,C,,
CE_WaterResourcesEngineering_155.png,CE/WaterResourcesEngineering/CE_WaterResourcesEngineering_155.png,CE,,WaterResourcesEngineering,155,MCQ,B,,
CE_WaterResourcesEngineering_156.png,CE/WaterResourcesEngineering/CE_WaterResourcesEngineering_156.png,CE,,WaterResourcesEngineering,156,MCQ,B,,
CE_WaterResourcesEngineering_157.png,CE/WaterResourcesEngineering/CE_WaterResourcesEngineering_157.png,CE,,WaterResourcesEngineering,157,MCQ,B,,
CE_WaterResourcesEngineering_158.png,CE/WaterResourcesEngineering/CE_WaterResourcesEngineering_158.png,CE,,WaterResourcesEngineering,158,MCQ,A,,
CE_WaterResourcesEngineering_159.png,CE/WaterResourcesEngineering/CE_WaterResourcesEngineering_159.png,CE,,WaterResourcesEngineering,159,MCQ,A,,
CE_WaterResourcesEngineering_160.png,CE/WaterResourcesEngineering/CE_WaterResourcesEngineering_160.png,CE,,WaterResourcesEngineering,160,MCQ,MTA,,
CE_WaterResourcesEngineering_161.png,CE/WaterResourcesEngineering/CE_WaterResourcesEngineering_161.png,CE,,WaterResourcesEngineering,161,MSQ,"A,B",,
CE_WaterResourcesEngineering_162.png,CE/WaterResourcesEngineering/CE_WaterResourcesEngineering_162.png,CE,,WaterResourcesEngineering,162,MCQ,C,,
CE_WaterResourcesEngineering_163.png,CE/WaterResourcesEngineering/CE_WaterResourcesEngineering_163.png,CE,,WaterResourcesEngineering,163,MCQ,B,,
CE_WaterResourcesEngineering_164.png,CE/WaterResourcesEngineering/CE_WaterResourcesEngineering_164.png,CE,,WaterResourcesEngineering,164,MCQ,A,,
CE_WaterResourcesEngineering_165.png,CE/WaterResourcesEngineering/CE_WaterResourcesEngineering_165.png,CE,,WaterResourcesEngineering,165,MCQ,C,,
CE_WaterResourcesEngineering_166.png,CE/WaterResourcesEngineering/CE_WaterResourcesEngineering_166.png,CE,,WaterResourcesEngineering,166,MCQ,A,,
CE_WaterResourcesEngineering_167.png,CE/WaterResourcesEngineering/CE_WaterResourcesEngineering_167.png,CE,,WaterResourcesEngineering,167,MCQ,C,,
CE_WaterResourcesEngineering_168.png,CE/WaterResourcesEngineering/CE_WaterResourcesEngineering_168.png,CE,,WaterResourcesEngineering,168,MCQ,A,,
CE_WaterResourcesEngineering_169.png,CE/WaterResourcesEngineering/CE_WaterResourcesEngineering_169.png,CE,,WaterResourcesEngineering,169,MCQ,A,,
CE_WaterResourcesEngineering_170.png,CE/WaterResourcesEngineering/CE_WaterResourcesEngineering_170.png,CE,,WaterResourcesEngineering,170,MCQ,MTA,,
CE_WaterResourcesEngineering_171.png,CE/WaterResourcesEngineering/CE_WaterResourcesEngineering_171.png,CE,,WaterResourcesEngineering,171,MCQ,C,,
CE_WaterResourcesEngineering_172.png,CE/WaterResourcesEngineering/CE_WaterResourcesEngineering_172.png,CE,,WaterResourcesEngineering,172,MCQ,C,,
CE_WaterResourcesEngineering_173.png,CE/WaterResourcesEngineering/CE_WaterResourcesEngineering_173.png,CE,,WaterResourcesEngineering,173,MCQ,C,,
CE_WaterResourcesEngineering_174.png,CE/WaterResourcesEngineering/CE_WaterResourcesEngineering_174.png,CE,,WaterResourcesEngineering,174,MCQ,A,,
CE_WaterResourcesEngineering_175.png,CE/WaterResourcesEngineering/CE_WaterResourcesEngineering_175.png,CE,,WaterResourcesEngineering,175,MCQ,D,,
CE_WaterResourcesEngineering_176.png,CE/WaterResourcesEngineering/CE_WaterResourcesEngineering_176.png,CE,,WaterResourcesEngineering,176,MCQ,B,,
CE_WaterResourcesEngineering_177.png,CE/WaterResourcesEngineering/CE_WaterResourcesEngineering_177.png,CE,,WaterResourcesEngineering,177,MCQ,A,,
CE_WaterResourcesEngineering_178.png,CE/WaterResourcesEngineering/CE_WaterResourcesEngineering_178.png,CE,,WaterResourcesEngineering,178,MCQ,D,,
CE_WaterResourcesEngineering_179.png,CE/WaterResourcesEngineering/CE_WaterResourcesEngineering_179.png,CE,,WaterResourcesEngineering,179,MCQ,A,,
CE_WaterResourcesEngineering_180.png,CE/WaterResourcesEngineering/CE_WaterResourcesEngineering_180.png,CE,,WaterResourcesEngineering,180,MCQ,A,,
CE_WaterResourcesEngineering_181.png,CE/WaterResourcesEngineering/CE_WaterResourcesEngineering_181.png,CE,,WaterResourcesEngineering,181,MSQ,"A,B,C",,
CE_WaterResourcesEngineering_182.png,CE/WaterResourcesEngineering/CE_WaterResourcesEngineering_182.png,CE,,WaterResourcesEngineering,182,MCQ,B,,
CE_WaterResourcesEngineering_183.png,CE/WaterResourcesEngineering/CE_WaterResourcesEngineering_183.png,CE,,WaterResourcesEngineering,183,MCQ,A,,
CE_WaterResourcesEngineering_184.png,CE/WaterResourcesEngineering/CE_WaterResourcesEngineering_184.png,CE,,WaterResourcesEngineering,184,MSQ,"B,D",,
CE_WaterResourcesEngineering_185.png,CE/WaterResourcesEngineering/CE_WaterResourcesEngineering_185.png,CE,,WaterResourcesEngineering,185,MCQ,B,,
CE_WaterResourcesEngineering_186.png,CE/WaterResourcesEngineering/CE_WaterResourcesEngineering_186.png,CE,,WaterResourcesEngineering,186,MCQ,A,,
CE_WaterResourcesEngineering_187.png,CE/WaterResourcesEngineering/CE_WaterResourcesEngineering_187.png,CE,,WaterResourcesEngineering,187,MCQ,D,,
CE_WaterResourcesEngineering_188.png,CE/WaterResourcesEngineering/CE_WaterResourcesEngineering_188.png,CE,,WaterResourcesEngineering,188,MCQ,C,,
CE_WaterResourcesEngineering_189.png,CE/WaterResourcesEngineering/CE_WaterResourcesEngineering_189.png,CE,,WaterResourcesEngineering,189,MCQ,B,,
CE_WaterResourcesEngineering_190.png,CE/WaterResourcesEngineering/CE_WaterResourcesEngineering_190.png,CE,,WaterResourcesEngineering,190,MCQ,C,,
CE_WaterResourcesEngineering_191.png,CE/WaterResourcesEngineering/CE_WaterResourcesEngineering_191.png,CE,,WaterResourcesEngineering,191,MCQ,C,,
CE_WaterResourcesEngineering_192.png,CE/WaterResourcesEngineering/CE_WaterResourcesEngineering_192.png,CE,,WaterResourcesEngineering,192,MCQ,B,,
CE_WaterResourcesEngineering_193.png,CE/WaterResourcesEngineering/CE_WaterResourcesEngineering_193.png,CE,,WaterResourcesEngineering,193,MCQ,C,,
CE_WaterResourcesEngineering_194.png,CE/WaterResourcesEngineering/CE_WaterResourcesEngineering_194.png,CE,,WaterResourcesEngineering,194,MCQ,C,,
CE_WaterResourcesEngineering_195.png,CE/WaterResourcesEngineering/CE_WaterResourcesEngineering_195.png,CE,,WaterResourcesEngineering,195,MCQ,B,,
CE_Surveying_001.png,CE/Surveying/CE_Surveying_001.png,CE,,Surveying,1,MCQ,B,,
CE_Surveying_002.png,CE/Surveying/CE_Surveying_002.png,CE,,Surveying,2,MCQ,A,,
CE_Surveying_003.png,CE/Surveying/CE_Surveying_003.png,CE,,Surveying,3,MCQ,A,,
CE_Surveying_004.png,CE/Surveying/CE_Surveying_004.png,CE,,Surveying,4,MCQ,A,,
CE_Surveying_005.png,CE/Surveying/CE_Surveying_005.png,CE,,Surveying,5,MCQ,C,,
CE_Surveying_006.png,CE/Surveying/CE_Surveying_006.png,CE,,Surveying,6,MCQ,B,,
CE_Surveying_007.png,CE/Surveying/CE_Surveying_007.png,CE,,Surveying,7,MCQ,D,,
CE_Surveying_008.png,CE/Surveying/CE_Surveying_008.png,CE,,Surveying,8,MCQ,D,,
CE_Surveying_009.png,CE/Surveying/CE_Surveying_009.png,CE,,Surveying,9,MCQ,A,,
CE_Surveying_010.png,CE/Surveying/CE_Surveying_010.png,CE,,Surveying,10,MCQ,D,,
CE_Surveying_011.png,CE/Surveying/CE_Surveying_011.png,CE,,Surveying,11,MCQ,C,,
CE_Surveying_012.png,CE/Surveying/CE_Surveying_012.png,CE,,Surveying,12,MCQ,A,,
CE_Surveying_013.png,CE/Surveying/CE_Surveying_013.png,CE,,Surveying,13,MCQ,B,,
CE_Surveying_014.png,CE/Surveying/CE_Surveying_014.png,CE,,Surveying,14,MCQ,A,,
CE_Surveying_015.png,CE/Surveying/CE_Surveying_015.png,CE,,Surveying,15,MCQ,C,,
CE_Surveying_016.png,CE/Surveying/CE_Surveying_016.png,CE,,Surveying,16,MCQ,A,,
CE_Surveying_017.png,CE/Surveying/CE_Surveying_017.png,CE,,Surveying,17,MCQ,B,,
CE_Surveying_018.png,CE/Surveying/CE_Surveying_018.png,CE,,Surveying,18,MCQ,B,,
CE_Surveying_019.png,CE/Surveying/CE_Surveying_019.png,CE,,Surveying,19,MCQ,C,,
CE_Surveying_020.png,CE/Surveying/CE_Surveying_020.png,CE,,Surveying,20,MCQ,A,,
CE_Surveying_021.png,CE/Surveying/CE_Surveying_021.png,CE,,Surveying,21,MCQ,D,,
CE_Surveying_022.png,CE/Surveying/CE_Surveying_022.png,CE,,Surveying,22,MCQ,C,,
CE_Surveying_023.png,CE/Surveying/CE_Surveying_023.png,CE,,Surveying,23,MCQ,B,,
CE_Surveying_024.png,CE/Surveying/CE_Surveying_024.png,CE,,Surveying,24,MCQ,D,,
CE_Surveying_025.png,CE/Surveying/CE_Surveying_025.png,CE,,Surveying,25,MCQ,A,,
CE_Surveying_026.png,CE/Surveying/CE_Surveying_026.png,CE,,Surveying,26,MCQ,D,,
CE_Surveying_027.png,CE/Surveying/CE_Surveying_027.png,CE,,Surveying,27,MCQ,C,,
CE_Surveying_028.png,CE/Surveying/CE_Surveying_028.png,CE,,Surveying,28,MCQ,A,,
CE_Surveying_029.png,CE/Surveying/CE_Surveying_029.png,CE,,Surveying,29,MCQ,A,,
CE_Surveying_030.png,CE/Surveying/CE_Surveying_030.png,CE,,Surveying,30,MCQ,B,,
CE_Surveying_031.png,CE/Surveying/CE_Surveying_031.png,CE,,Surveying,31,MCQ,B,,
CE_Surveying_032.png,CE/Surveying/CE_Surveying_032.png,CE,,Surveying,32,MCQ,D,,
CE_Surveying_033.png,CE/Surveying/CE_Surveying_033.png,CE,,Surveying,33,MCQ,B,,
CE_Surveying_034.png,CE/Surveying/CE_Surveying_034.png,CE,,Surveying,34,MCQ,D,,
CE_Surveying_035.png,CE/Surveying/CE_Surveying_035.png,CE,,Surveying,35,MCQ,B,,
CE_Surveying_036.png,CE/Surveying/CE_Surveying_036.png,CE,,Surveying,36,MCQ,C,,
CE_Surveying_037.png,CE/Surveying/CE_Surveying_037.png,CE,,Surveying,37,MCQ,B,,
CE_Surveying_038.png,CE/Surveying/CE_Surveying_038.png,CE,,Surveying,38,MCQ,B,,
CE_Surveying_039.png,CE/Surveying/CE_Surveying_039.png,CE,,Surveying,39,MCQ,A,,
CE_Surveying_040.png,CE/Surveying/CE_Surveying_040.png,CE,,Surveying,40,MCQ,C,,
CE_Surveying_041.png,CE/Surveying/CE_Surveying_041.png,CE,,Surveying,41,MCQ,B,,
CE_Surveying_042.png,CE/Surveying/CE_Surveying_042.png,CE,,Surveying,42,MCQ,B,,
CE_Surveying_043.png,CE/Surveying/CE_Surveying_043.png,CE,,Surveying,43,MCQ,C,,
CE_Surveying_044.png,CE/Surveying/CE_Surveying_044.png,CE,,Surveying,44,MCQ,D,,
CE_Surveying_045.png,CE/Surveying/CE_Surveying_045.png,CE,,Surveying,45,MCQ,B,,
CE_Surveying_046.png,CE/Surveying/CE_Surveying_046.png,CE,,Surveying,46,MCQ,B,,
CE_Surveying_047.png,CE/Surveying/CE_Surveying_047.png,CE,,Surveying,47,MCQ,C,,
CE_Surveying_048.png,CE/Surveying/CE_Surveying_048.png,CE,,Surveying,48,MCQ,C,,
CE_Surveying_049.png,CE/Surveying/CE_Surveying_049.png,CE,,Surveying,49,MCQ,B,,
CE_Surveying_050.png,CE/Surveying/CE_Surveying_050.png,CE,,Surveying,50,MCQ,D,,
CE_Surveying_051.png,CE/Surveying/CE_Surveying_051.png,CE,,Surveying,51,MCQ,B,,
CE_Surveying_052.png,CE/Surveying/CE_Surveying_052.png,CE,,Surveying,52,MCQ,C,,
CE_Surveying_053.png,CE/Surveying/CE_Surveying_053.png,CE,,Surveying,53,MCQ,MTA,,
CE_Surveying_054.png,CE/Surveying/CE_Surveying_054.png,CE,,Surveying,54,MCQ,A,,
CE_Surveying_055.png,CE/Surveying/CE_Surveying_055.png,CE,,Surveying,55,MCQ,A,,
CE_Surveying_056.png,CE/Surveying/CE_Surveying_056.png,CE,,Surveying,56,MCQ,B,,
CE_Surveying_057.png,CE/Surveying/CE_Surveying_057.png,CE,,Surveying,57,MCQ,D,,
CE_Surveying_058.png,CE/Surveying/CE_Surveying_058.png,CE,,Surveying,58,MCQ,C,,
CE_Surveying_059.png,CE/Surveying/CE_Surveying_059.png,CE,,Surveying,59,MCQ,D,,
CE_Surveying_060.png,CE/Surveying/CE_Surveying_060.png,CE,,Surveying,60,MSQ,"A,B,D",,
CE_Surveying_061.png,CE/Surveying/CE_Surveying_061.png,CE,,Surveying,61,MCQ,A,,
CE_Surveying_062.png,CE/Surveying/CE_Surveying_062.png,CE,,Surveying,62,MCQ,A,,
CE_Surveying_063.png,CE/Surveying/CE_Surveying_063.png,CE,,Surveying,63,MCQ,A,,
CE_Surveying_064.png,CE/Surveying/CE_Surveying_064.png,CE,,Surveying,64,MCQ,A,,
CE_Surveying_065.png,CE/Surveying/CE_Surveying_065.png,CE,,Surveying,65,MCQ,A,,
CE_Surveying_066.png,CE/Surveying/CE_Surveying_066.png,CE,,Surveying,66,MCQ,B,,
CE_Surveying_067.png,CE/Surveying/CE_Surveying_067.png,CE,,Surveying,67,MCQ,A,,
CE_Surveying_068.png,CE/Surveying/CE_Surveying_068.png,CE,,Surveying,68,MCQ,A,,
CE_Surveying_069.png,CE/Surveying/CE_Surveying_069.png,CE,,Surveying,69,MCQ,B,,
CE_Surveying_070.png,CE/Surveying/CE_Surveying_070.png,CE,,Surveying,70,MCQ,B,,
CE_Surveying_071.png,CE/Surveying/CE_Surveying_071.png,CE,,Surveying,71,MCQ,C,,
CE_Surveying_072.png,CE/Surveying/CE_Surveying_072.png,CE,,Surveying,72,MCQ,D,,
CE_Surveying_073.png,CE/Surveying/CE_Surveying_073.png,CE,,Surveying,73,MCQ,D,,
CE_Surveying_074.png,CE/Surveying/CE_Surveying_074.png,CE,,Surveying,74,MCQ,B,,
CE_Surveying_075.png,CE/Surveying/CE_Surveying_075.png,CE,,Surveying,75,MCQ,B,,
CE_Surveying_076.png,CE/Surveying/CE_Surveying_076.png,CE,,Surveying,76,MCQ,D,,
CE_Surveying_077.png,CE/Surveying/CE_Surveying_077.png,CE,,Surveying,77,MCQ,D,,
CE_Surveying_078.png,CE/Surveying/CE_Surveying_078.png,CE,,Surveying,78,MCQ,D,,
CE_Surveying_079.png,CE/Surveying/CE_Surveying_079.png,CE,,Surveying,79,MCQ,C,,
CE_Surveying_080.png,CE/Surveying/CE_Surveying_080.png,CE,,Surveying,80,MCQ,D,,
CE_Transportation_001.png,CE/Transportation/CE_Transportation_001.png,CE,,Transportation,1,MCQ,C,,
CE_Transportation_002.png,CE/Transportation/CE_Transportation_002.png,CE,,Transportation,2,MCQ,D,,
CE_Transportation_003.png,CE/Transportation/CE_Transportation_003.png,CE,,Transportation,3,MCQ,B,,
CE_Transportation_004.png,CE/Transportation/CE_Transportation_004.png,CE,,Transportation,4,MCQ,A,,
CE_Transportation_005.png,CE/Transportation/CE_Transportation_005.png,CE,,Transportation,5,MCQ,A,,
CE_Transportation_006.png,CE/Transportation/CE_Transportation_006.png,CE,,Transportation,6,MCQ,B,,
CE_Transportation_007.png,CE/Transportation/CE_Transportation_007.png,CE,,Transportation,7,MCQ,A,,
CE_Transportation_008.png,CE/Transportation/CE_Transportation_008.png,CE,,Transportation,8,MCQ,D,,
CE_Transportation_009.png,CE/Transportation/CE_Transportation_009.png,CE,,Transportation,9,MCQ,C,,
CE_Transportation_010.png,CE/Transportation/CE_Transportation_010.png,CE,,Transportation,10,MCQ,D,,
CE_Transportation_011.png,CE/Transportation/CE_Transportation_011.png,CE,,Transportation,11,MCQ,A,,
CE_Transportation_012.png,CE/Transportation/CE_Transportation_012.png,CE,,Transportation,12,MCQ,B,,
CE_Transportation_013.png,CE/Transportation/CE_Transportation_013.png,CE,,Transportation,13,MCQ,A,,
CE_Transportation_014.png,CE/Transportation/CE_Transportation_014.png,CE,,Transportation,14,MCQ,A,,
CE_Transportation_015.png,CE/Transportation/CE_Transportation_015.png,CE,,Transportation,15,MCQ,A,,
CE_Transportation_016.png,CE/Transportation/CE_Transportation_016.png,CE,,Transportation,16,MCQ,C,,
CE_Transportation_017.png,CE/Transportation/CE_Transportation_017.png,CE,,Transportation,17,MCQ,D,,
CE_Transportation_018.png,CE/Transportation/CE_Transportation_018.png,CE,,Transportation,18,MCQ,D,,
CE_Transportation_019.png,CE/Transportation/CE_Transportation_019.png,CE,,Transportation,19,MCQ,B,,
CE_Transportation_020.png,CE/Transportation/CE_Transportation_020.png,CE,,Transportation,20,MCQ,B,,
CE_Transportation_021.png,CE/Transportation/CE_Transportation_021.png,CE,,Transportation,21,MCQ,A,,
CE_Transportation_022.png,CE/Transportation/CE_Transportation_022.png,CE,,Transportation,22,MCQ,A,,
CE_Transportation_023.png,CE/Transportation/CE_Transportation_023.png,CE,,Transportation,23,MCQ,D,,
CE_Transportation_024.png,CE/Transportation/CE_Transportation_024.png,CE,,Transportation,24,MCQ,C,,
CE_Transportation_025.png,CE/Transportation/CE_Transportation_025.png,CE,,Transportation,25,MCQ,D,,
CE_Transportation_026.png,CE/Transportation/CE_Transportation_026.png,CE,,Transportation,26,MCQ,D,,
CE_Transportation_027.png,CE/Transportation/CE_Transportation_027.png,CE,,Transportation,27,MCQ,A,,
CE_Transportation_028.png,CE/Transportation/CE_Transportation_028.png,CE,,Transportation,28,MCQ,A,,
CE_Transportation_029.png,CE/Transportation/CE_Transportation_029.png,CE,,Transportation,29,MCQ,A,,
CE_Transportation_030.png,CE/Transportation/CE_Transportation_030.png,CE,,Transportation,30,MCQ,A,,
CE_Transportation_031.png,CE/Transportation/CE_Transportation_031.png,CE,,Transportation,31,MCQ,D,,
CE_Transportation_032.png,CE/Transportation/CE_Transportation_032.png,CE,,Transportation,32,MCQ,A,,
CE_Transportation_033.png,CE/Transportation/CE_Transportation_033.png,CE,,Transportation,33,MCQ,D,,
CE_Transportation_034.png,CE/Transportation/CE_Transportation_034.png,CE,,Transportation,34,MCQ,C,,
CE_Transportation_035.png,CE/Transportation/CE_Transportation_035.png,CE,,Transportation,35,MCQ,A,,
CE_Transportation_036.png,CE/Transportation/CE_Transportation_036.png,CE,,Transportation,36,MCQ,A,,
CE_Transportation_037.png,CE/Transportation/CE_Transportation_037.png,CE,,Transportation,37,MCQ,D,,
CE_Transportation_038.png,CE/Transportation/CE_Transportation_038.png,CE,,Transportation,38,MCQ,B,,
CE_Transportation_039.png,CE/Transportation/CE_Transportation_039.png,CE,,Transportation,39,MCQ,D,,
CE_Transportation_040.png,CE/Transportation/CE_Transportation_040.png,CE,,Transportation,40,MCQ,D,,
CE_Transportation_041.png,CE/Transportation/CE_Transportation_041.png,CE,,Transportation,41,MCQ,B,,
CE_Transportation_042.png,CE/Transportation/CE_Transportation_042.png,CE,,Transportation,42,MCQ,C,,
CE_Transportation_043.png,CE/Transportation/CE_Transportation_043.png,CE,,Transportation,43,MCQ,A or D,,
CE_Transportation_044.png,CE/Transportation/CE_Transportation_044.png,CE,,Transportation,44,MCQ,A,,
CE_Transportation_045.png,CE/Transportation/CE_Transportation_045.png,CE,,Transportation,45,MCQ,B,,
CE_Transportation_046.png,CE/Transportation/CE_Transportation_046.png,CE,,Transportation,46,MCQ,B,,
CE_Transportation_047.png,CE/Transportation/CE_Transportation_047.png,CE,,Transportation,47,MCQ,B,,
CE_Transportation_048.png,CE/Transportation/CE_Transportation_048.png,CE,,Transportation,48,MCQ,A,,
CE_Transportation_049.png,CE/Transportation/CE_Transportation_049.png,CE,,Transportation,49,MCQ,A,,
CE_Transportation_050.png,CE/Transportation/CE_Transportation_050.png,CE,,Transportation,50,MCQ,C,,
CE_Transportation_051.png,CE/Transportation/CE_Transportation_051.png,CE,,Transportation,51,MCQ,B,,
CE_Transportation_052.png,CE/Transportation/CE_Transportation_052.png,CE,,Transportation,52,MCQ,A,,
CE_Transportation_053.png,CE/Transportation/CE_Transportation_053.png,CE,,Transportation,53,MCQ,A,,
CE_Transportation_054.png,CE/Transportation/CE_Transportation_054.png,CE,,Transportation,54,MCQ,A,,
CE_Transportation_055.png,CE/Transportation/CE_Transportation_055.png,CE,,Transportation,55,MCQ,C,,
CE_Transportation_056.png,CE/Transportation/CE_Transportation_056.png,CE,,Transportation,56,MCQ,C,,
CE_Transportation_057.png,CE/Transportation/CE_Transportation_057.png,CE,,Transportation,57,MCQ,A,,
CE_Transportation_058.png,CE/Transportation/CE_Transportation_058.png,CE,,Transportation,58,MCQ,A,,
CE_Transportation_059.png,CE/Transportation/CE_Transportation_059.png,CE,,Transportation,59,MCQ,D,,
CE_Transportation_060.png,CE/Transportation/CE_Transportation_060.png,CE,,Transportation,60,MCQ,C,,
CE_Transportation_061.png,CE/Transportation/CE_Transportation_061.png,CE,,Transportation,61,MCQ,C,,
CE_Transportation_062.png,CE/Transportation/CE_Transportation_062.png,CE,,Transportation,62,MCQ,A,,
CE_Transportation_063.png,CE/Transportation/CE_Transportation_063.png,CE,,Transportation,63,MCQ,B,,
CE_Transportation_064.png,CE/Transportation/CE_Transportation_064.png,CE,,Transportation,64,MCQ,A,,
CE_Transportation_065.png,CE/Transportation/CE_Transportation_065.png,CE,,Transportation,65,MCQ,C,,
CE_Transportation_066.png,CE/Transportation/CE_Transportation_066.png,CE,,Transportation,66,MCQ,B,,
CE_Transportation_067.png,CE/Transportation/CE_Transportation_067.png,CE,,Transportation,67,MCQ,C,,
CE_Transportation_068.png,CE/Transportation/CE_Transportation_068.png,CE,,Transportation,68,MCQ,C,,
CE_Transportation_069.png,CE/Transportation/CE_Transportation_069.png,CE,,Transportation,69,MCQ,MTA,,
CE_Transportation_070.png,CE/Transportation/CE_Transportation_070.png,CE,,Transportation,70,MCQ,B,,
CE_Transportation_071.png,CE/Transportation/CE_Transportation_071.png,CE,,Transportation,71,MCQ,MTA,,
CE_Transportation_072.png,CE/Transportation/CE_Transportation_072.png,CE,,Transportation,72,MCQ,B,,
CE_Transportation_073.png,CE/Transportation/CE_Transportation_073.png,CE,,Transportation,73,MCQ,B,,
CE_Transportation_074.png,CE/Transportation/CE_Transportation_074.png,CE,,Transportation,74,MCQ,D,,
CE_Transportation_075.png,CE/Transportation/CE_Transportation_075.png,CE,,Transportation,75,MCQ,A,,
CE_Transportation_076.png,CE/Transportation/CE_Transportation_076.png,CE,,Transportation,76,MCQ,C,,
CE_Transportation_077.png,CE/Transportation/CE_Transportation_077.png,CE,,Transportation,77,MCQ,A,,
CE_Transportation_078.png,CE/Transportation/CE_Transportation_078.png,CE,,Transportation,78,MCQ,B,,
CE_Transportation_079.png,CE/Transportation/CE_Transportation_079.png,CE,,Transportation,79,MSQ,"A,B",,
CE_Transportation_080.png,CE/Transportation/CE_Transportation_080.png,CE,,Transportation,80,MCQ,A,,
CE_Transportation_081.png,CE/Transportation/CE_Transportation_081.png,CE,,Transportation,81,MCQ,B,,
CE_Transportation_082.png,CE/Transportation/CE_Transportation_082.png,CE,,Transportation,82,MCQ,A,,
CE_Transportation_083.png,CE/Transportation/CE_Transportation_083.png,CE,,Transportation,83,MCQ,C,,
CE_Transportation_084.png,CE/Transportation/CE_Transportation_084.png,CE,,Transportation,84,MCQ,A,,
CE_Transportation_085.png,CE/Transportation/CE_Transportation_085.png,CE,,Transportation,85,MCQ,B,,
CE_Transportation_086.png,CE/Transportation/CE_Transportation_086.png,CE,,Transportation,86,MCQ,C,,
CE_Transportation_087.png,CE/Transportation/CE_Transportation_087.png,CE,,Transportation,87,MSQ,"B,C",,
CE_Transportation_088.png,CE/Transportation/CE_Transportation_088.png,CE,,Transportation,88,MCQ,D,,
CE_Transportation_089.png,CE/Transportation/CE_Transportation_089.png,CE,,Transportation,89,MCQ,D,,
CE_Transportation_090.png,CE/Transportation/CE_Transportation_090.png,CE,,Transportation,90,MCQ,A,,
CE_Transportation_091.png,CE/Transportation/CE_Transportation_091.png,CE,,Transportation,91,MCQ,B,,
CE_Transportation_092.png,CE/Transportation/CE_Transportation_092.png,CE,,Transportation,92,MCQ,A,,
CE_Transportation_093.png,CE/Transportation/CE_Transportation_093.png,CE,,Transportation,93,MCQ,A,,
CE_Transportation_094.png,CE/Transportation/CE_Transportation_094.png,CE,,Transportation,94,MCQ,B,,
CE_Transportation_095.png,CE/Transportation/CE_Transportation_095.png,CE,,Transportation,95,MCQ,MTA,,
CE_Transportation_096.png,CE/Transportation/CE_Transportation_096.png,CE,,Transportation,96,MCQ,D,,
CE_Transportation_097.png,CE/Transportation/CE_Transportation_097.png,CE,,Transportation,97,MCQ,A,,
CE_Transportation_098.png,CE/Transportation/CE_Transportation_098.png,CE,,Transportation,98,MCQ,C,,
CE_Transportation_099.png,CE/Transportation/CE_Transportation_099.png,CE,,Transportation,99,MCQ,D,,
CE_Transportation_100.png,CE/Transportation/CE_Transportation_100.png,CE,,Transportation,100,MCQ,C,,
CE_Transportation_101.png,CE/Transportation/CE_Transportation_101.png,CE,,Transportation,101,MCQ,A,,
CE_Transportation_102.png,CE/Transportation/CE_Transportation_102.png,CE,,Transportation,102,MCQ,D,,
CE_Transportation_103.png,CE/Transportation/CE_Transportation_103.png,CE,,Transportation,103,MCQ,B,,
CE_Transportation_104.png,CE/Transportation/CE_Transportation_104.png,CE,,Transportation,104,MCQ,A,,
CE_Transportation_105.png,CE/Transportation/CE_Transportation_105.png,CE,,Transportation,105,MSQ,"A,B",,
CE_Transportation_106.png,CE/Transportation/CE_Transportation_106.png,CE,,Transportation,106,MCQ,B,,
CE_Transportation_107.png,CE/Transportation/CE_Transportation_107.png,CE,,Transportation,107,MCQ,C,,
CE_Transportation_108.png,CE/Transportation/CE_Transportation_108.png,CE,,Transportation,108,MCQ,A,,
CE_Transportation_109.png,CE/Transportation/CE_Transportation_109.png,CE,,Transportation,109,MCQ,D,,
CE_Transportation_110.png,CE/Transportation/CE_Transportation_110.png,CE,,Transportation,110,MCQ,A,,
CE_Transportation_111.png,CE/Transportation/CE_Transportation_111.png,CE,,Transportation,111,MCQ,C,,
CE_Transportation_112.png,CE/Transportation/CE_Transportation_112.png,CE,,Transportation,112,MCQ,D,,
CE_Transportation_113.png,CE/Transportation/CE_Transportation_113.png,CE,,Transportation,113,MCQ,D,,
CE_Transportation_114.png,CE/Transportation/CE_Transportation_114.png,CE,,Transportation,114,MCQ,B,,
CE_Transportation_115.png,CE/Transportation/CE_Transportation_115.png,CE,,Transportation,115,MCQ,A,,
CE_Transportation_116.png,CE/Transportation/CE_Transportation_116.png,CE,,Transportation,116,MCQ,A,,
CE_GeotechnicalEngineering_001.png,CE/GeotechnicalEngineering/CE_GeotechnicalEngineering_001.png,CE,,GeotechnicalEngineering,1,MCQ,C,,
CE_GeotechnicalEngineering_002.png,CE/GeotechnicalEngineering/CE_GeotechnicalEngineering_002.png,CE,,GeotechnicalEngineering,2,MCQ,D,,
CE_GeotechnicalEngineering_003.png,CE/GeotechnicalEngineering/CE_GeotechnicalEngineering_003.png,CE,,GeotechnicalEngineering,3,MCQ,B,,
CE_GeotechnicalEngineering_004.png,CE/GeotechnicalEngineering/CE_GeotechnicalEngineering_004.png,CE,,GeotechnicalEngineering,4,MCQ,B,,
CE_GeotechnicalEngineering_005.png,CE/GeotechnicalEngineering/CE_GeotechnicalEngineering_005.png,CE,,GeotechnicalEngineering,5,MCQ,C,,
CE_GeotechnicalEngineering_006.png,CE/GeotechnicalEngineering/CE_GeotechnicalEngineering_006.png,CE,,GeotechnicalEngineering,6,MCQ,C,,
CE_GeotechnicalEngineering_007.png,CE/GeotechnicalEngineering/CE_GeotechnicalEngineering_007.png,CE,,GeotechnicalEngineering,7,MCQ,D,,
CE_GeotechnicalEngineering_008.png,CE/GeotechnicalEngineering/CE_GeotechnicalEngineering_008.png,CE,,GeotechnicalEngineering,8,MCQ,A,,
CE_GeotechnicalEngineering_009.png,CE/GeotechnicalEngineering/CE_GeotechnicalEngineering_009.png,CE,,GeotechnicalEngineering,9,MCQ,D,,
CE_GeotechnicalEngineering_010.png,CE/GeotechnicalEngineering/CE_GeotechnicalEngineering_010.png,CE,,GeotechnicalEngineering,10,MCQ,C,,
CE_GeotechnicalEngineering_011.png,CE/GeotechnicalEngineering/CE_GeotechnicalEngineering_011.png,CE,,GeotechnicalEngineering,11,MCQ,C,,
CE_GeotechnicalEngineering_012.png,CE/GeotechnicalEngineering/CE_GeotechnicalEngineering_012.png,CE,,GeotechnicalEngineering,12,MCQ,D,,
CE_GeotechnicalEngineering_013.png,CE/GeotechnicalEngineering/CE_GeotechnicalEngineering_013.png,CE,,GeotechnicalEngineering,13,MCQ,C,,
CE_GeotechnicalEngineering_014.png,CE/GeotechnicalEngineering/CE_GeotechnicalEngineering_014.png,CE,,GeotechnicalEngineering,14,MCQ,D,,
CE_GeotechnicalEngineering_015.png,CE/GeotechnicalEngineering/CE_GeotechnicalEngineering_015.png,CE,,GeotechnicalEngineering,15,MCQ,A,,
CE_GeotechnicalEngineering_016.png,CE/GeotechnicalEngineering/CE_GeotechnicalEngineering_016.png,CE,,GeotechnicalEngineering,16,MCQ,B,,
CE_GeotechnicalEngineering_017.png,CE/GeotechnicalEngineering/CE_GeotechnicalEngineering_017.png,CE,,GeotechnicalEngineering,17,MCQ,C,,
CE_GeotechnicalEngineering_018.png,CE/GeotechnicalEngineering/CE_GeotechnicalEngineering_018.png,CE,,GeotechnicalEngineering,18,MCQ,B,,
CE_GeotechnicalEngineering_019.png,CE/GeotechnicalEngineering/CE_GeotechnicalEngineering_019.png,CE,,GeotechnicalEngineering,19,MCQ,A,,
CE_GeotechnicalEngineering_020.png,CE/GeotechnicalEngineering/CE_GeotechnicalEngineering_020.png,CE,,GeotechnicalEngineering,20,MCQ,B,,
CE_GeotechnicalEngineering_021.png,CE/GeotechnicalEngineering/CE_GeotechnicalEngineering_021.png,CE,,GeotechnicalEngineering,21,MCQ,A,,
CE_GeotechnicalEngineering_022.png,CE/GeotechnicalEngineering/CE_GeotechnicalEngineering_022.png,CE,,GeotechnicalEngineering,22,MCQ,C,,
CE_GeotechnicalEngineering_023.png,CE/GeotechnicalEngineering/CE_GeotechnicalEngineering_023.png,CE,,GeotechnicalEngineering,23,MCQ,B,,
CE_GeotechnicalEngineering_024.png,CE/GeotechnicalEngineering/CE_GeotechnicalEngineering_024.png,CE,,GeotechnicalEngineering,24,MCQ,B,,
CE_GeotechnicalEngineering_025.png,CE/GeotechnicalEngineering/CE_GeotechnicalEngineering_025.png,CE,,GeotechnicalEngineering,25,MCQ,B,,
CE_GeotechnicalEngineering_026.png,CE/GeotechnicalEngineering/CE_GeotechnicalEngineering_026.png,CE,,GeotechnicalEngineering,26,MCQ,B,,
CE_GeotechnicalEngineering_027.png,CE/GeotechnicalEngineering/CE_GeotechnicalEngineering_027.png,CE,,GeotechnicalEngineering,27,MCQ,C,,
CE_GeotechnicalEngineering_028.png,CE/GeotechnicalEngineering/CE_GeotechnicalEngineering_028.png,CE,,GeotechnicalEngineering,28,MCQ,D,,
CE_GeotechnicalEngineering_029.png,CE/GeotechnicalEngineering/CE_GeotechnicalEngineering_029.png,CE,,GeotechnicalEngineering,29,MCQ,A,,
CE_GeotechnicalEngineering_030.png,CE/GeotechnicalEngineering/CE_GeotechnicalEngineering_030.png,CE,,GeotechnicalEngineering,30,MCQ,A,,
CE_GeotechnicalEngineering_031.png,CE/GeotechnicalEngineering/CE_GeotechnicalEngineering_031.png,CE,,GeotechnicalEngineering,31,MSQ,"A,B",,
CE_GeotechnicalEngineering_032.png,CE/GeotechnicalEngineering/CE_GeotechnicalEngineering_032.png,CE,,GeotechnicalEngineering,32,MCQ,A,,
CE_GeotechnicalEngineering_033.png,CE/GeotechnicalEngineering/CE_GeotechnicalEngineering_033.png,CE,,GeotechnicalEngineering,33,MCQ,D,,
CE_GeotechnicalEngineering_034.png,CE/GeotechnicalEngineering/CE_GeotechnicalEngineering_034.png,CE,,GeotechnicalEngineering,34,MCQ,B,,
CE_GeotechnicalEngineering_035.png,CE/GeotechnicalEngineering/CE_GeotechnicalEngineering_035.png,CE,,GeotechnicalEngineering,35,MCQ,C,,
CE_GeotechnicalEngineering_036.png,CE/GeotechnicalEngineering/CE_GeotechnicalEngineering_036.png,CE,,GeotechnicalEngineering,36,MCQ,A,,
CE_GeotechnicalEngineering_037.png,CE/GeotechnicalEngineering/CE_GeotechnicalEngineering_037.png,CE,,GeotechnicalEngineering,37,MCQ,D,,
CE_GeotechnicalEngineering_038.png,CE/GeotechnicalEngineering/CE_GeotechnicalEngineering_038.png,CE,,GeotechnicalEngineering,38,MCQ,C,,
CE_GeotechnicalEngineering_039.png,CE/GeotechnicalEngineering/CE_GeotechnicalEngineering_039.png,CE,,GeotechnicalEngineering,39,MCQ,D,,
CE_GeotechnicalEngineering_040.png,CE/GeotechnicalEngineering/CE_GeotechnicalEngineering_040.png,CE,,GeotechnicalEngineering,40,MCQ,D,,
CE_GeotechnicalEngineering_041.png,CE/GeotechnicalEngineering/CE_GeotechnicalEngineering_041.png,CE,,GeotechnicalEngineering,41,MCQ,B,,
CE_GeotechnicalEngineering_042.png,CE/GeotechnicalEngineering/CE_GeotechnicalEngineering_042.png,CE,,GeotechnicalEngineering,42,MCQ,C,,
CE_GeotechnicalEngineering_043.png,CE/GeotechnicalEngineering/CE_GeotechnicalEngineering_043.png,CE,,GeotechnicalEngineering,43,MCQ,B,,
CE_GeotechnicalEngineering_044.png,CE/GeotechnicalEngineering/CE_GeotechnicalEngineering_044.png,CE,,GeotechnicalEngineering,44,MCQ,D,,
CE_GeotechnicalEngineering_045.png,CE/GeotechnicalEngineering/CE_GeotechnicalEngineering_045.png,CE,,GeotechnicalEngineering,45,MCQ,A,,
CE_GeotechnicalEngineering_046.png,CE/GeotechnicalEngineering/CE_GeotechnicalEngineering_046.png,CE,,GeotechnicalEngineering,46,MCQ,A,,
CE_GeotechnicalEngineering_047.png,CE/GeotechnicalEngineering/CE_GeotechnicalEngineering_047.png,CE,,GeotechnicalEngineering,47,MCQ,D,,
CE_GeotechnicalEngineering_048.png,CE/GeotechnicalEngineering/CE_GeotechnicalEngineering_048.png,CE,,GeotechnicalEngineering,48,MCQ,C,,
CE_GeotechnicalEngineering_049.png,CE/GeotechnicalEngineering/CE_GeotechnicalEngineering_049.png,CE,,GeotechnicalEngineering,49,MCQ,D,,
CE_GeotechnicalEngineering_050.png,CE/GeotechnicalEngineering/CE_GeotechnicalEngineering_050.png,CE,,GeotechnicalEngineering,50,MCQ,D,,
CE_GeotechnicalEngineering_051.png,CE/GeotechnicalEngineering/CE_GeotechnicalEngineering_051.png,CE,,GeotechnicalEngineering,51,MCQ,B,,
CE_GeotechnicalEngineering_052.png,CE/GeotechnicalEngineering/CE_GeotechnicalEngineering_052.png,CE,,GeotechnicalEngineering,52,MCQ,B,,
CE_GeotechnicalEngineering_053.png,CE/GeotechnicalEngineering/CE_GeotechnicalEngineering_053.png,CE,,GeotechnicalEngineering,53,MCQ,A,,
CE_GeotechnicalEngineering_054.png,CE/GeotechnicalEngineering/CE_GeotechnicalEngineering_054.png,CE,,GeotechnicalEngineering,54,MCQ,C,,
CE_GeotechnicalEngineering_055.png,CE/GeotechnicalEngineering/CE_GeotechnicalEngineering_055.png,CE,,GeotechnicalEngineering,55,MCQ,A,,
CE_GeotechnicalEngineering_056.png,CE/GeotechnicalEngineering/CE_GeotechnicalEngineering_056.png,CE,,GeotechnicalEngineering,56,MCQ,B,,
CE_GeotechnicalEngineering_057.png,CE/GeotechnicalEngineering/CE_GeotechnicalEngineering_057.png,CE,,GeotechnicalEngineering,57,MCQ,C,,
CE_GeotechnicalEngineering_058.png,CE/GeotechnicalEngineering/CE_GeotechnicalEngineering_058.png,CE,,GeotechnicalEngineering,58,MCQ,B,,
CE_GeotechnicalEngineering_059.png,CE/GeotechnicalEngineering/CE_GeotechnicalEngineering_059.png,CE,,GeotechnicalEngineering,59,MCQ,A,,
CE_GeotechnicalEngineering_060.png,CE/GeotechnicalEngineering/CE_GeotechnicalEngineering_060.png,CE,,GeotechnicalEngineering,60,MCQ,C,,
CE_GeotechnicalEngineering_061.png,CE/GeotechnicalEngineering/CE_GeotechnicalEngineering_061.png,CE,,GeotechnicalEngineering,61,MCQ,B,,
CE_GeotechnicalEngineering_062.png,CE/GeotechnicalEngineering/CE_GeotechnicalEngineering_062.png,CE,,GeotechnicalEngineering,62,MCQ,C,,
CE_GeotechnicalEngineering_063.png,CE/GeotechnicalEngineering/CE_GeotechnicalEngineering_063.png,CE,,GeotechnicalEngineering,63,MCQ,A,,
CE_GeotechnicalEngineering_064.png,CE/GeotechnicalEngineering/CE_GeotechnicalEngineering_064.png,CE,,GeotechnicalEngineering,64,MCQ,C,,
CE_GeotechnicalEngineering_065.png,CE/GeotechnicalEngineering/CE_GeotechnicalEngineering_065.png,CE,,GeotechnicalEngineering,65,MCQ,C,,
CE_GeotechnicalEngineering_066.png,CE/GeotechnicalEngineering/CE_GeotechnicalEngineering_066.png,CE,,GeotechnicalEngineering,66,MCQ,B,,
CE_GeotechnicalEngineering_067.png,CE/GeotechnicalEngineering/CE_GeotechnicalEngineering_067.png,CE,,GeotechnicalEngineering,67,MCQ,D,,
CE_GeotechnicalEngineering_068.png,CE/GeotechnicalEngineering/CE_GeotechnicalEngineering_068.png,CE,,GeotechnicalEngineering,68,MCQ,A,,
CE_GeotechnicalEngineering_069.png,CE/GeotechnicalEngineering/CE_GeotechnicalEngineering_069.png,CE,,GeotechnicalEngineering,69,MCQ,A,,
CE_GeotechnicalEngineering_070.png,CE/GeotechnicalEngineering/CE_GeotechnicalEngineering_070.png,CE,,GeotechnicalEngineering,70,MCQ,C,,
CE_GeotechnicalEngineering_071.png,CE/GeotechnicalEngineering/CE_GeotechnicalEngineering_071.png,CE,,GeotechnicalEngineering,71,MCQ,A,,
CE_GeotechnicalEngineering_072.png,CE/GeotechnicalEngineering/CE_GeotechnicalEngineering_072.png,CE,,GeotechnicalEngineering,72,MCQ,B,,
CE_GeotechnicalEngineering_073.png,CE/GeotechnicalEngineering/CE_GeotechnicalEngineering_073.png,CE,,GeotechnicalEngineering,73,MCQ,A,,
CE_GeotechnicalEngineering_074.png,CE/GeotechnicalEngineering/CE_GeotechnicalEngineering_074.png,CE,,GeotechnicalEngineering,74,MCQ,A,,
CE_GeotechnicalEngineering_075.png,CE/GeotechnicalEngineering/CE_GeotechnicalEngineering_075.png,CE,,GeotechnicalEngineering,75,MCQ,B,,
CE_GeotechnicalEngineering_076.png,CE/GeotechnicalEngineering/CE_GeotechnicalEngineering_076.png,CE,,GeotechnicalEngineering,76,MCQ,C,,
CE_GeotechnicalEngineering_077.png,CE/GeotechnicalEngineering/CE_GeotechnicalEngineering_077.png,CE,,GeotechnicalEngineering,77,MCQ,B,,
CE_GeotechnicalEngineering_078.png,CE/GeotechnicalEngineering/CE_GeotechnicalEngineering_078.png,CE,,GeotechnicalEngineering,78,MCQ,B,,
CE_GeotechnicalEngineering_079.png,CE/GeotechnicalEngineering/CE_GeotechnicalEngineering_079.png,CE,,GeotechnicalEngineering,79,MCQ,B,,
CE_GeotechnicalEngineering_080.png,CE/GeotechnicalEngineering/CE_GeotechnicalEngineering_080.png,CE,,GeotechnicalEngineering,80,MCQ,C,,
CE_GeotechnicalEngineering_081.png,CE/GeotechnicalEngineering/CE_GeotechnicalEngineering_081.png,CE,,GeotechnicalEngineering,81,MCQ,C,,
CE_GeotechnicalEngineering_082.png,CE/GeotechnicalEngineering/CE_GeotechnicalEngineering_082.png,CE,,GeotechnicalEngineering,82,MCQ,A,,
CE_GeotechnicalEngineering_083.png,CE/GeotechnicalEngineering/CE_GeotechnicalEngineering_083.png,CE,,GeotechnicalEngineering,83,MCQ,B,,
CE_GeotechnicalEngineering_084.png,CE/GeotechnicalEngineering/CE_GeotechnicalEngineering_084.png,CE,,GeotechnicalEngineering,84,MCQ,C,,
CE_GeotechnicalEngineering_085.png,CE/GeotechnicalEngineering/CE_GeotechnicalEngineering_085.png,CE,,GeotechnicalEngineering,85,MCQ,D,,
CE_GeotechnicalEngineering_086.png,CE/GeotechnicalEngineering/CE_GeotechnicalEngineering_086.png,CE,,GeotechnicalEngineering,86,MCQ,C,,
CE_GeotechnicalEngineering_087.png,CE/GeotechnicalEngineering/CE_GeotechnicalEngineering_087.png,CE,,GeotechnicalEngineering,87,MCQ,B,,
CE_GeotechnicalEngineering_088.png,CE/GeotechnicalEngineering/CE_GeotechnicalEngineering_088.png,CE,,GeotechnicalEngineering,88,MCQ,C,,
CE_GeotechnicalEngineering_089.png,CE/GeotechnicalEngineering/CE_GeotechnicalEngineering_089.png,CE,,GeotechnicalEngineering,89,MCQ,D,,
CE_GeotechnicalEngineering_090.png,CE/GeotechnicalEngineering/CE_GeotechnicalEngineering_090.png,CE,,GeotechnicalEngineering,90,MCQ,D,,
CE_GeotechnicalEngineering_091.png,CE/GeotechnicalEngineering/CE_GeotechnicalEngineering_091.png,CE,,GeotechnicalEngineering,91,MCQ,D,,
CE_GeotechnicalEngineering_092.png,CE/GeotechnicalEngineering/CE_GeotechnicalEngineering_092.png,CE,,GeotechnicalEngineering,92,MCQ,C,,
CE_GeotechnicalEngineering_093.png,CE/GeotechnicalEngineering/CE_GeotechnicalEngineering_093.png,CE,,GeotechnicalEngineering,93,MCQ,C,,
CE_GeotechnicalEngineering_094.png,CE/GeotechnicalEngineering/CE_GeotechnicalEngineering_094.png,CE,,GeotechnicalEngineering,94,MCQ,C,,
CE_GeotechnicalEngineering_095.png,CE/GeotechnicalEngineering/CE_GeotechnicalEngineering_095.png,CE,,GeotechnicalEngineering,95,MCQ,D,,
CE_GeotechnicalEngineering_096.png,CE/GeotechnicalEngineering/CE_GeotechnicalEngineering_096.png,CE,,GeotechnicalEngineering,96,MCQ,A,,
CE_GeotechnicalEngineering_097.png,CE/GeotechnicalEngineering/CE_GeotechnicalEngineering_097.png,CE,,GeotechnicalEngineering,97,MCQ,A,,
CE_GeotechnicalEngineering_098.png,CE/GeotechnicalEngineering/CE_GeotechnicalEngineering_098.png,CE,,GeotechnicalEngineering,98,MCQ,A,,
CE_GeotechnicalEngineering_099.png,CE/GeotechnicalEngineering/CE_GeotechnicalEngineering_099.png,CE,,GeotechnicalEngineering,99,MCQ,C,,
CE_GeotechnicalEngineering_100.png,CE/GeotechnicalEngineering/CE_GeotechnicalEngineering_100.png,CE,,GeotechnicalEngineering,100,MCQ,C,,
CE_GeotechnicalEngineering_101.png,CE/GeotechnicalEngineering/CE_GeotechnicalEngineering_101.png,CE,,GeotechnicalEngineering,101,MCQ,D,,
CE_GeotechnicalEngineering_102.png,CE/GeotechnicalEngineering/CE_GeotechnicalEngineering_102.png,CE,,GeotechnicalEngineering,102,MCQ,A,,
CE_GeotechnicalEngineering_103.png,CE/GeotechnicalEngineering/CE_GeotechnicalEngineering_103.png,CE,,GeotechnicalEngineering,103,MCQ,A,,
CE_GeotechnicalEngineering_104.png,CE/GeotechnicalEngineering/CE_GeotechnicalEngineering_104.png,CE,,GeotechnicalEngineering,104,MCQ,D,,
CE_GeotechnicalEngineering_105.png,CE/GeotechnicalEngineering/CE_GeotechnicalEngineering_105.png,CE,,GeotechnicalEngineering,105,MCQ,A,,
CE_GeotechnicalEngineering_106.png,CE/GeotechnicalEngineering/CE_GeotechnicalEngineering_106.png,CE,,GeotechnicalEngineering,106,MCQ,C,,
CE_GeotechnicalEngineering_107.png,CE/GeotechnicalEngineering/CE_GeotechnicalEngineering_107.png,CE,,GeotechnicalEngineering,107,MCQ,D,,
CE_GeotechnicalEngineering_108.png,CE/GeotechnicalEngineering/CE_GeotechnicalEngineering_108.png,CE,,GeotechnicalEngineering,108,MCQ,A,,
CE_GeotechnicalEngineering_109.png,CE/GeotechnicalEngineering/CE_GeotechnicalEngineering_109.png,CE,,GeotechnicalEngineering,109,MCQ,B,,
CE_GeotechnicalEngineering_110.png,CE/GeotechnicalEngineering/CE_GeotechnicalEngineering_110.png,CE,,GeotechnicalEngineering,110,MCQ,B,,
CE_GeotechnicalEngineering_111.png,CE/GeotechnicalEngineering/CE_GeotechnicalEngineering_111.png,CE,,GeotechnicalEngineering,111,MCQ,C,,
CE_GeotechnicalEngineering_112.png,CE/GeotechnicalEngineering/CE_GeotechnicalEngineering_112.png,CE,,GeotechnicalEngineering,112,MCQ,B,,
CE_GeotechnicalEngineering_113.png,CE/GeotechnicalEngineering/CE_GeotechnicalEngineering_113.png,CE,,GeotechnicalEngineering,113,MCQ,B,,
CE_GeotechnicalEngineering_114.png,CE/GeotechnicalEngineering/CE_GeotechnicalEngineering_114.png,CE,,GeotechnicalEngineering,114,MCQ,C,,
CE_GeotechnicalEngineering_115.png,CE/GeotechnicalEngineering/CE_GeotechnicalEngineering_115.png,CE,,GeotechnicalEngineering,115,MCQ,C,,
CE_GeotechnicalEngineering_116.png,CE/GeotechnicalEngineering/CE_GeotechnicalEngineering_116.png,CE,,GeotechnicalEngineering,116,MCQ,C,,
CE_GeotechnicalEngineering_117.png,CE/GeotechnicalEngineering/CE_GeotechnicalEngineering_117.png,CE,,GeotechnicalEngineering,117,MCQ,C,,
CE_GeotechnicalEngineering_118.png,CE/GeotechnicalEngineering/CE_GeotechnicalEngineering_118.png,CE,,GeotechnicalEngineering,118,MCQ,B,,
CE_GeotechnicalEngineering_119.png,CE/GeotechnicalEngineering/CE_GeotechnicalEngineering_119.png,CE,,GeotechnicalEngineering,119,MCQ,C,,
CE_GeotechnicalEngineering_120.png,CE/GeotechnicalEngineering/CE_GeotechnicalEngineering_120.png,CE,,GeotechnicalEngineering,120,MCQ,C,,
CE_GeotechnicalEngineering_121.png,CE/GeotechnicalEngineering/CE_GeotechnicalEngineering_121.png,CE,,GeotechnicalEngineering,121,MCQ,B,,
CE_GeotechnicalEngineering_122.png,CE/GeotechnicalEngineering/CE_GeotechnicalEngineering_122.png,CE,,GeotechnicalEngineering,122,MCQ,B,,
CE_GeotechnicalEngineering_123.png,CE/GeotechnicalEngineering/CE_GeotechnicalEngineering_123.png,CE,,GeotechnicalEngineering,123,MCQ,A,,
CE_GeotechnicalEngineering_124.png,CE/GeotechnicalEngineering/CE_GeotechnicalEngineering_124.png,CE,,GeotechnicalEngineering,124,MCQ,A,,
CE_GeotechnicalEngineering_125.png,CE/GeotechnicalEngineering/CE_GeotechnicalEngineering_125.png,CE,,GeotechnicalEngineering,125,MCQ,A,,
CE_GeotechnicalEngineering_126.png,CE/GeotechnicalEngineering/CE_GeotechnicalEngineering_126.png,CE,,GeotechnicalEngineering,126,MCQ,D,,
CE_GeotechnicalEngineering_127.png,CE/GeotechnicalEngineering/CE_GeotechnicalEngineering_127.png,CE,,GeotechnicalEngineering,127,MCQ,D,,
CE_GeotechnicalEngineering_128.png,CE/GeotechnicalEngineering/CE_GeotechnicalEngineering_128.png,CE,,GeotechnicalEngineering,128,MCQ,B,,
CE_GeotechnicalEngineering_129.png,CE/GeotechnicalEngineering/CE_GeotechnicalEngineering_129.png,CE,,GeotechnicalEngineering,129,MCQ,C,,
CE_GeotechnicalEngineering_130.png,CE/GeotechnicalEngineering/CE_GeotechnicalEngineering_130.png,CE,,GeotechnicalEngineering,130,MCQ,A,,
CE_GeotechnicalEngineering_131.png,CE/GeotechnicalEngineering/CE_GeotechnicalEngineering_131.png,CE,,GeotechnicalEngineering,131,MCQ,A,,
CE_GeotechnicalEngineering_132.png,CE/GeotechnicalEngineering/CE_GeotechnicalEngineering_132.png,CE,,GeotechnicalEngineering,132,MCQ,A,,
CE_GeotechnicalEngineering_133.png,CE/GeotechnicalEngineering/CE_GeotechnicalEngineering_133.png,CE,,GeotechnicalEngineering,133,MCQ,D,,
CE_GeotechnicalEngineering_134.png,CE/GeotechnicalEngineering/CE_GeotechnicalEngineering_134.png,CE,,GeotechnicalEngineering,134,MCQ,D,,
CE_GeotechnicalEngineering_135.png,CE/GeotechnicalEngineering/CE_GeotechnicalEngineering_135.png,CE,,GeotechnicalEngineering,135,MCQ,A,,
CE_GeotechnicalEngineering_136.png,CE/GeotechnicalEngineering/CE_GeotechnicalEngineering_136.png,CE,,GeotechnicalEngineering,136,MCQ,A,,
CE_GeotechnicalEngineering_137.png,CE/GeotechnicalEngineering/CE_GeotechnicalEngineering_137.png,CE,,GeotechnicalEngineering,137,MCQ,C,,
CE_GeotechnicalEngineering_138.png,CE/GeotechnicalEngineering/CE_GeotechnicalEngineering_138.png,CE,,GeotechnicalEngineering,138,MCQ,C,,
CE_GeotechnicalEngineering_139.png,CE/GeotechnicalEngineering/CE_GeotechnicalEngineering_139.png,CE,,GeotechnicalEngineering,139,MCQ,C,,
CE_GeotechnicalEngineering_140.png,CE/GeotechnicalEngineering/CE_GeotechnicalEngineering_140.png,CE,,GeotechnicalEngineering,140,MCQ,A,,
CE_GeotechnicalEngineering_141.png,CE/GeotechnicalEngineering/CE_GeotechnicalEngineering_141.png,CE,,GeotechnicalEngineering,141,MCQ,MTA,,
CE_GeotechnicalEngineering_142.png,CE/GeotechnicalEngineering/CE_GeotechnicalEngineering_142.png,CE,,GeotechnicalEngineering,142,MCQ,A,,
CE_GeotechnicalEngineering_143.png,CE/GeotechnicalEngineering/CE_GeotechnicalEngineering_143.png,CE,,GeotechnicalEngineering,143,MCQ,D,,
CE_GeotechnicalEngineering_144.png,CE/GeotechnicalEngineering/CE_GeotechnicalEngineering_144.png,CE,,GeotechnicalEngineering,144,MCQ,D,,
CE_GeotechnicalEngineering_145.png,CE/GeotechnicalEngineering/CE_GeotechnicalEngineering_145.png,CE,,GeotechnicalEngineering,145,MCQ,A,,
CE_GeotechnicalEngineering_146.png,CE/GeotechnicalEngineering/CE_GeotechnicalEngineering_146.png,CE,,GeotechnicalEngineering,146,MCQ,A,,
CE_GeotechnicalEngineering_147.png,CE/GeotechnicalEngineering/CE_GeotechnicalEngineering_147.png,CE,,GeotechnicalEngineering,147,MCQ,C,,
CE_GeotechnicalEngineering_148.png,CE/GeotechnicalEngineering/CE_GeotechnicalEngineering_148.png,CE,,GeotechnicalEngineering,148,MCQ,A,,
CE_GeotechnicalEngineering_149.png,CE/GeotechnicalEngineering/CE_GeotechnicalEngineering_149.png,CE,,GeotechnicalEngineering,149,MCQ,A,,
CE_GeotechnicalEngineering_150.png,CE/GeotechnicalEngineering/CE_GeotechnicalEngineering_150.png,CE,,GeotechnicalEngineering,150,MCQ,A,,
CE_GeotechnicalEngineering_151.png,CE/GeotechnicalEngineering/CE_GeotechnicalEngineering_151.png,CE,,GeotechnicalEngineering,151,MCQ,D,,
CE_GeotechnicalEngineering_152.png,CE/GeotechnicalEngineering/CE_GeotechnicalEngineering_152.png,CE,,GeotechnicalEngineering,152,MCQ,C,,
CE_GeotechnicalEngineering_153.png,CE/GeotechnicalEngineering/CE_GeotechnicalEngineering_153.png,CE,,GeotechnicalEngineering,153,MCQ,A,,
CE_GeotechnicalEngineering_154.png,CE/GeotechnicalEngineering/CE_GeotechnicalEngineering_154.png,CE,,GeotechnicalEngineering,154,MCQ,B,,
CE_GeotechnicalEngineering_155.png,CE/GeotechnicalEngineering/CE_GeotechnicalEngineering_155.png,CE,,GeotechnicalEngineering,155,MSQ,"A,B",,
CE_GeotechnicalEngineering_156.png,CE/GeotechnicalEngineering/CE_GeotechnicalEngineering_156.png,CE,,GeotechnicalEngineering,156,MCQ,C,,
CE_GeotechnicalEngineering_157.png,CE/GeotechnicalEngineering/CE_GeotechnicalEngineering_157.png,CE,,GeotechnicalEngineering,157,MCQ,C,,
CE_GeotechnicalEngineering_158.png,CE/GeotechnicalEngineering/CE_GeotechnicalEngineering_158.png,CE,,GeotechnicalEngineering,158,MCQ,A,,
CE_GeotechnicalEngineering_159.png,CE/GeotechnicalEngineering/CE_GeotechnicalEngineering_159.png,CE,,GeotechnicalEngineering,159,MCQ,C,,
CE_GeotechnicalEngineering_160.png,CE/GeotechnicalEngineering/CE_GeotechnicalEngineering_160.png,CE,,GeotechnicalEngineering,160,MCQ,B,,
CE_GeotechnicalEngineering_161.png,CE/GeotechnicalEngineering/CE_GeotechnicalEngineering_161.png,CE,,GeotechnicalEngineering,161,MCQ,B,,
CE_GeotechnicalEngineering_162.png,CE/GeotechnicalEngineering/CE_GeotechnicalEngineering_162.png,CE,,GeotechnicalEngineering,162,MCQ,C,,
CE_GeotechnicalEngineering_163.png,CE/GeotechnicalEngineering/CE_GeotechnicalEngineering_163.png,CE,,GeotechnicalEngineering,163,MCQ,B,,
CE_GeotechnicalEngineering_164.png,CE/GeotechnicalEngineering/CE_GeotechnicalEngineering_164.png,CE,,GeotechnicalEngineering,164,MCQ,A,,
CE_GeotechnicalEngineering_165.png,CE/GeotechnicalEngineering/CE_GeotechnicalEngineering_165.png,CE,,GeotechnicalEngineering,165,MCQ,C,,
CE_GeotechnicalEngineering_166.png,CE/GeotechnicalEngineering/CE_GeotechnicalEngineering_166.png,CE,,GeotechnicalEngineering,166,MCQ,A,,
CE_GeotechnicalEngineering_167.png,CE/GeotechnicalEngineering/CE_GeotechnicalEngineering_167.png,CE,,GeotechnicalEngineering,167,MCQ,C,,
CE_GeotechnicalEngineering_168.png,CE/GeotechnicalEngineering/CE_GeotechnicalEngineering_168.png,CE,,GeotechnicalEngineering,168,MCQ,C,,
CE_GeotechnicalEngineering_169.png,CE/GeotechnicalEngineering/CE_GeotechnicalEngineering_169.png,CE,,GeotechnicalEngineering,169,MCQ,C,,
CE_GeotechnicalEngineering_170.png,CE/GeotechnicalEngineering/CE_GeotechnicalEngineering_170.png,CE,,GeotechnicalEngineering,170,MCQ,C,,
CE_GeotechnicalEngineering_171.png,CE/GeotechnicalEngineering/CE_GeotechnicalEngineering_171.png,CE,,GeotechnicalEngineering,171,MCQ,C,,
CE_GeotechnicalEngineering_172.png,CE/GeotechnicalEngineering/CE_GeotechnicalEngineering_172.png,CE,,GeotechnicalEngineering,172,MCQ,C,,
CE_GeotechnicalEngineering_173.png,CE/GeotechnicalEngineering/CE_GeotechnicalEngineering_173.png,CE,,GeotechnicalEngineering,173,MCQ,C,,
CE_GeotechnicalEngineering_174.png,CE/GeotechnicalEngineering/CE_GeotechnicalEngineering_174.png,CE,,GeotechnicalEngineering,174,MCQ,C,,
CE_StructuralEngineering_001.png,CE/StructuralEngineering/CE_StructuralEngineering_001.png,CE,,StructuralEngineering,1,MCQ,C,,
CE_StructuralEngineering_002.png,CE/StructuralEngineering/CE_StructuralEngineering_002.png,CE,,StructuralEngineering,2,MCQ,B,,
CE_StructuralEngineering_003.png,CE/StructuralEngineering/CE_StructuralEngineering_003.png,CE,,StructuralEngineering,3,MCQ,B,,
CE_StructuralEngineering_004.png,CE/StructuralEngineering/CE_StructuralEngineering_004.png,CE,,StructuralEngineering,4,MCQ,C,,
CE_StructuralEngineering_005.png,CE/StructuralEngineering/CE_StructuralEngineering_005.png,CE,,StructuralEngineering,5,MCQ,C,,
CE_StructuralEngineering_006.png,CE/StructuralEngineering/CE_StructuralEngineering_006.png,CE,,StructuralEngineering,6,MCQ,D,,
CE_StructuralEngineering_007.png,CE/StructuralEngineering/CE_StructuralEngineering_007.png,CE,,StructuralEngineering,7,MCQ,D,,
CE_StructuralEngineering_008.png,CE/StructuralEngineering/CE_StructuralEngineering_008.png,CE,,StructuralEngineering,8,MCQ,A,,
CE_StructuralEngineering_009.png,CE/StructuralEngineering/CE_StructuralEngineering_009.png,CE,,StructuralEngineering,9,MCQ,D,,
CE_StructuralEngineering_010.png,CE/StructuralEngineering/CE_StructuralEngineering_010.png,CE,,StructuralEngineering,10,MCQ,B,,
CE_StructuralEngineering_011.png,CE/StructuralEngineering/CE_StructuralEngineering_011.png,CE,,StructuralEngineering,11,MCQ,A,,
CE_StructuralEngineering_012.png,CE/StructuralEngineering/CE_StructuralEngineering_012.png,CE,,StructuralEngineering,12,MCQ,C,,
CE_StructuralEngineering_013.png,CE/StructuralEngineering/CE_StructuralEngineering_013.png,CE,,StructuralEngineering,13,MCQ,A,,
CE_StructuralEngineering_014.png,CE/StructuralEngineering/CE_StructuralEngineering_014.png,CE,,StructuralEngineering,14,MCQ,C,,
CE_StructuralEngineering_015.png,CE/StructuralEngineering/CE_StructuralEngineering_015.png,CE,,StructuralEngineering,15,MCQ,D,,
CE_StructuralEngineering_016.png,CE/StructuralEngineering/CE_StructuralEngineering_016.png,CE,,StructuralEngineering,16,MCQ,A,,
CE_StructuralEngineering_017.png,CE/StructuralEngineering/CE_StructuralEngineering_017.png,CE,,StructuralEngineering,17,MCQ,D,,
CE_StructuralEngineering_018.png,CE/StructuralEngineering/CE_StructuralEngineering_018.png,CE,,StructuralEngineering,18,MCQ,C,,
CE_StructuralEngineering_019.png,CE/StructuralEngineering/CE_StructuralEngineering_019.png,CE,,StructuralEngineering,19,MCQ,B,,
CE_StructuralEngineering_020.png,CE/StructuralEngineering/CE_StructuralEngineering_020.png,CE,,StructuralEngineering,20,MCQ,D,,
CE_StructuralEngineering_021.png,CE/StructuralEngineering/CE_StructuralEngineering_021.png,CE,,StructuralEngineering,21,MCQ,D,,
CE_StructuralEngineering_022.png,CE/StructuralEngineering/CE_StructuralEngineering_022.png,CE,,StructuralEngineering,22,MCQ,A,,
CE_StructuralEngineering_023.png,CE/StructuralEngineering/CE_StructuralEngineering_023.png,CE,,StructuralEngineering,23,MCQ,C,,
CE_StructuralEngineering_024.png,CE/StructuralEngineering/CE_StructuralEngineering_024.png,CE,,StructuralEngineering,24,MCQ,C,,
CE_StructuralEngineering_025.png,CE/StructuralEngineering/CE_StructuralEngineering_025.png,CE,,StructuralEngineering,25,MCQ,A,,
CE_StructuralEngineering_026.png,CE/StructuralEngineering/CE_StructuralEngineering_026.png,CE,,StructuralEngineering,26,MCQ,C,,
CE_StructuralEngineering_027.png,CE/StructuralEngineering/CE_StructuralEngineering_027.png,CE,,StructuralEngineering,27,MCQ,B,,
CE_StructuralEngineering_028.png,CE/StructuralEngineering/CE_StructuralEngineering_028.png,CE,,StructuralEngineering,28,MCQ,C,,
CE_StructuralEngineering_029.png,CE/StructuralEngineering/CE_StructuralEngineering_029.png,CE,,StructuralEngineering,29,MCQ,A,,
CE_StructuralEngineering_030.png,CE/StructuralEngineering/CE_StructuralEngineering_030.png,CE,,StructuralEngineering,30,MCQ,C,,
CE_StructuralEngineering_031.png,CE/StructuralEngineering/CE_StructuralEngineering_031.png,CE,,StructuralEngineering,31,MCQ,D,,
CE_StructuralEngineering_032.png,CE/StructuralEngineering/CE_StructuralEngineering_032.png,CE,,StructuralEngineering,32,MCQ,B,,
CE_StructuralEngineering_033.png,CE/StructuralEngineering/CE_StructuralEngineering_033.png,CE,,StructuralEngineering,33,MCQ,B,,
CE_StructuralEngineering_034.png,CE/StructuralEngineering/CE_StructuralEngineering_034.png,CE,,StructuralEngineering,34,MCQ,B,,
CE_StructuralEngineering_035.png,CE/StructuralEngineering/CE_StructuralEngineering_035.png,CE,,StructuralEngineering,35,MCQ,C,,
CE_StructuralEngineering_036.png,CE/StructuralEngineering/CE_StructuralEngineering_036.png,CE,,StructuralEngineering,36,MCQ,A,,
CE_StructuralEngineering_037.png,CE/StructuralEngineering/CE_StructuralEngineering_037.png,CE,,StructuralEngineering,37,MCQ,B,,
CE_StructuralEngineering_038.png,CE/StructuralEngineering/CE_StructuralEngineering_038.png,CE,,StructuralEngineering,38,MCQ,D,,
CE_StructuralEngineering_039.png,CE/StructuralEngineering/CE_StructuralEngineering_039.png,CE,,StructuralEngineering,39,MCQ,C,,
CE_StructuralEngineering_040.png,CE/StructuralEngineering/CE_StructuralEngineering_040.png,CE,,StructuralEngineering,40,MCQ,A,,
CE_StructuralEngineering_041.png,CE/StructuralEngineering/CE_StructuralEngineering_041.png,CE,,StructuralEngineering,41,MCQ,B,,
CE_StructuralEngineering_042.png,CE/StructuralEngineering/CE_StructuralEngineering_042.png,CE,,StructuralEngineering,42,MCQ,C,,
CE_StructuralEngineering_043.png,CE/StructuralEngineering/CE_StructuralEngineering_043.png,CE,,StructuralEngineering,43,MCQ,D,,
CE_StructuralEngineering_044.png,CE/StructuralEngineering/CE_StructuralEngineering_044.png,CE,,StructuralEngineering,44,MCQ,B,,
CE_StructuralEngineering_045.png,CE/StructuralEngineering/CE_StructuralEngineering_045.png,CE,,StructuralEngineering,45,MCQ,A,,
CE_StructuralEngineering_046.png,CE/StructuralEngineering/CE_StructuralEngineering_046.png,CE,,StructuralEngineering,46,MCQ,D,,
CE_StructuralEngineering_047.png,CE/StructuralEngineering/CE_StructuralEngineering_047.png,CE,,StructuralEngineering,47,MCQ,A,,
CE_StructuralEngineering_048.png,CE/StructuralEngineering/CE_StructuralEngineering_048.png,CE,,StructuralEngineering,48,MCQ,B,,
CE_StructuralEngineering_049.png,CE/StructuralEngineering/CE_StructuralEngineering_049.png,CE,,StructuralEngineering,49,MCQ,A,,
CE_StructuralEngineering_050.png,CE/StructuralEngineering/CE_StructuralEngineering_050.png,CE,,StructuralEngineering,50,MCQ,A,,
CE_StructuralEngineering_051.png,CE/StructuralEngineering/CE_StructuralEngineering_051.png,CE,,StructuralEngineering,51,MCQ,C,,
CE_StructuralEngineering_052.png,CE/StructuralEngineering/CE_StructuralEngineering_052.png,CE,,StructuralEngineering,52,MCQ,A,,
CE_StructuralEngineering_053.png,CE/StructuralEngineering/CE_StructuralEngineering_053.png,CE,,StructuralEngineering,53,MCQ,C,,
CE_StructuralEngineering_054.png,CE/StructuralEngineering/CE_StructuralEngineering_054.png,CE,,StructuralEngineering,54,MCQ,B,,
CE_StructuralEngineering_055.png,CE/StructuralEngineering/CE_StructuralEngineering_055.png,CE,,StructuralEngineering,55,MCQ,A,,
CE_StructuralEngineering_056.png,CE/StructuralEngineering/CE_StructuralEngineering_056.png,CE,,StructuralEngineering,56,MCQ,C,,
CE_StructuralEngineering_057.png,CE/StructuralEngineering/CE_StructuralEngineering_057.png,CE,,StructuralEngineering,57,MCQ,B,,
CE_StructuralEngineering_058.png,CE/StructuralEngineering/CE_StructuralEngineering_058.png,CE,,StructuralEngineering,58,MCQ,A,,
CE_StructuralEngineering_059.png,CE/StructuralEngineering/CE_StructuralEngineering_059.png,CE,,StructuralEngineering,59,MCQ,C,,
CE_StructuralEngineering_060.png,CE/StructuralEngineering/CE_StructuralEngineering_060.png,CE,,StructuralEngineering,60,MCQ,C,,
CE_StructuralEngineering_061.png,CE/StructuralEngineering/CE_StructuralEngineering_061.png,CE,,StructuralEngineering,61,MCQ,B,,
CE_StructuralEngineering_062.png,CE/StructuralEngineering/CE_StructuralEngineering_062.png,CE,,StructuralEngineering,62,MCQ,B,,
CE_StructuralEngineering_063.png,CE/StructuralEngineering/CE_StructuralEngineering_063.png,CE,,StructuralEngineering,63,MCQ,D,,
CE_StructuralEngineering_064.png,CE/StructuralEngineering/CE_StructuralEngineering_064.png,CE,,StructuralEngineering,64,MCQ,A,,
CE_StructuralEngineering_065.png,CE/StructuralEngineering/CE_StructuralEngineering_065.png,CE,,StructuralEngineering,65,MCQ,C,,
CE_StructuralEngineering_066.png,CE/StructuralEngineering/CE_StructuralEngineering_066.png,CE,,StructuralEngineering,66,MCQ,A,,
CE_StructuralEngineering_067.png,CE/StructuralEngineering/CE_StructuralEngineering_067.png,CE,,StructuralEngineering,67,MCQ,B,,
CE_StructuralEngineering_068.png,CE/StructuralEngineering/CE_StructuralEngineering_068.png,CE,,StructuralEngineering,68,MCQ,C,,
CE_StructuralEngineering_069.png,CE/StructuralEngineering/CE_StructuralEngineering_069.png,CE,,StructuralEngineering,69,MCQ,B,,
CE_StructuralEngineering_070.png,CE/StructuralEngineering/CE_StructuralEngineering_070.png,CE,,StructuralEngineering,70,MCQ,B,,
CE_StructuralEngineering_071.png,CE/StructuralEngineering/CE_StructuralEngineering_071.png,CE,,StructuralEngineering,71,MCQ,C,,
CE_StructuralEngineering_072.png,CE/StructuralEngineering/CE_StructuralEngineering_072.png,CE,,StructuralEngineering,72,MCQ,B,,
CE_StructuralEngineering_073.png,CE/StructuralEngineering/CE_StructuralEngineering_073.png,CE,,StructuralEngineering,73,MCQ,D,,
CE_StructuralEngineering_074.png,CE/StructuralEngineering/CE_StructuralEngineering_074.png,CE,,StructuralEngineering,74,MCQ,A,,
CE_StructuralEngineering_075.png,CE/StructuralEngineering/CE_StructuralEngineering_075.png,CE,,StructuralEngineering,75,MCQ,D,,
CE_StructuralEngineering_076.png,CE/StructuralEngineering/CE_StructuralEngineering_076.png,CE,,StructuralEngineering,76,MCQ,C,,
CE_StructuralEngineering_077.png,CE/StructuralEngineering/CE_StructuralEngineering_077.png,CE,,StructuralEngineering,77,MCQ,D,,
CE_StructuralEngineering_078.png,CE/StructuralEngineering/CE_StructuralEngineering_078.png,CE,,StructuralEngineering,78,MCQ,B,,
CE_StructuralEngineering_079.png,CE/StructuralEngineering/CE_StructuralEngineering_079.png,CE,,StructuralEngineering,79,MCQ,D,,
CE_StructuralEngineering_080.png,CE/StructuralEngineering/CE_StructuralEngineering_080.png,CE,,StructuralEngineering,80,MCQ,D,,
CE_StructuralEngineering_081.png,CE/StructuralEngineering/CE_StructuralEngineering_081.png,CE,,StructuralEngineering,81,MCQ,B,,
CE_StructuralEngineering_082.png,CE/StructuralEngineering/CE_StructuralEngineering_082.png,CE,,StructuralEngineering,82,MCQ,D,,
CE_StructuralEngineering_083.png,CE/StructuralEngineering/CE_StructuralEngineering_083.png,CE,,StructuralEngineering,83,MCQ,A,,
CE_StructuralEngineering_084.png,CE/StructuralEngineering/CE_StructuralEngineering_084.png,CE,,StructuralEngineering,84,MCQ,A,,
CE_StructuralEngineering_085.png,CE/StructuralEngineering/CE_StructuralEngineering_085.png,CE,,StructuralEngineering,85,MCQ,A,,
CE_StructuralEngineering_086.png,CE/StructuralEngineering/CE_StructuralEngineering_086.png,CE,,StructuralEngineering,86,MCQ,D,,
CE_StructuralEngineering_087.png,CE/StructuralEngineering/CE_StructuralEngineering_087.png,CE,,StructuralEngineering,87,MCQ,B,,
CE_StructuralEngineering_088.png,CE/StructuralEngineering/CE_StructuralEngineering_088.png,CE,,StructuralEngineering,88,MCQ,A,,
CE_StructuralEngineering_089.png,CE/StructuralEngineering/CE_StructuralEngineering_089.png,CE,,StructuralEngineering,89,MCQ,C,,
CE_StructuralEngineering_090.png,CE/StructuralEngineering/CE_StructuralEngineering_090.png,CE,,StructuralEngineering,90,MCQ,C,,
CE_StructuralEngineering_091.png,CE/StructuralEngineering/CE_StructuralEngineering_091.png,CE,,StructuralEngineering,91,MCQ,B,,
CE_StructuralEngineering_092.png,CE/StructuralEngineering/CE_StructuralEngineering_092.png,CE,,StructuralEngineering,92,MCQ,D,,
CE_StructuralEngineering_093.png,CE/StructuralEngineering/CE_StructuralEngineering_093.png,CE,,StructuralEngineering,93,MCQ,B,,
CE_StructuralEngineering_094.png,CE/StructuralEngineering/CE_StructuralEngineering_094.png,CE,,StructuralEngineering,94,MCQ,C,,
CE_StructuralEngineering_095.png,CE/StructuralEngineering/CE_StructuralEngineering_095.png,CE,,StructuralEngineering,95,MCQ,B,,
CE_StructuralEngineering_096.png,CE/StructuralEngineering/CE_StructuralEngineering_096.png,CE,,StructuralEngineering,96,MCQ,C,,
CE_StructuralEngineering_097.png,CE/StructuralEngineering/CE_StructuralEngineering_097.png,CE,,StructuralEngineering,97,MCQ,A,,
CE_StructuralEngineering_098.png,CE/StructuralEngineering/CE_StructuralEngineering_098.png,CE,,StructuralEngineering,98,MCQ,A,,
CE_StructuralEngineering_099.png,CE/StructuralEngineering/CE_StructuralEngineering_099.png,CE,,StructuralEngineering,99,MCQ,D,,
CE_StructuralEngineering_100.png,CE/StructuralEngineering/CE_StructuralEngineering_100.png,CE,,StructuralEngineering,100,MCQ,C,,
CE_StructuralEngineering_101.png,CE/StructuralEngineering/CE_StructuralEngineering_101.png,CE,,StructuralEngineering,101,MCQ,C,,
CE_StructuralEngineering_102.png,CE/StructuralEngineering/CE_StructuralEngineering_102.png,CE,,StructuralEngineering,102,MCQ,B,,
CE_StructuralEngineering_103.png,CE/StructuralEngineering/CE_StructuralEngineering_103.png,CE,,StructuralEngineering,103,MCQ,A,,
CE_StructuralEngineering_104.png,CE/StructuralEngineering/CE_StructuralEngineering_104.png,CE,,StructuralEngineering,104,MCQ,C,,
CE_StructuralEngineering_105.png,CE/StructuralEngineering/CE_StructuralEngineering_105.png,CE,,StructuralEngineering,105,MCQ,C,,
CE_StructuralEngineering_106.png,CE/StructuralEngineering/CE_StructuralEngineering_106.png,CE,,StructuralEngineering,106,MCQ,B,,
CE_StructuralEngineering_107.png,CE/StructuralEngineering/CE_StructuralEngineering_107.png,CE,,StructuralEngineering,107,MCQ,A,,
CE_StructuralEngineering_108.png,CE/StructuralEngineering/CE_StructuralEngineering_108.png,CE,,StructuralEngineering,108,MCQ,D,,
CE_StructuralEngineering_109.png,CE/StructuralEngineering/CE_StructuralEngineering_109.png,CE,,StructuralEngineering,109,MCQ,B,,
CE_StructuralEngineering_110.png,CE/StructuralEngineering/CE_StructuralEngineering_110.png,CE,,StructuralEngineering,110,MCQ,C,,
CE_StructuralEngineering_111.png,CE/StructuralEngineering/CE_StructuralEngineering_111.png,CE,,StructuralEngineering,111,MCQ,B,,
CE_StructuralEngineering_112.png,CE/StructuralEngineering/CE_StructuralEngineering_112.png,CE,,StructuralEngineering,112,MCQ,C,,
CE_StructuralEngineering_113.png,CE/StructuralEngineering/CE_StructuralEngineering_113.png,CE,,StructuralEngineering,113,MCQ,C,,
CE_StructuralEngineering_114.png,CE/StructuralEngineering/CE_StructuralEngineering_114.png,CE,,StructuralEngineering,114,MCQ,D,,
CE_StructuralEngineering_115.png,CE/StructuralEngineering/CE_StructuralEngineering_115.png,CE,,StructuralEngineering,115,MCQ,D,,
CE_StructuralEngineering_116.png,CE/StructuralEngineering/CE_StructuralEngineering_116.png,CE,,StructuralEngineering,116,MCQ,C,,
CE_StructuralEngineering_117.png,CE/StructuralEngineering/CE_StructuralEngineering_117.png,CE,,StructuralEngineering,117,MCQ,A,,
CE_StructuralEngineering_118.png,CE/StructuralEngineering/CE_StructuralEngineering_118.png,CE,,StructuralEngineering,118,MCQ,C,,
CE_StructuralEngineering_119.png,CE/StructuralEngineering/CE_StructuralEngineering_119.png,CE,,StructuralEngineering,119,MCQ,B,,
CE_StructuralEngineering_120.png,CE/StructuralEngineering/CE_StructuralEngineering_120.png,CE,,StructuralEngineering,120,MCQ,A,,
CE_StructuralEngineering_121.png,CE/StructuralEngineering/CE_StructuralEngineering_121.png,CE,,StructuralEngineering,121,MCQ,D,,
CE_StructuralEngineering_122.png,CE/StructuralEngineering/CE_StructuralEngineering_122.png,CE,,StructuralEngineering,122,MCQ,C,,
CE_StructuralEngineering_123.png,CE/StructuralEngineering/CE_StructuralEngineering_123.png,CE,,StructuralEngineering,123,MCQ,B,,
CE_StructuralEngineering_124.png,CE/StructuralEngineering/CE_StructuralEngineering_124.png,CE,,StructuralEngineering,124,MCQ,D,,
CE_StructuralEngineering_125.png,CE/StructuralEngineering/CE_StructuralEngineering_125.png,CE,,StructuralEngineering,125,MCQ,A,,
CE_StructuralEngineering_126.png,CE/StructuralEngineering/CE_StructuralEngineering_126.png,CE,,StructuralEngineering,126,MCQ,C,,
CE_StructuralEngineering_127.png,CE/StructuralEngineering/CE_StructuralEngineering_127.png,CE,,StructuralEngineering,127,MCQ,C,,
CE_StructuralEngineering_128.png,CE/StructuralEngineering/CE_StructuralEngineering_128.png,CE,,StructuralEngineering,128,MCQ,D,,
CE_StructuralEngineering_129.png,CE/StructuralEngineering/CE_StructuralEngineering_129.png,CE,,StructuralEngineering,129,MCQ,B,,
CE_StructuralEngineering_130.png,CE/StructuralEngineering/CE_StructuralEngineering_130.png,CE,,StructuralEngineering,130,MCQ,D,,
CE_StructuralEngineering_131.png,CE/StructuralEngineering/CE_StructuralEngineering_131.png,CE,,StructuralEngineering,131,MCQ,A,,
CE_StructuralEngineering_132.png,CE/StructuralEngineering/CE_StructuralEngineering_132.png,CE,,StructuralEngineering,132,MCQ,A,,
CE_StructuralEngineering_133.png,CE/StructuralEngineering/CE_StructuralEngineering_133.png,CE,,StructuralEngineering,133,MCQ,C,,
CE_StructuralEngineering_134.png,CE/StructuralEngineering/CE_StructuralEngineering_134.png,CE,,StructuralEngineering,134,MCQ,D,,
CE_StructuralEngineering_135.png,CE/StructuralEngineering/CE_StructuralEngineering_135.png,CE,,StructuralEngineering,135,MCQ,A,,
CE_StructuralEngineering_136.png,CE/StructuralEngineering/CE_StructuralEngineering_136.png,CE,,StructuralEngineering,136,MCQ,C,,
CE_StructuralEngineering_137.png,CE/StructuralEngineering/CE_StructuralEngineering_137.png,CE,,StructuralEngineering,137,MCQ,D,,
CE_StructuralEngineering_138.png,CE/StructuralEngineering/CE_StructuralEngineering_138.png,CE,,StructuralEngineering,138,MCQ,D,,
CE_StructuralEngineering_139.png,CE/StructuralEngineering/CE_StructuralEngineering_139.png,CE,,StructuralEngineering,139,MCQ,C,,
CE_StructuralEngineering_140.png,CE/StructuralEngineering/CE_StructuralEngineering_140.png,CE,,StructuralEngineering,140,MCQ,B,,
CE_StructuralEngineering_141.png,CE/StructuralEngineering/CE_StructuralEngineering_141.png,CE,,StructuralEngineering,141,MCQ,A,,
CE_StructuralEngineering_142.png,CE/StructuralEngineering/CE_StructuralEngineering_142.png,CE,,StructuralEngineering,142,MCQ,B,,
CE_StructuralEngineering_143.png,CE/StructuralEngineering/CE_StructuralEngineering_143.png,CE,,StructuralEngineering,143,MCQ,A,,
CE_StructuralEngineering_144.png,CE/StructuralEngineering/CE_StructuralEngineering_144.png,CE,,StructuralEngineering,144,MCQ,C,,
CE_StructuralEngineering_145.png,CE/StructuralEngineering/CE_StructuralEngineering_145.png,CE,,StructuralEngineering,145,MCQ,B,,
CE_StructuralEngineering_146.png,CE/StructuralEngineering/CE_StructuralEngineering_146.png,CE,,StructuralEngineering,146,MCQ,A,,
CE_StructuralEngineering_147.png,CE/StructuralEngineering/CE_StructuralEngineering_147.png,CE,,StructuralEngineering,147,MCQ,B,,
CE_StructuralEngineering_148.png,CE/StructuralEngineering/CE_StructuralEngineering_148.png,CE,,StructuralEngineering,148,MCQ,B,,
CE_StructuralEngineering_149.png,CE/StructuralEngineering/CE_StructuralEngineering_149.png,CE,,StructuralEngineering,149,MCQ,D,,
CE_StructuralEngineering_150.png,CE/StructuralEngineering/CE_StructuralEngineering_150.png,CE,,StructuralEngineering,150,MCQ,A,,
CE_StructuralEngineering_151.png,CE/StructuralEngineering/CE_StructuralEngineering_151.png,CE,,StructuralEngineering,151,MCQ,B,,
CE_StructuralEngineering_152.png,CE/StructuralEngineering/CE_StructuralEngineering_152.png,CE,,StructuralEngineering,152,MCQ,B,,
CE_StructuralEngineering_153.png,CE/StructuralEngineering/CE_StructuralEngineering_153.png,CE,,StructuralEngineering,153,MCQ,B,,
CE_StructuralEngineering_154.png,CE/StructuralEngineering/CE_StructuralEngineering_154.png,CE,,StructuralEngineering,154,MCQ,A,,
CE_StructuralEngineering_155.png,CE/StructuralEngineering/CE_StructuralEngineering_155.png,CE,,StructuralEngineering,155,MCQ,A,,
CE_StructuralEngineering_156.png,CE/StructuralEngineering/CE_StructuralEngineering_156.png,CE,,StructuralEngineering,156,MCQ,B,,
CE_StructuralEngineering_157.png,CE/StructuralEngineering/CE_StructuralEngineering_157.png,CE,,StructuralEngineering,157,MCQ,A,,
CE_StructuralEngineering_158.png,CE/StructuralEngineering/CE_StructuralEngineering_158.png,CE,,StructuralEngineering,158,MCQ,B,,
CE_StructuralEngineering_159.png,CE/StructuralEngineering/CE_StructuralEngineering_159.png,CE,,StructuralEngineering,159,MCQ,B,,
CE_StructuralEngineering_160.png,CE/StructuralEngineering/CE_StructuralEngineering_160.png,CE,,StructuralEngineering,160,MCQ,A,,
CE_StructuralEngineering_161.png,CE/StructuralEngineering/CE_StructuralEngineering_161.png,CE,,StructuralEngineering,161,MCQ,B,,
CE_StructuralEngineering_162.png,CE/StructuralEngineering/CE_StructuralEngineering_162.png,CE,,StructuralEngineering,162,MCQ,B,,
CE_StructuralEngineering_163.png,CE/StructuralEngineering/CE_StructuralEngineering_163.png,CE,,StructuralEngineering,163,MCQ,D,,
CE_StructuralEngineering_164.png,CE/StructuralEngineering/CE_StructuralEngineering_164.png,CE,,StructuralEngineering,164,MCQ,B,,
CE_StructuralEngineering_165.png,CE/StructuralEngineering/CE_StructuralEngineering_165.png,CE,,StructuralEngineering,165,MCQ,B,,
CE_StructuralEngineering_166.png,CE/StructuralEngineering/CE_StructuralEngineering_166.png,CE,,StructuralEngineering,166,MCQ,D,,
CE_StructuralEngineering_167.png,CE/StructuralEngineering/CE_StructuralEngineering_167.png,CE,,StructuralEngineering,167,MCQ,C,,
CE_StructuralEngineering_168.png,CE/StructuralEngineering/CE_StructuralEngineering_168.png,CE,,StructuralEngineering,168,MCQ,B,,
CE_StructuralEngineering_169.png,CE/StructuralEngineering/CE_StructuralEngineering_169.png,CE,,StructuralEngineering,169,MCQ,A,,
CE_StructuralEngineering_170.png,CE/StructuralEngineering/CE_StructuralEngineering_170.png,CE,,StructuralEngineering,170,MCQ,D,,
CE_StructuralEngineering_171.png,CE/StructuralEngineering/CE_StructuralEngineering_171.png,CE,,StructuralEngineering,171,MCQ,B,,
CE_StructuralEngineering_172.png,CE/StructuralEngineering/CE_StructuralEngineering_172.png,CE,,StructuralEngineering,172,MCQ,D,,
CE_StructuralEngineering_173.png,CE/StructuralEngineering/CE_StructuralEngineering_173.png,CE,,StructuralEngineering,173,MCQ,D,,
CE_StructuralEngineering_174.png,CE/StructuralEngineering/CE_StructuralEngineering_174.png,CE,,StructuralEngineering,174,MCQ,B,,
CE_StructuralEngineering_175.png,CE/StructuralEngineering/CE_StructuralEngineering_175.png,CE,,StructuralEngineering,175,MCQ,B,,
CE_StructuralEngineering_176.png,CE/StructuralEngineering/CE_StructuralEngineering_176.png,CE,,StructuralEngineering,176,MCQ,B,,
CE_StructuralEngineering_177.png,CE/StructuralEngineering/CE_StructuralEngineering_177.png,CE,,StructuralEngineering,177,MCQ,B,,
CE_StructuralEngineering_178.png,CE/StructuralEngineering/CE_StructuralEngineering_178.png,CE,,StructuralEngineering,178,MCQ,D,,
CE_StructuralEngineering_179.png,CE/StructuralEngineering/CE_StructuralEngineering_179.png,CE,,StructuralEngineering,179,MCQ,D,,
CE_StructuralEngineering_180.png,CE/StructuralEngineering/CE_StructuralEngineering_180.png,CE,,StructuralEngineering,180,MCQ,D,,
CE_StructuralEngineering_181.png,CE/StructuralEngineering/CE_StructuralEngineering_181.png,CE,,StructuralEngineering,181,MCQ,A,,
CE_StructuralEngineering_182.png,CE/StructuralEngineering/CE_StructuralEngineering_182.png,CE,,StructuralEngineering,182,MCQ,D,,
CE_StructuralEngineering_183.png,CE/StructuralEngineering/CE_StructuralEngineering_183.png,CE,,StructuralEngineering,183,MCQ,C,,
CE_StructuralEngineering_184.png,CE/StructuralEngineering/CE_StructuralEngineering_184.png,CE,,StructuralEngineering,184,MCQ,A,,
CE_StructuralEngineering_185.png,CE/StructuralEngineering/CE_StructuralEngineering_185.png,CE,,StructuralEngineering,185,MCQ,C,,
CE_StructuralEngineering_186.png,CE/StructuralEngineering/CE_StructuralEngineering_186.png,CE,,StructuralEngineering,186,MCQ,A,,
CE_StructuralEngineering_187.png,CE/StructuralEngineering/CE_StructuralEngineering_187.png,CE,,StructuralEngineering,187,MCQ,B,,
CE_StructuralEngineering_188.png,CE/StructuralEngineering/CE_StructuralEngineering_188.png,CE,,StructuralEngineering,188,MCQ,A,,
CE_StructuralEngineering_189.png,CE/StructuralEngineering/CE_StructuralEngineering_189.png,CE,,StructuralEngineering,189,MCQ,D,,
CE_StructuralEngineering_190.png,CE/StructuralEngineering/CE_StructuralEngineering_190.png,CE,,StructuralEngineering,190,MCQ,B,,
CE_StructuralEngineering_191.png,CE/StructuralEngineering/CE_StructuralEngineering_191.png,CE,,StructuralEngineering,191,MCQ,B,,
CE_StructuralEngineering_192.png,CE/StructuralEngineering/CE_StructuralEngineering_192.png,CE,,StructuralEngineering,192,MCQ,B,,
CE_StructuralEngineering_193.png,CE/StructuralEngineering/CE_StructuralEngineering_193.png,CE,,StructuralEngineering,193,MCQ,D,,
CE_StructuralEngineering_194.png,CE/StructuralEngineering/CE_StructuralEngineering_194.png,CE,,StructuralEngineering,194,MCQ,C,,
CE_StructuralEngineering_195.png,CE/StructuralEngineering/CE_StructuralEngineering_195.png,CE,,StructuralEngineering,195,MCQ,B or D,,
CE_StructuralEngineering_196.png,CE/StructuralEngineering/CE_StructuralEngineering_196.png,CE,,StructuralEngineering,196,MCQ,A,,
CE_StructuralEngineering_197.png,CE/StructuralEngineering/CE_StructuralEngineering_197.png,CE,,StructuralEngineering,197,MCQ,B,,
CE_StructuralEngineering_198.png,CE/StructuralEngineering/CE_StructuralEngineering_198.png,CE,,StructuralEngineering,198,MCQ,C,,
CE_StructuralEngineering_199.png,CE/StructuralEngineering/CE_StructuralEngineering_199.png,CE,,StructuralEngineering,199,MCQ,A,,
CE_StructuralEngineering_200.png,CE/StructuralEngineering/CE_StructuralEngineering_200.png,CE,,StructuralEngineering,200,MCQ,D,,
CE_StructuralEngineering_201.png,CE/StructuralEngineering/CE_StructuralEngineering_201.png,CE,,StructuralEngineering,201,MCQ,C,,
CE_StructuralEngineering_202.png,CE/StructuralEngineering/CE_StructuralEngineering_202.png,CE,,StructuralEngineering,202,MCQ,A,,
CE_StructuralEngineering_203.png,CE/StructuralEngineering/CE_StructuralEngineering_203.png,CE,,StructuralEngineering,203,MCQ,C,,
CE_StructuralEngineering_204.png,CE/StructuralEngineering/CE_StructuralEngineering_204.png,CE,,StructuralEngineering,204,MCQ,D,,
CE_StructuralEngineering_205.png,CE/StructuralEngineering/CE_StructuralEngineering_205.png,CE,,StructuralEngineering,205,MCQ,B,,
CE_StructuralEngineering_206.png,CE/StructuralEngineering/CE_StructuralEngineering_206.png,CE,,StructuralEngineering,206,MCQ,B,,
CE_StructuralEngineering_207.png,CE/StructuralEngineering/CE_StructuralEngineering_207.png,CE,,StructuralEngineering,207,MCQ,C,,
CE_StructuralEngineering_208.png,CE/StructuralEngineering/CE_StructuralEngineering_208.png,CE,,StructuralEngineering,208,MCQ,B,,
CE_StructuralEngineering_209.png,CE/StructuralEngineering/CE_StructuralEngineering_209.png,CE,,StructuralEngineering,209,MCQ,D,,
CE_StructuralEngineering_210.png,CE/StructuralEngineering/CE_StructuralEngineering_210.png,CE,,StructuralEngineering,210,MCQ,C,,
CE_StructuralEngineering_211.png,CE/StructuralEngineering/CE_StructuralEngineering_211.png,CE,,StructuralEngineering,211,MCQ,D,,
CE_StructuralEngineering_212.png,CE/StructuralEngineering/CE_StructuralEngineering_212.png,CE,,StructuralEngineering,212,MCQ,A,,
CE_StructuralEngineering_213.png,CE/StructuralEngineering/CE_StructuralEngineering_213.png,CE,,StructuralEngineering,213,MCQ,C,,
CE_StructuralEngineering_214.png,CE/StructuralEngineering/CE_StructuralEngineering_214.png,CE,,StructuralEngineering,214,MCQ,D,,
CE_StructuralEngineering_215.png,CE/StructuralEngineering/CE_StructuralEngineering_215.png,CE,,StructuralEngineering,215,MCQ,B,,
CE_StructuralEngineering_216.png,CE/StructuralEngineering/CE_StructuralEngineering_216.png,CE,,StructuralEngineering,216,MCQ,B,,
CE_StructuralEngineering_217.png,CE/StructuralEngineering/CE_StructuralEngineering_217.png,CE,,StructuralEngineering,217,MCQ,B,,
CE_StructuralEngineering_218.png,CE/StructuralEngineering/CE_StructuralEngineering_218.png,CE,,StructuralEngineering,218,MCQ,C,,
CE_StructuralEngineering_219.png,CE/StructuralEngineering/CE_StructuralEngineering_219.png,CE,,StructuralEngineering,219,MCQ,A,,
CE_StructuralEngineering_220.png,CE/StructuralEngineering/CE_StructuralEngineering_220.png,CE,,StructuralEngineering,220,MCQ,C,,
CE_StructuralEngineering_221.png,CE/StructuralEngineering/CE_StructuralEngineering_221.png,CE,,StructuralEngineering,221,MCQ,B,,
CE_StructuralEngineering_222.png,CE/StructuralEngineering/CE_StructuralEngineering_222.png,CE,,StructuralEngineering,222,MCQ,C,,
CE_StructuralEngineering_223.png,CE/StructuralEngineering/CE_StructuralEngineering_223.png,CE,,StructuralEngineering,223,MCQ,D,,
CE_StructuralEngineering_224.png,CE/StructuralEngineering/CE_StructuralEngineering_224.png,CE,,StructuralEngineering,224,MCQ,D,,
CE_StructuralEngineering_225.png,CE/StructuralEngineering/CE_StructuralEngineering_225.png,CE,,StructuralEngineering,225,MCQ,D,,
CE_StructuralEngineering_226.png,CE/StructuralEngineering/CE_StructuralEngineering_226.png,CE,,StructuralEngineering,226,MCQ,B,,
CE_StructuralEngineering_227.png,CE/StructuralEngineering/CE_StructuralEngineering_227.png,CE,,StructuralEngineering,227,MCQ,D,,
CE_StructuralEngineering_228.png,CE/StructuralEngineering/CE_StructuralEngineering_228.png,CE,,StructuralEngineering,228,MCQ,B,,
CE_StructuralEngineering_229.png,CE/StructuralEngineering/CE_StructuralEngineering_229.png,CE,,StructuralEngineering,229,MCQ,C,,
CE_StructuralEngineering_230.png,CE/StructuralEngineering/CE_StructuralEngineering_230.png,CE,,StructuralEngineering,230,MCQ,A or B,,
CE_StructuralEngineering_231.png,CE/StructuralEngineering/CE_StructuralEngineering_231.png,CE,,StructuralEngineering,231,MCQ,A,,
CE_StructuralEngineering_232.png,CE/StructuralEngineering/CE_StructuralEngineering_232.png,CE,,StructuralEngineering,232,MCQ,B,,
CE_StructuralEngineering_233.png,CE/StructuralEngineering/CE_StructuralEngineering_233.png,CE,,StructuralEngineering,233,MCQ,C,,
CE_StructuralEngineering_234.png,CE/StructuralEngineering/CE_StructuralEngineering_234.png,CE,,StructuralEngineering,234,MCQ,D,,
CE_StructuralEngineering_235.png,CE/StructuralEngineering/CE_StructuralEngineering_235.png,CE,,StructuralEngineering,235,MCQ,A,,
CE_StructuralEngineering_236.png,CE/StructuralEngineering/CE_StructuralEngineering_236.png,CE,,StructuralEngineering,236,MCQ,A,,
CE_StructuralEngineering_237.png,CE/StructuralEngineering/CE_StructuralEngineering_237.png,CE,,StructuralEngineering,237,MCQ,A,,
CE_StructuralEngineering_238.png,CE/StructuralEngineering/CE_StructuralEngineering_238.png,CE,,StructuralEngineering,238,MCQ,C,,
CE_StructuralEngineering_239.png,CE/StructuralEngineering/CE_StructuralEngineering_239.png,CE,,StructuralEngineering,239,MCQ,C,,
CE_StructuralEngineering_240.png,CE/StructuralEngineering/CE_StructuralEngineering_240.png,CE,,StructuralEngineering,240,MCQ,B,,
CE_StructuralEngineering_241.png,CE/StructuralEngineering/CE_StructuralEngineering_241.png,CE,,StructuralEngineering,241,MCQ,A,,
CE_StructuralEngineering_242.png,CE/StructuralEngineering/CE_StructuralEngineering_242.png,CE,,StructuralEngineering,242,MCQ,A,,
CE_StructuralEngineering_243.png,CE/StructuralEngineering/CE_StructuralEngineering_243.png,CE,,StructuralEngineering,243,MCQ,C,,
CE_StructuralEngineering_244.png,CE/StructuralEngineering/CE_StructuralEngineering_244.png,CE,,StructuralEngineering,244,MCQ,D,,
CE_StructuralEngineering_245.png,CE/StructuralEngineering/CE_StructuralEngineering_245.png,CE,,StructuralEngineering,245,MCQ,B,,
CE_StructuralEngineering_246.png,CE/StructuralEngineering/CE_StructuralEngineering_246.png,CE,,StructuralEngineering,246,MCQ,A,,
CE_StructuralEngineering_247.png,CE/StructuralEngineering/CE_StructuralEngineering_247.png,CE,,StructuralEngineering,247,MCQ,A,,
CE_StructuralEngineering_248.png,CE/StructuralEngineering/CE_StructuralEngineering_248.png,CE,,StructuralEngineering,248,MCQ,A,,
CE_StructuralEngineering_249.png,CE/StructuralEngineering/CE_StructuralEngineering_249.png,CE,,StructuralEngineering,249,MCQ,D,,
CE_StructuralEngineering_250.png,CE/StructuralEngineering/CE_StructuralEngineering_250.png,CE,,StructuralEngineering,250,MCQ,C,,
CE_StructuralEngineering_251.png,CE/StructuralEngineering/CE_StructuralEngineering_251.png,CE,,StructuralEngineering,251,MCQ,C,,
CE_StructuralEngineering_252.png,CE/StructuralEngineering/CE_StructuralEngineering_252.png,CE,,StructuralEngineering,252,MCQ,A,,
CE_StructuralEngineering_253.png,CE/StructuralEngineering/CE_StructuralEngineering_253.png,CE,,StructuralEngineering,253,MCQ,D,,
CE_StructuralEngineering_254.png,CE/StructuralEngineering/CE_StructuralEngineering_254.png,CE,,StructuralEngineering,254,MCQ,C,,
CE_StructuralEngineering_255.png,CE/StructuralEngineering/CE_StructuralEngineering_255.png,CE,,StructuralEngineering,255,MCQ,C,,
CE_StructuralEngineering_256.png,CE/StructuralEngineering/CE_StructuralEngineering_256.png,CE,,StructuralEngineering,256,MCQ,C,,
CE_StructuralEngineering_257.png,CE/StructuralEngineering/CE_StructuralEngineering_257.png,CE,,StructuralEngineering,257,MCQ,B,,
CE_StructuralEngineering_258.png,CE/StructuralEngineering/CE_StructuralEngineering_258.png,CE,,StructuralEngineering,258,MCQ,B,,
CE_StructuralEngineering_259.png,CE/StructuralEngineering/CE_StructuralEngineering_259.png,CE,,StructuralEngineering,259,MCQ,C,,
CE_StructuralEngineering_260.png,CE/StructuralEngineering/CE_StructuralEngineering_260.png,CE,,StructuralEngineering,260,MCQ,C,,
CE_StructuralEngineering_261.png,CE/StructuralEngineering/CE_StructuralEngineering_261.png,CE,,StructuralEngineering,261,MCQ,A,,
CE_StructuralEngineering_262.png,CE/StructuralEngineering/CE_StructuralEngineering_262.png,CE,,StructuralEngineering,262,MCQ,A,,
CE_StructuralEngineering_263.png,CE/StructuralEngineering/CE_StructuralEngineering_263.png,CE,,StructuralEngineering,263,MCQ,C,,
CE_StructuralEngineering_264.png,CE/StructuralEngineering/CE_StructuralEngineering_264.png,CE,,StructuralEngineering,264,MCQ,D,,
CE_StructuralEngineering_265.png,CE/StructuralEngineering/CE_StructuralEngineering_265.png,CE,,StructuralEngineering,265,MCQ,C,,
CE_StructuralEngineering_266.png,CE/StructuralEngineering/CE_StructuralEngineering_266.png,CE,,StructuralEngineering,266,MCQ,B,,
CE_StructuralEngineering_267.png,CE/StructuralEngineering/CE_StructuralEngineering_267.png,CE,,StructuralEngineering,267,MCQ,A,,
CE_StructuralEngineering_268.png,CE/StructuralEngineering/CE_StructuralEngineering_268.png,CE,,StructuralEngineering,268,MCQ,B,,
CE_StructuralEngineering_269.png,CE/StructuralEngineering/CE_StructuralEngineering_269.png,CE,,StructuralEngineering,269,MCQ,A,,
CE_StructuralEngineering_270.png,CE/StructuralEngineering/CE_StructuralEngineering_270.png,CE,,StructuralEngineering,270,MCQ,D,,
CE_StructuralEngineering_271.png,CE/StructuralEngineering/CE_StructuralEngineering_271.png,CE,,StructuralEngineering,271,MCQ,A,,
CE_StructuralEngineering_272.png,CE/StructuralEngineering/CE_StructuralEngineering_272.png,CE,,StructuralEngineering,272,MCQ,A or B,,
CE_StructuralEngineering_273.png,CE/StructuralEngineering/CE_StructuralEngineering_273.png,CE,,StructuralEngineering,273,MCQ,A,,
CE_StructuralEngineering_274.png,CE/StructuralEngineering/CE_StructuralEngineering_274.png,CE,,StructuralEngineering,274,MCQ,A,,
CE_StructuralEngineering_275.png,CE/StructuralEngineering/CE_StructuralEngineering_275.png,CE,,StructuralEngineering,275,MCQ,A,,
CE_StructuralEngineering_276.png,CE/StructuralEngineering/CE_StructuralEngineering_276.png,CE,,StructuralEngineering,276,MCQ,"A,C or A,B,C",,
CE_StructuralEngineering_277.png,CE/StructuralEngineering/CE_StructuralEngineering_277.png,CE,,StructuralEngineering,277,MCQ,B,,
CE_StructuralEngineering_278.png,CE/StructuralEngineering/CE_StructuralEngineering_278.png,CE,,StructuralEngineering,278,MCQ,B,,
CE_StructuralEngineering_279.png,CE/StructuralEngineering/CE_StructuralEngineering_279.png,CE,,StructuralEngineering,279,MCQ,C,,
CE_StructuralEngineering_280.png,CE/StructuralEngineering/CE_StructuralEngineering_280.png,CE,,StructuralEngineering,280,MCQ,C,,
CE_StructuralEngineering_281.png,CE/StructuralEngineering/CE_StructuralEngineering_281.png,CE,,StructuralEngineering,281,MCQ,B,,
CE_StructuralEngineering_282.png,CE/StructuralEngineering/CE_StructuralEngineering_282.png,CE,,StructuralEngineering,282,MCQ,A,,
CE_StructuralEngineering_283.png,CE/StructuralEngineering/CE_StructuralEngineering_283.png,CE,,StructuralEngineering,283,MCQ,A,,
CE_StructuralEngineering_284.png,CE/StructuralEngineering/CE_StructuralEngineering_284.png,CE,,StructuralEngineering,284,MSQ,"A,B,C",,
CE_StructuralEngineering_285.png,CE/StructuralEngineering/CE_StructuralEngineering_285.png,CE,,StructuralEngineering,285,MCQ,C,,
CE_StructuralEngineering_286.png,CE/StructuralEngineering/CE_StructuralEngineering_286.png,CE,,StructuralEngineering,286,MCQ,A,,
CE_StructuralEngineering_287.png,CE/StructuralEngineering/CE_StructuralEngineering_287.png,CE,,StructuralEngineering,287,MCQ,B,,
CE_StructuralEngineering_288.png,CE/StructuralEngineering/CE_StructuralEngineering_288.png,CE,,StructuralEngineering,288,MCQ,B,,
CE_StructuralEngineering_289.png,CE/StructuralEngineering/CE_StructuralEngineering_289.png,CE,,StructuralEngineering,289,MSQ,"A,B",,
CE_StructuralEngineering_290.png,CE/StructuralEngineering/CE_StructuralEngineering_290.png,CE,,StructuralEngineering,290,MCQ,C,,
CE_StructuralEngineering_291.png,CE/StructuralEngineering/CE_StructuralEngineering_291.png,CE,,StructuralEngineering,291,MCQ,B,,
CE_StructuralEngineering_292.png,CE/StructuralEngineering/CE_StructuralEngineering_292.png,CE,,StructuralEngineering,292,MCQ,B,,
CE_StructuralEngineering_293.png,CE/StructuralEngineering/CE_StructuralEngineering_293.png,CE,,StructuralEngineering,293,MCQ,A,,
CE_StructuralEngineering_294.png,CE/StructuralEngineering/CE_StructuralEngineering_294.png,CE,,StructuralEngineering,294,MCQ,C,,
CE_StructuralEngineering_295.png,CE/StructuralEngineering/CE_StructuralEngineering_295.png,CE,,StructuralEngineering,295,MCQ,B,,
CE_StructuralEngineering_296.png,CE/StructuralEngineering/CE_StructuralEngineering_296.png,CE,,StructuralEngineering,296,MSQ,"C,D",,
CE_StructuralEngineering_297.png,CE/StructuralEngineering/CE_StructuralEngineering_297.png,CE,,StructuralEngineering,297,MSQ,"B,C",,
CE_StructuralEngineering_298.png,CE/StructuralEngineering/CE_StructuralEngineering_298.png,CE,,StructuralEngineering,298,MCQ,B,,
CE_StructuralEngineering_299.png,CE/StructuralEngineering/CE_StructuralEngineering_299.png,CE,,StructuralEngineering,299,MCQ,A,,
CE_StructuralEngineering_300.png,CE/StructuralEngineering/CE_StructuralEngineering_300.png,CE,,StructuralEngineering,300,MCQ,A,,
CE_StructuralEngineering_301.png,CE/StructuralEngineering/CE_StructuralEngineering_301.png,CE,,StructuralEngineering,301,MCQ,A,,
CE_StructuralEngineering_302.png,CE/StructuralEngineering/CE_StructuralEngineering_302.png,CE,,StructuralEngineering,302,MCQ,D,,
CE_StructuralEngineering_303.png,CE/StructuralEngineering/CE_StructuralEngineering_303.png,CE,,StructuralEngineering,303,MCQ,A,,
CE_StructuralEngineering_304.png,CE/StructuralEngineering/CE_StructuralEngineering_304.png,CE,,StructuralEngineering,304,MCQ,B,,
CE_StructuralEngineering_305.png,CE/StructuralEngineering/CE_StructuralEngineering_305.png,CE,,StructuralEngineering,305,MCQ,D,,
CE_StructuralEngineering_306.png,CE/StructuralEngineering/CE_StructuralEngineering_306.png,CE,,StructuralEngineering,306,MCQ,B,,
CE_StructuralEngineering_307.png,CE/StructuralEngineering/CE_StructuralEngineering_307.png,CE,,StructuralEngineering,307,MCQ,C,,
CE_StructuralEngineering_308.png,CE/StructuralEngineering/CE_StructuralEngineering_308.png,CE,,StructuralEngineering,308,MSQ,"A,D",,
CE_StructuralEngineering_309.png,CE/StructuralEngineering/CE_StructuralEngineering_309.png,CE,,StructuralEngineering,309,MCQ,A,,
CE_StructuralEngineering_310.png,CE/StructuralEngineering/CE_StructuralEngineering_310.png,CE,,StructuralEngineering,310,MCQ,C,,
CE_StructuralEngineering_311.png,CE/StructuralEngineering/CE_StructuralEngineering_311.png,CE,,StructuralEngineering,311,MCQ,A,,
CE_StructuralEngineering_312.png,CE/StructuralEngineering/CE_StructuralEngineering_312.png,CE,,StructuralEngineering,312,MCQ,B,,
CE_StructuralEngineering_313.png,CE/StructuralEngineering/CE_StructuralEngineering_313.png,CE,,StructuralEngineering,313,MCQ,D,,
CE_StructuralEngineering_314.png,CE/StructuralEngineering/CE_StructuralEngineering_314.png,CE,,StructuralEngineering,314,MSQ,"B,C",,
CE_StructuralEngineering_315.png,CE/StructuralEngineering/CE_StructuralEngineering_315.png,CE,,StructuralEngineering,315,MCQ,C,,
CE_StructuralEngineering_316.png,CE/StructuralEngineering/CE_StructuralEngineering_316.png,CE,,StructuralEngineering,316,MSQ,"B,C",,
CE_StructuralEngineering_317.png,CE/StructuralEngineering/CE_StructuralEngineering_317.png,CE,,StructuralEngineering,317,MCQ,A,,
CE_StructuralEngineering_318.png,CE/StructuralEngineering/CE_StructuralEngineering_318.png,CE,,StructuralEngineering,318,MCQ,A,,
CE_StructuralEngineering_319.png,CE/StructuralEngineering/CE_StructuralEngineering_319.png,CE,,StructuralEngineering,319,MCQ,B,,
CE_StructuralEngineering_320.png,CE/StructuralEngineering/CE_StructuralEngineering_320.png,CE,,StructuralEngineering,320,MCQ,C,,
CE_StructuralEngineering_321.png,CE/StructuralEngineering/CE_StructuralEngineering_321.png,CE,,StructuralEngineering,321,MCQ,D,,
CE_StructuralEngineering_322.png,CE/StructuralEngineering/CE_StructuralEngineering_322.png,CE,,StructuralEngineering,322,MCQ,C,,
CE_StructuralEngineering_323.png,CE/StructuralEngineering/CE_StructuralEngineering_323.png,CE,,StructuralEngineering,323,MCQ,C,,
CE_StructuralEngineering_324.png,CE/StructuralEngineering/CE_StructuralEngineering_324.png,CE,,StructuralEngineering,324,MCQ,B,,
CE_StructuralEngineering_325.png,CE/StructuralEngineering/CE_StructuralEngineering_325.png,CE,,StructuralEngineering,325,MCQ,B,,
CE_StructuralEngineering_326.png,CE/StructuralEngineering/CE_StructuralEngineering_326.png,CE,,StructuralEngineering,326,MCQ,A,,
