image_filename,relative_path,subject,year,section,question_no,question_type,correct_answer,marks,negative_marks
EC_2017_S1_GA_001.png,GATE_ESE_Papers/EC/GA/EC_2017_S1_GA_001.png,EC,2017,GA,1,MCQ,A,1,0.33
EC_2017_S1_GA_002.png,GATE_ESE_Papers/EC/GA/EC_2017_S1_GA_002.png,EC,2017,GA,2,MCQ,B,1,0.33
EC_2017_S1_GA_003.png,GATE_ESE_Papers/EC/GA/EC_2017_S1_GA_003.png,EC,2017,GA,3,MCQ,B,1,0.33
EC_2017_S1_GA_004.png,GATE_ESE_Papers/EC/GA/EC_2017_S1_GA_004.png,EC,2017,GA,4,MCQ,D,1,0.33
EC_2017_S1_GA_005.png,GATE_ESE_Papers/EC/GA/EC_2017_S1_GA_005.png,EC,2017,GA,5,MCQ,A,1,0.33
EC_2017_S1_GA_006.png,GATE_ESE_Papers/EC/GA/EC_2017_S1_GA_006.png,EC,2017,GA,6,MCQ,D,2,0.67
EC_2017_S1_GA_007.png,GATE_ESE_Papers/EC/GA/EC_2017_S1_GA_007.png,EC,2017,GA,7,MCQ,A,2,0.67
EC_2017_S1_GA_008.png,GATE_ESE_Papers/EC/GA/EC_2017_S1_GA_008.png,EC,2017,GA,8,MCQ,C,2,0.67
EC_2017_S1_GA_009.png,GATE_ESE_Papers/EC/GA/EC_2017_S1_GA_009.png,EC,2017,GA,9,MCQ,A,2,0.67
EC_2017_S1_GA_010.png,GATE_ESE_Papers/EC/GA/EC_2017_S1_GA_010.png,EC,2017,GA,10,MCQ,A,2,0.67
EC_2017_S1_EC_001.png,GATE_ESE_Papers/EC/EC/EC_2017_S1_EC_001.png,EC,2017,EC,1,MCQ,C,1,0.33
EC_2017_S1_EC_002.png,GATE_ESE_Papers/EC/EC/EC_2017_S1_EC_002.png,EC,2017,EC,2,MCQ,A,1,0.33
EC_2017_S1_EC_003.png,GATE_ESE_Papers/EC/EC/EC_2017_S1_EC_003.png,EC,2017,EC,3,MCQ,B,1,0.33
EC_2017_S1_EC_004.png,GATE_ESE_Papers/EC/EC/EC_2017_S1_EC_004.png,EC,2017,EC,4,MCQ,C,1,0.33
EC_2017_S1_EC_005.png,GATE_ESE_Papers/EC/EC/EC_2017_S1_EC_005.png,EC,2017,EC,5,MCQ,0.868,1,0.33
EC_2017_S1_EC_006.png,GATE_ESE_Papers/EC/EC/EC_2017_S1_EC_006.png,EC,2017,EC,6,MCQ,A,1,0.33
EC_2017_S1_EC_007.png,GATE_ESE_Papers/EC/EC/EC_2017_S1_EC_007.png,EC,2017,EC,7,MCQ,C,1,0.33
EC_2017_S1_EC_008.png,GATE_ESE_Papers/EC/EC/EC_2017_S1_EC_008.png,EC,2017,EC,8,MCQ,C,1,0.33
EC_2017_S1_EC_009.png,GATE_ESE_Papers/EC/EC/EC_2017_S1_EC_009.png,EC,2017,EC,9,MCQ,D,1,0.33
EC_2017_S1_EC_010.png,GATE_ESE_Papers/EC/EC/EC_2017_S1_EC_010.png,EC,2017,EC,10,NAT,30,1,0
EC_2017_S1_EC_011.png,GATE_ESE_Papers/EC/EC/EC_2017_S1_EC_011.png,EC,2017,EC,11,NAT,A,1,0
EC_2017_S1_EC_012.png,GATE_ESE_Papers/EC/EC/EC_2017_S1_EC_012.png,EC,2017,EC,12,MCQ,B,1,0.33
EC_2017_S1_EC_013.png,GATE_ESE_Papers/EC/EC/EC_2017_S1_EC_013.png,EC,2017,EC,13,NAT,0.028,1,0
EC_2017_S1_EC_014.png,GATE_ESE_Papers/EC/EC/EC_2017_S1_EC_014.png,EC,2017,EC,14,NAT,A,1,0
EC_2017_S1_EC_015.png,GATE_ESE_Papers/EC/EC/EC_2017_S1_EC_015.png,EC,2017,EC,15,NAT,1,1,0
EC_2017_S1_EC_016.png,GATE_ESE_Papers/EC/EC/EC_2017_S1_EC_016.png,EC,2017,EC,16,MCQ,D,1,0.33
EC_2017_S1_EC_017.png,GATE_ESE_Papers/EC/EC/EC_2017_S1_EC_017.png,EC,2017,EC,17,MCQ,B,1,0.33
EC_2017_S1_EC_018.png,GATE_ESE_Papers/EC/EC/EC_2017_S1_EC_018.png,EC,2017,EC,18,NAT,1,1,0
EC_2017_S1_EC_019.png,GATE_ESE_Papers/EC/EC/EC_2017_S1_EC_019.png,EC,2017,EC,19,NAT,B,1,0
EC_2017_S1_EC_020.png,GATE_ESE_Papers/EC/EC/EC_2017_S1_EC_020.png,EC,2017,EC,20,MCQ,A,1,0.33
EC_2017_S1_EC_021.png,GATE_ESE_Papers/EC/EC/EC_2017_S1_EC_021.png,EC,2017,EC,21,MCQ,C,1,0.33
EC_2017_S1_EC_022.png,GATE_ESE_Papers/EC/EC/EC_2017_S1_EC_022.png,EC,2017,EC,22,NAT,0,1,0
EC_2017_S1_EC_023.png,GATE_ESE_Papers/EC/EC/EC_2017_S1_EC_023.png,EC,2017,EC,23,MCQ,D,1,0.33
EC_2017_S1_EC_024.png,GATE_ESE_Papers/EC/EC/EC_2017_S1_EC_024.png,EC,2017,EC,24,MCQ,D,1,0.33
EC_2017_S1_EC_025.png,GATE_ESE_Papers/EC/EC/EC_2017_S1_EC_025.png,EC,2017,EC,25,MCQ,C,1,0.33
EC_2017_S1_EC_026.png,GATE_ESE_Papers/EC/EC/EC_2017_S1_EC_026.png,EC,2017,EC,26,MCQ,0.69,2,0.67
EC_2017_S1_EC_027.png,GATE_ESE_Papers/EC/EC/EC_2017_S1_EC_027.png,EC,2017,EC,27,MCQ,B,2,0.67
EC_2017_S1_EC_028.png,GATE_ESE_Papers/EC/EC/EC_2017_S1_EC_028.png,EC,2017,EC,28,NAT,128,2,0
EC_2017_S1_EC_029.png,GATE_ESE_Papers/EC/EC/EC_2017_S1_EC_029.png,EC,2017,EC,29,NAT,2.6,2,0
EC_2017_S1_EC_030.png,GATE_ESE_Papers/EC/EC/EC_2017_S1_EC_030.png,EC,2017,EC,30,MCQ,D,2,0.67
EC_2017_S1_EC_031.png,GATE_ESE_Papers/EC/EC/EC_2017_S1_EC_031.png,EC,2017,EC,31,MCQ,A,2,0.67
EC_2017_S1_EC_032.png,GATE_ESE_Papers/EC/EC/EC_2017_S1_EC_032.png,EC,2017,EC,32,MCQ,–11,2,0.67
EC_2017_S1_EC_033.png,GATE_ESE_Papers/EC/EC/EC_2017_S1_EC_033.png,EC,2017,EC,33,NAT,10,2,0
EC_2017_S1_EC_034.png,GATE_ESE_Papers/EC/EC/EC_2017_S1_EC_034.png,EC,2017,EC,34,NAT,0.375,2,0
EC_2017_S1_EC_035.png,GATE_ESE_Papers/EC/EC/EC_2017_S1_EC_035.png,EC,2017,EC,35,NAT,31,2,0
EC_2017_S1_EC_036.png,GATE_ESE_Papers/EC/EC/EC_2017_S1_EC_036.png,EC,2017,EC,36,MCQ,C,2,0.67
EC_2017_S1_EC_037.png,GATE_ESE_Papers/EC/EC/EC_2017_S1_EC_037.png,EC,2017,EC,37,NAT,1.6,2,0
EC_2017_S1_EC_038.png,GATE_ESE_Papers/EC/EC/EC_2017_S1_EC_038.png,EC,2017,EC,38,NAT,2,2,0
EC_2017_S1_EC_039.png,GATE_ESE_Papers/EC/EC/EC_2017_S1_EC_039.png,EC,2017,EC,39,MCQ,A,2,0.67
EC_2017_S1_EC_040.png,GATE_ESE_Papers/EC/EC/EC_2017_S1_EC_040.png,EC,2017,EC,40,NAT,16,2,0
EC_2017_S1_EC_041.png,GATE_ESE_Papers/EC/EC/EC_2017_S1_EC_041.png,EC,2017,EC,41,MCQ,B,2,0.67
EC_2017_S1_EC_042.png,GATE_ESE_Papers/EC/EC/EC_2017_S1_EC_042.png,EC,2017,EC,42,NAT,0.9,2,0
EC_2017_S1_EC_043.png,GATE_ESE_Papers/EC/EC/EC_2017_S1_EC_043.png,EC,2017,EC,43,NAT,0.79,2,0
EC_2017_S1_EC_044.png,GATE_ESE_Papers/EC/EC/EC_2017_S1_EC_044.png,EC,2017,EC,44,MCQ,C,2,0.67
EC_2017_S1_EC_045.png,GATE_ESE_Papers/EC/EC/EC_2017_S1_EC_045.png,EC,2017,EC,45,NAT,D,2,0
EC_2017_S1_EC_046.png,GATE_ESE_Papers/EC/EC/EC_2017_S1_EC_046.png,EC,2017,EC,46,MCQ,B,2,0.67
EC_2017_S1_EC_047.png,GATE_ESE_Papers/EC/EC/EC_2017_S1_EC_047.png,EC,2017,EC,47,NAT,10,2,0
EC_2017_S1_EC_048.png,GATE_ESE_Papers/EC/EC/EC_2017_S1_EC_048.png,EC,2017,EC,48,MCQ,C,2,0.67
EC_2017_S1_EC_049.png,GATE_ESE_Papers/EC/EC/EC_2017_S1_EC_049.png,EC,2017,EC,49,MCQ,B,2,0.67
EC_2017_S1_EC_050.png,GATE_ESE_Papers/EC/EC/EC_2017_S1_EC_050.png,EC,2017,EC,50,NAT,0.34,2,0
EC_2017_S1_EC_051.png,GATE_ESE_Papers/EC/EC/EC_2017_S1_EC_051.png,EC,2017,EC,51,MCQ,A,2,0.67
EC_2017_S1_EC_052.png,GATE_ESE_Papers/EC/EC/EC_2017_S1_EC_052.png,EC,2017,EC,52,NAT,44.3,2,0
EC_2017_S1_EC_053.png,GATE_ESE_Papers/EC/EC/EC_2017_S1_EC_053.png,EC,2017,EC,53,NAT,2.094,2,0
EC_2017_S1_EC_054.png,GATE_ESE_Papers/EC/EC/EC_2017_S1_EC_054.png,EC,2017,EC,54,MCQ,B,2,0.67
EC_2017_S1_EC_055.png,GATE_ESE_Papers/EC/EC/EC_2017_S1_EC_055.png,EC,2017,EC,55,NAT,B,2,0
EC_2017_S2_GA_001.png,GATE_ESE_Papers/EC/GA/EC_2017_S2_GA_001.png,EC,2017,GA,1,MCQ,C,1,0.33
EC_2017_S2_GA_002.png,GATE_ESE_Papers/EC/GA/EC_2017_S2_GA_002.png,EC,2017,GA,2,MCQ,D,1,0.33
EC_2017_S2_GA_003.png,GATE_ESE_Papers/EC/GA/EC_2017_S2_GA_003.png,EC,2017,GA,3,MCQ,A,1,0.33
EC_2017_S2_GA_004.png,GATE_ESE_Papers/EC/GA/EC_2017_S2_GA_004.png,EC,2017,GA,4,MCQ,A,1,0.33
EC_2017_S2_GA_005.png,GATE_ESE_Papers/EC/GA/EC_2017_S2_GA_005.png,EC,2017,GA,5,MCQ,B,1,0.33
EC_2017_S2_GA_006.png,GATE_ESE_Papers/EC/GA/EC_2017_S2_GA_006.png,EC,2017,GA,6,MCQ,D,2,0.67
EC_2017_S2_GA_007.png,GATE_ESE_Papers/EC/GA/EC_2017_S2_GA_007.png,EC,2017,GA,7,MCQ,C,2,0.67
EC_2017_S2_GA_008.png,GATE_ESE_Papers/EC/GA/EC_2017_S2_GA_008.png,EC,2017,GA,8,MCQ,B,2,0.67
EC_2017_S2_GA_009.png,GATE_ESE_Papers/EC/GA/EC_2017_S2_GA_009.png,EC,2017,GA,9,MCQ,C,2,0.67
EC_2017_S2_GA_010.png,GATE_ESE_Papers/EC/GA/EC_2017_S2_GA_010.png,EC,2017,GA,10,MCQ,A,2,0.67
EC_2017_S2_EC_001.png,GATE_ESE_Papers/EC/EC/EC_2017_S2_EC_001.png,EC,2017,EC,1,MCQ,B,1,0.33
EC_2017_S2_EC_002.png,GATE_ESE_Papers/EC/EC/EC_2017_S2_EC_002.png,EC,2017,EC,2,MCQ,C,1,0.33
EC_2017_S2_EC_003.png,GATE_ESE_Papers/EC/EC/EC_2017_S2_EC_003.png,EC,2017,EC,3,NAT,0.2,1,0
EC_2017_S2_EC_004.png,GATE_ESE_Papers/EC/EC/EC_2017_S2_EC_004.png,EC,2017,EC,4,MCQ,B,1,0.33
EC_2017_S2_EC_005.png,GATE_ESE_Papers/EC/EC/EC_2017_S2_EC_005.png,EC,2017,EC,5,NAT,0.5,1,0
EC_2017_S2_EC_006.png,GATE_ESE_Papers/EC/EC/EC_2017_S2_EC_006.png,EC,2017,EC,6,MCQ,C,1,0.33
EC_2017_S2_EC_007.png,GATE_ESE_Papers/EC/EC/EC_2017_S2_EC_007.png,EC,2017,EC,7,MCQ,*,1,0.33
EC_2017_S2_EC_008.png,GATE_ESE_Papers/EC/EC/EC_2017_S2_EC_008.png,EC,2017,EC,8,MCQ,C,1,0.33
EC_2017_S2_EC_009.png,GATE_ESE_Papers/EC/EC/EC_2017_S2_EC_009.png,EC,2017,EC,9,NAT,2.14,1,0
EC_2017_S2_EC_010.png,GATE_ESE_Papers/EC/EC/EC_2017_S2_EC_010.png,EC,2017,EC,10,MCQ,C,1,0.33
EC_2017_S2_EC_011.png,GATE_ESE_Papers/EC/EC/EC_2017_S2_EC_011.png,EC,2017,EC,11,NAT,5,1,0
EC_2017_S2_EC_012.png,GATE_ESE_Papers/EC/EC/EC_2017_S2_EC_012.png,EC,2017,EC,12,NAT,4,1,0
EC_2017_S2_EC_013.png,GATE_ESE_Papers/EC/EC/EC_2017_S2_EC_013.png,EC,2017,EC,13,NAT,49.82,1,0
EC_2017_S2_EC_014.png,GATE_ESE_Papers/EC/EC/EC_2017_S2_EC_014.png,EC,2017,EC,14,MCQ,D,1,0.33
EC_2017_S2_EC_015.png,GATE_ESE_Papers/EC/EC/EC_2017_S2_EC_015.png,EC,2017,EC,15,MCQ,D,1,0.33
EC_2017_S2_EC_016.png,GATE_ESE_Papers/EC/EC/EC_2017_S2_EC_016.png,EC,2017,EC,16,MCQ,B,1,0.33
EC_2017_S2_EC_017.png,GATE_ESE_Papers/EC/EC/EC_2017_S2_EC_017.png,EC,2017,EC,17,NAT,7,1,0
EC_2017_S2_EC_018.png,GATE_ESE_Papers/EC/EC/EC_2017_S2_EC_018.png,EC,2017,EC,18,NAT,A,1,0
EC_2017_S2_EC_019.png,GATE_ESE_Papers/EC/EC/EC_2017_S2_EC_019.png,EC,2017,EC,19,NAT,C,1,0
EC_2017_S2_EC_020.png,GATE_ESE_Papers/EC/EC/EC_2017_S2_EC_020.png,EC,2017,EC,20,NAT,3.1847,1,0
EC_2017_S2_EC_021.png,GATE_ESE_Papers/EC/EC/EC_2017_S2_EC_021.png,EC,2017,EC,21,NAT,2,1,0
EC_2017_S2_EC_022.png,GATE_ESE_Papers/EC/EC/EC_2017_S2_EC_022.png,EC,2017,EC,22,NAT,1,1,0
EC_2017_S2_EC_023.png,GATE_ESE_Papers/EC/EC/EC_2017_S2_EC_023.png,EC,2017,EC,23,NAT,54.73,1,0
EC_2017_S2_EC_024.png,GATE_ESE_Papers/EC/EC/EC_2017_S2_EC_024.png,EC,2017,EC,24,NAT,6,1,0
EC_2017_S2_EC_025.png,GATE_ESE_Papers/EC/EC/EC_2017_S2_EC_025.png,EC,2017,EC,25,MCQ,A,1,0.33
EC_2017_S2_EC_026.png,GATE_ESE_Papers/EC/EC/EC_2017_S2_EC_026.png,EC,2017,EC,26,MCQ,B,2,0.67
EC_2017_S2_EC_027.png,GATE_ESE_Papers/EC/EC/EC_2017_S2_EC_027.png,EC,2017,EC,27,NAT,5.21,2,0
EC_2017_S2_EC_028.png,GATE_ESE_Papers/EC/EC/EC_2017_S2_EC_028.png,EC,2017,EC,28,NAT,8,2,0
EC_2017_S2_EC_029.png,GATE_ESE_Papers/EC/EC/EC_2017_S2_EC_029.png,EC,2017,EC,29,NAT,6.9,2,0
EC_2017_S2_EC_030.png,GATE_ESE_Papers/EC/EC/EC_2017_S2_EC_030.png,EC,2017,EC,30,NAT,5.06,2,0
EC_2017_S2_EC_031.png,GATE_ESE_Papers/EC/EC/EC_2017_S2_EC_031.png,EC,2017,EC,31,MCQ,C,2,0.67
EC_2017_S2_EC_032.png,GATE_ESE_Papers/EC/EC/EC_2017_S2_EC_032.png,EC,2017,EC,32,NAT,2.5,2,0
EC_2017_S2_EC_033.png,GATE_ESE_Papers/EC/EC/EC_2017_S2_EC_033.png,EC,2017,EC,33,NAT,50,2,0
EC_2017_S2_EC_034.png,GATE_ESE_Papers/EC/EC/EC_2017_S2_EC_034.png,EC,2017,EC,34,NAT,4.33,2,0
EC_2017_S2_EC_035.png,GATE_ESE_Papers/EC/EC/EC_2017_S2_EC_035.png,EC,2017,EC,35,MCQ,C,2,0.67
EC_2017_S2_EC_036.png,GATE_ESE_Papers/EC/EC/EC_2017_S2_EC_036.png,EC,2017,EC,36,MCQ,B,2,0.67
EC_2017_S2_EC_037.png,GATE_ESE_Papers/EC/EC/EC_2017_S2_EC_037.png,EC,2017,EC,37,NAT,0.75,2,0
EC_2017_S2_EC_038.png,GATE_ESE_Papers/EC/EC/EC_2017_S2_EC_038.png,EC,2017,EC,38,NAT,-1,2,0
EC_2017_S2_EC_039.png,GATE_ESE_Papers/EC/EC/EC_2017_S2_EC_039.png,EC,2017,EC,39,NAT,0.5,2,0
EC_2017_S2_EC_040.png,GATE_ESE_Papers/EC/EC/EC_2017_S2_EC_040.png,EC,2017,EC,40,MCQ,D,2,0.67
EC_2017_S2_EC_041.png,GATE_ESE_Papers/EC/EC/EC_2017_S2_EC_041.png,EC,2017,EC,41,NAT,C,2,0
EC_2017_S2_EC_042.png,GATE_ESE_Papers/EC/EC/EC_2017_S2_EC_042.png,EC,2017,EC,42,NAT,A,2,0
EC_2017_S2_EC_043.png,GATE_ESE_Papers/EC/EC/EC_2017_S2_EC_043.png,EC,2017,EC,43,MCQ,(D,2,0.67
EC_2017_S2_EC_044.png,GATE_ESE_Papers/EC/EC/EC_2017_S2_EC_044.png,EC,2017,EC,44,NAT,7,2,0
EC_2017_S2_EC_045.png,GATE_ESE_Papers/EC/EC/EC_2017_S2_EC_045.png,EC,2017,EC,45,MCQ,C,2,0.67
EC_2017_S2_EC_046.png,GATE_ESE_Papers/EC/EC/EC_2017_S2_EC_046.png,EC,2017,EC,46,MCQ,C,2,0.67
EC_2017_S2_EC_047.png,GATE_ESE_Papers/EC/EC/EC_2017_S2_EC_047.png,EC,2017,EC,47,NAT,70,2,0
EC_2017_S2_EC_048.png,GATE_ESE_Papers/EC/EC/EC_2017_S2_EC_048.png,EC,2017,EC,48,NAT,–100,2,0
EC_2017_S2_EC_049.png,GATE_ESE_Papers/EC/EC/EC_2017_S2_EC_049.png,EC,2017,EC,49,NAT,8.16,2,0
EC_2017_S2_EC_050.png,GATE_ESE_Papers/EC/EC/EC_2017_S2_EC_050.png,EC,2017,EC,50,NAT,1.1 to 1.2,2,0
EC_2017_S2_EC_051.png,GATE_ESE_Papers/EC/EC/EC_2017_S2_EC_051.png,EC,2017,EC,51,NAT,4,2,0
EC_2017_S2_EC_052.png,GATE_ESE_Papers/EC/EC/EC_2017_S2_EC_052.png,EC,2017,EC,52,MCQ,B,2,0.67
EC_2017_S2_EC_053.png,GATE_ESE_Papers/EC/EC/EC_2017_S2_EC_053.png,EC,2017,EC,53,NAT,0.53,2,0
EC_2017_S2_EC_054.png,GATE_ESE_Papers/EC/EC/EC_2017_S2_EC_054.png,EC,2017,EC,54,NAT,50,2,0
EC_2017_S2_EC_055.png,GATE_ESE_Papers/EC/EC/EC_2017_S2_EC_055.png,EC,2017,EC,55,MCQ,B,2,0.67
EC_2018_GA_001.png,GATE_ESE_Papers/EC/GA/EC_2018_GA_001.png,EC,2018,GA,1,MCQ,B,1,0.33
EC_2018_GA_002.png,GATE_ESE_Papers/EC/GA/EC_2018_GA_002.png,EC,2018,GA,2,MCQ,A,1,0.33
EC_2018_GA_003.png,GATE_ESE_Papers/EC/GA/EC_2018_GA_003.png,EC,2018,GA,3,MCQ,B,1,0.33
EC_2018_GA_004.png,GATE_ESE_Papers/EC/GA/EC_2018_GA_004.png,EC,2018,GA,4,MCQ,D,1,0.33
EC_2018_GA_005.png,GATE_ESE_Papers/EC/GA/EC_2018_GA_005.png,EC,2018,GA,5,MCQ,B,1,0.33
EC_2018_GA_006.png,GATE_ESE_Papers/EC/GA/EC_2018_GA_006.png,EC,2018,GA,6,MCQ,B,2,0.67
EC_2018_GA_007.png,GATE_ESE_Papers/EC/GA/EC_2018_GA_007.png,EC,2018,GA,7,MCQ,B,2,0.67
EC_2018_GA_008.png,GATE_ESE_Papers/EC/GA/EC_2018_GA_008.png,EC,2018,GA,8,MCQ,C,2,0.67
EC_2018_GA_009.png,GATE_ESE_Papers/EC/GA/EC_2018_GA_009.png,EC,2018,GA,9,MCQ,C,2,0.67
EC_2018_GA_010.png,GATE_ESE_Papers/EC/GA/EC_2018_GA_010.png,EC,2018,GA,10,MCQ,D,2,0.67
EC_2018_EC_001.png,GATE_ESE_Papers/EC/EC/EC_2018_EC_001.png,EC,2018,EC,1,MCQ,C,1,0.33
EC_2018_EC_002.png,GATE_ESE_Papers/EC/EC/EC_2018_EC_002.png,EC,2018,EC,2,MCQ,C,1,0.33
EC_2018_EC_003.png,GATE_ESE_Papers/EC/EC/EC_2018_EC_003.png,EC,2018,EC,3,MCQ,D,1,0.33
EC_2018_EC_004.png,GATE_ESE_Papers/EC/EC/EC_2018_EC_004.png,EC,2018,EC,4,MCQ,C,1,0.33
EC_2018_EC_005.png,GATE_ESE_Papers/EC/EC/EC_2018_EC_005.png,EC,2018,EC,5,MCQ,D,1,0.33
EC_2018_EC_006.png,GATE_ESE_Papers/EC/EC/EC_2018_EC_006.png,EC,2018,EC,6,MCQ,B,1,0.33
EC_2018_EC_007.png,GATE_ESE_Papers/EC/EC/EC_2018_EC_007.png,EC,2018,EC,7,MCQ,D,1,0.33
EC_2018_EC_008.png,GATE_ESE_Papers/EC/EC/EC_2018_EC_008.png,EC,2018,EC,8,MCQ,D,1,0.33
EC_2018_EC_009.png,GATE_ESE_Papers/EC/EC/EC_2018_EC_009.png,EC,2018,EC,9,MCQ,C,1,0.33
EC_2018_EC_010.png,GATE_ESE_Papers/EC/EC/EC_2018_EC_010.png,EC,2018,EC,10,MCQ,C,1,0.33
EC_2018_EC_011.png,GATE_ESE_Papers/EC/EC/EC_2018_EC_011.png,EC,2018,EC,11,MCQ,C,1,0.33
EC_2018_EC_012.png,GATE_ESE_Papers/EC/EC/EC_2018_EC_012.png,EC,2018,EC,12,MCQ,D,1,0.33
EC_2018_EC_013.png,GATE_ESE_Papers/EC/EC/EC_2018_EC_013.png,EC,2018,EC,13,MCQ,B,1,0.33
EC_2018_EC_014.png,GATE_ESE_Papers/EC/EC/EC_2018_EC_014.png,EC,2018,EC,14,MCQ,C,1,0.33
EC_2018_EC_015.png,GATE_ESE_Papers/EC/EC/EC_2018_EC_015.png,EC,2018,EC,15,NAT,0.12 to 0.13,1,0
EC_2018_EC_016.png,GATE_ESE_Papers/EC/EC/EC_2018_EC_016.png,EC,2018,EC,16,NAT,16 to 16,1,0
EC_2018_EC_017.png,GATE_ESE_Papers/EC/EC/EC_2018_EC_017.png,EC,2018,EC,17,NAT,0.12 to 0.14,1,0
EC_2018_EC_018.png,GATE_ESE_Papers/EC/EC/EC_2018_EC_018.png,EC,2018,EC,18,NAT,0.40 to 0.43,1,0
EC_2018_EC_019.png,GATE_ESE_Papers/EC/EC/EC_2018_EC_019.png,EC,2018,EC,19,NAT,5 to 5,1,0
EC_2018_EC_020.png,GATE_ESE_Papers/EC/EC/EC_2018_EC_020.png,EC,2018,EC,20,NAT,0.47 to 0.51,1,0
EC_2018_EC_021.png,GATE_ESE_Papers/EC/EC/EC_2018_EC_021.png,EC,2018,EC,21,NAT,0.001 to 0.001,1,0
EC_2018_EC_022.png,GATE_ESE_Papers/EC/EC/EC_2018_EC_022.png,EC,2018,EC,22,NAT,2 to 2,1,0
EC_2018_EC_023.png,GATE_ESE_Papers/EC/EC/EC_2018_EC_023.png,EC,2018,EC,23,NAT,0.25 to 0.25,1,0
EC_2018_EC_024.png,GATE_ESE_Papers/EC/EC/EC_2018_EC_024.png,EC,2018,EC,24,NAT,‐0.01 to 0.01,1,0
EC_2018_EC_025.png,GATE_ESE_Papers/EC/EC/EC_2018_EC_025.png,EC,2018,EC,25,NAT,4.3 to 5.3,1,0
EC_2018_EC_026.png,GATE_ESE_Papers/EC/EC/EC_2018_EC_026.png,EC,2018,EC,26,MCQ,B,2,0.67
EC_2018_EC_027.png,GATE_ESE_Papers/EC/EC/EC_2018_EC_027.png,EC,2018,EC,27,MCQ,D,2,0.67
EC_2018_EC_028.png,GATE_ESE_Papers/EC/EC/EC_2018_EC_028.png,EC,2018,EC,28,MCQ,B,2,0.67
EC_2018_EC_029.png,GATE_ESE_Papers/EC/EC/EC_2018_EC_029.png,EC,2018,EC,29,MCQ,A,2,0.67
EC_2018_EC_030.png,GATE_ESE_Papers/EC/EC/EC_2018_EC_030.png,EC,2018,EC,30,MCQ,B,2,0.67
EC_2018_EC_031.png,GATE_ESE_Papers/EC/EC/EC_2018_EC_031.png,EC,2018,EC,31,MCQ,C,2,0.67
EC_2018_EC_032.png,GATE_ESE_Papers/EC/EC/EC_2018_EC_032.png,EC,2018,EC,32,MCQ,A,2,0.67
EC_2018_EC_033.png,GATE_ESE_Papers/EC/EC/EC_2018_EC_033.png,EC,2018,EC,33,MCQ,B,2,0.67
EC_2018_EC_034.png,GATE_ESE_Papers/EC/EC/EC_2018_EC_034.png,EC,2018,EC,34,MCQ,A,2,0.67
EC_2018_EC_035.png,GATE_ESE_Papers/EC/EC/EC_2018_EC_035.png,EC,2018,EC,35,MCQ,C,2,0.67
EC_2018_EC_036.png,GATE_ESE_Papers/EC/EC/EC_2018_EC_036.png,EC,2018,EC,36,NAT,0.284 to 0.348,2,0
EC_2018_EC_037.png,GATE_ESE_Papers/EC/EC/EC_2018_EC_037.png,EC,2018,EC,37,NAT,6.2 to 6.6,2,0
EC_2018_EC_038.png,GATE_ESE_Papers/EC/EC/EC_2018_EC_038.png,EC,2018,EC,38,NAT,0.4 to 0.6,2,0
EC_2018_EC_039.png,GATE_ESE_Papers/EC/EC/EC_2018_EC_039.png,EC,2018,EC,39,NAT,8 to 8,2,0
EC_2018_EC_040.png,GATE_ESE_Papers/EC/EC/EC_2018_EC_040.png,EC,2018,EC,40,NAT,‐0.5 to ‐0.5,2,0
EC_2018_EC_041.png,GATE_ESE_Papers/EC/EC/EC_2018_EC_041.png,EC,2018,EC,41,NAT,14 to 17,2,0
EC_2018_EC_042.png,GATE_ESE_Papers/EC/EC/EC_2018_EC_042.png,EC,2018,EC,42,NAT,0.1 to 0.1,2,0
EC_2018_EC_043.png,GATE_ESE_Papers/EC/EC/EC_2018_EC_043.png,EC,2018,EC,43,NAT,0.41 to 0.435,2,0
EC_2018_EC_044.png,GATE_ESE_Papers/EC/EC/EC_2018_EC_044.png,EC,2018,EC,44,NAT,0.59 to 0.63,2,0
EC_2018_EC_045.png,GATE_ESE_Papers/EC/EC/EC_2018_EC_045.png,EC,2018,EC,45,NAT,0.11 to 0.13,2,0
EC_2018_EC_046.png,GATE_ESE_Papers/EC/EC/EC_2018_EC_046.png,EC,2018,EC,46,NAT,0.82 to 0.86,2,0
EC_2018_EC_047.png,GATE_ESE_Papers/EC/EC/EC_2018_EC_047.png,EC,2018,EC,47,NAT,8 to 8,2,0
EC_2018_EC_048.png,GATE_ESE_Papers/EC/EC/EC_2018_EC_048.png,EC,2018,EC,48,NAT,0.7 to 0.8,2,0
EC_2018_EC_049.png,GATE_ESE_Papers/EC/EC/EC_2018_EC_049.png,EC,2018,EC,49,NAT,1.9 to 2.1,2,0
EC_2018_EC_050.png,GATE_ESE_Papers/EC/EC/EC_2018_EC_050.png,EC,2018,EC,50,NAT,‐0.23 to ‐0.19,2,0
EC_2018_EC_051.png,GATE_ESE_Papers/EC/EC/EC_2018_EC_051.png,EC,2018,EC,51,NAT,2 to 2,2,0
EC_2018_EC_052.png,GATE_ESE_Papers/EC/EC/EC_2018_EC_052.png,EC,2018,EC,52,NAT,4.4 to 4.6,2,0
EC_2018_EC_053.png,GATE_ESE_Papers/EC/EC/EC_2018_EC_053.png,EC,2018,EC,53,NAT,7.9 to 8.1,2,0
EC_2018_EC_054.png,GATE_ESE_Papers/EC/EC/EC_2018_EC_054.png,EC,2018,EC,54,NAT,13 to 13,2,0
EC_2018_EC_055.png,GATE_ESE_Papers/EC/EC/EC_2018_EC_055.png,EC,2018,EC,55,NAT,2.90 to 3.10,2,0
EC_2020_GA_001.png,GATE_ESE_Papers/EC/GA/EC_2020_GA_001.png,EC,2020,GA,1,MCQ,A,1,0.33
EC_2020_GA_002.png,GATE_ESE_Papers/EC/GA/EC_2020_GA_002.png,EC,2020,GA,2,MCQ,B,1,0.33
EC_2020_GA_003.png,GATE_ESE_Papers/EC/GA/EC_2020_GA_003.png,EC,2020,GA,3,MCQ,B,1,0.33
EC_2020_GA_004.png,GATE_ESE_Papers/EC/GA/EC_2020_GA_004.png,EC,2020,GA,4,MCQ,C,1,0.33
EC_2020_GA_005.png,GATE_ESE_Papers/EC/GA/EC_2020_GA_005.png,EC,2020,GA,5,MCQ,A,1,0.33
EC_2020_GA_006.png,GATE_ESE_Papers/EC/GA/EC_2020_GA_006.png,EC,2020,GA,6,MCQ,A,2,0.67
EC_2020_GA_007.png,GATE_ESE_Papers/EC/GA/EC_2020_GA_007.png,EC,2020,GA,7,MCQ,B,2,0.67
EC_2020_GA_008.png,GATE_ESE_Papers/EC/GA/EC_2020_GA_008.png,EC,2020,GA,8,MCQ,C,2,0.67
EC_2020_GA_009.png,GATE_ESE_Papers/EC/GA/EC_2020_GA_009.png,EC,2020,GA,9,MCQ,C,2,0.67
EC_2020_GA_010.png,GATE_ESE_Papers/EC/GA/EC_2020_GA_010.png,EC,2020,GA,10,MCQ,B,2,0.67
EC_2020_EC_001.png,GATE_ESE_Papers/EC/EC/EC_2020_EC_001.png,EC,2020,EC,1,MCQ,C,1,0.33
EC_2020_EC_002.png,GATE_ESE_Papers/EC/EC/EC_2020_EC_002.png,EC,2020,EC,2,MCQ,C,1,0.33
EC_2020_EC_003.png,GATE_ESE_Papers/EC/EC/EC_2020_EC_003.png,EC,2020,EC,3,MCQ,B,1,0.33
EC_2020_EC_004.png,GATE_ESE_Papers/EC/EC/EC_2020_EC_004.png,EC,2020,EC,4,MCQ,C,1,0.33
EC_2020_EC_005.png,GATE_ESE_Papers/EC/EC/EC_2020_EC_005.png,EC,2020,EC,5,MCQ,C,1,0.33
EC_2020_EC_006.png,GATE_ESE_Papers/EC/EC/EC_2020_EC_006.png,EC,2020,EC,6,MCQ,B,1,0.33
EC_2020_EC_007.png,GATE_ESE_Papers/EC/EC/EC_2020_EC_007.png,EC,2020,EC,7,MCQ,B,1,0.33
EC_2020_EC_008.png,GATE_ESE_Papers/EC/EC/EC_2020_EC_008.png,EC,2020,EC,8,MCQ,D,1,0.33
EC_2020_EC_009.png,GATE_ESE_Papers/EC/EC/EC_2020_EC_009.png,EC,2020,EC,9,MCQ,C,1,0.33
EC_2020_EC_010.png,GATE_ESE_Papers/EC/EC/EC_2020_EC_010.png,EC,2020,EC,10,MCQ,A,1,0.33
EC_2020_EC_011.png,GATE_ESE_Papers/EC/EC/EC_2020_EC_011.png,EC,2020,EC,11,MCQ,B,1,0.33
EC_2020_EC_012.png,GATE_ESE_Papers/EC/EC/EC_2020_EC_012.png,EC,2020,EC,12,MCQ,D,1,0.33
EC_2020_EC_013.png,GATE_ESE_Papers/EC/EC/EC_2020_EC_013.png,EC,2020,EC,13,MCQ,A,1,0.33
EC_2020_EC_014.png,GATE_ESE_Papers/EC/EC/EC_2020_EC_014.png,EC,2020,EC,14,MCQ,A,1,0.33
EC_2020_EC_015.png,GATE_ESE_Papers/EC/EC/EC_2020_EC_015.png,EC,2020,EC,15,NAT,48 to 48,1,0
EC_2020_EC_016.png,GATE_ESE_Papers/EC/EC/EC_2020_EC_016.png,EC,2020,EC,16,NAT,2.80 to 2.85,1,0
EC_2020_EC_017.png,GATE_ESE_Papers/EC/EC/EC_2020_EC_017.png,EC,2020,EC,17,NAT,644 to 657,1,0
EC_2020_EC_018.png,GATE_ESE_Papers/EC/EC/EC_2020_EC_018.png,EC,2020,EC,18,NAT,6 to 6,1,0
EC_2020_EC_019.png,GATE_ESE_Papers/EC/EC/EC_2020_EC_019.png,EC,2020,EC,19,NAT,14 to 14,1,0
EC_2020_EC_020.png,GATE_ESE_Papers/EC/EC/EC_2020_EC_020.png,EC,2020,EC,20,NAT,3.050 to 3.080,1,0
EC_2020_EC_021.png,GATE_ESE_Papers/EC/EC/EC_2020_EC_021.png,EC,2020,EC,21,NAT,6.25 to 6.25,1,0
EC_2020_EC_022.png,GATE_ESE_Papers/EC/EC/EC_2020_EC_022.png,EC,2020,EC,22,NAT,0.5 to 0.5,1,0
EC_2020_EC_023.png,GATE_ESE_Papers/EC/EC/EC_2020_EC_023.png,EC,2020,EC,23,NAT,160 to 160,1,0
EC_2020_EC_024.png,GATE_ESE_Papers/EC/EC/EC_2020_EC_024.png,EC,2020,EC,24,NAT,6 to 6,1,0
EC_2020_EC_025.png,GATE_ESE_Papers/EC/EC/EC_2020_EC_025.png,EC,2020,EC,25,NAT,0.25 to 0.25,1,0
EC_2020_EC_026.png,GATE_ESE_Papers/EC/EC/EC_2020_EC_026.png,EC,2020,EC,26,MCQ,A,2,0.67
EC_2020_EC_027.png,GATE_ESE_Papers/EC/EC/EC_2020_EC_027.png,EC,2020,EC,27,MCQ,A,2,0.67
EC_2020_EC_028.png,GATE_ESE_Papers/EC/EC/EC_2020_EC_028.png,EC,2020,EC,28,MCQ,C,2,0.67
EC_2020_EC_029.png,GATE_ESE_Papers/EC/EC/EC_2020_EC_029.png,EC,2020,EC,29,MCQ,C,2,0.67
EC_2020_EC_030.png,GATE_ESE_Papers/EC/EC/EC_2020_EC_030.png,EC,2020,EC,30,MCQ,A,2,0.67
EC_2020_EC_031.png,GATE_ESE_Papers/EC/EC/EC_2020_EC_031.png,EC,2020,EC,31,MCQ,MTA,2,0
EC_2020_EC_032.png,GATE_ESE_Papers/EC/EC/EC_2020_EC_032.png,EC,2020,EC,32,MCQ,A,2,0.67
EC_2020_EC_033.png,GATE_ESE_Papers/EC/EC/EC_2020_EC_033.png,EC,2020,EC,33,MCQ,MTA,2,0
EC_2020_EC_034.png,GATE_ESE_Papers/EC/EC/EC_2020_EC_034.png,EC,2020,EC,34,MCQ,A,2,0.67
EC_2020_EC_035.png,GATE_ESE_Papers/EC/EC/EC_2020_EC_035.png,EC,2020,EC,35,MCQ,A,2,0.67
EC_2020_EC_036.png,GATE_ESE_Papers/EC/EC/EC_2020_EC_036.png,EC,2020,EC,36,MCQ,C,2,0.67
EC_2020_EC_037.png,GATE_ESE_Papers/EC/EC/EC_2020_EC_037.png,EC,2020,EC,37,MCQ,B,2,0.67
EC_2020_EC_038.png,GATE_ESE_Papers/EC/EC/EC_2020_EC_038.png,EC,2020,EC,38,MCQ,A,2,0.67
EC_2020_EC_039.png,GATE_ESE_Papers/EC/EC/EC_2020_EC_039.png,EC,2020,EC,39,MCQ,A,2,0.67
EC_2020_EC_040.png,GATE_ESE_Papers/EC/EC/EC_2020_EC_040.png,EC,2020,EC,40,MCQ,A,2,0.67
EC_2020_EC_041.png,GATE_ESE_Papers/EC/EC/EC_2020_EC_041.png,EC,2020,EC,41,MCQ,D,2,0.67
EC_2020_EC_042.png,GATE_ESE_Papers/EC/EC/EC_2020_EC_042.png,EC,2020,EC,42,MCQ,B,2,0.67
EC_2020_EC_043.png,GATE_ESE_Papers/EC/EC/EC_2020_EC_043.png,EC,2020,EC,43,MCQ,A,2,0.67
EC_2020_EC_044.png,GATE_ESE_Papers/EC/EC/EC_2020_EC_044.png,EC,2020,EC,44,NAT,800 to 800,2,0
EC_2020_EC_045.png,GATE_ESE_Papers/EC/EC/EC_2020_EC_045.png,EC,2020,EC,45,NAT,1 to 1,2,0
EC_2020_EC_046.png,GATE_ESE_Papers/EC/EC/EC_2020_EC_046.png,EC,2020,EC,46,NAT,0.8 to 0.8,2,0
EC_2020_EC_047.png,GATE_ESE_Papers/EC/EC/EC_2020_EC_047.png,EC,2020,EC,47,NAT,2 to 2,2,0
EC_2020_EC_048.png,GATE_ESE_Papers/EC/EC/EC_2020_EC_048.png,EC,2020,EC,48,NAT,3 to 3,2,0
EC_2020_EC_049.png,GATE_ESE_Papers/EC/EC/EC_2020_EC_049.png,EC,2020,EC,49,NAT,3.95 to 4.05,2,0
EC_2020_EC_050.png,GATE_ESE_Papers/EC/EC/EC_2020_EC_050.png,EC,2020,EC,50,NAT,76 to 77,2,0
EC_2020_EC_051.png,GATE_ESE_Papers/EC/EC/EC_2020_EC_051.png,EC,2020,EC,51,NAT,2.25 to 2.25,2,0
EC_2020_EC_052.png,GATE_ESE_Papers/EC/EC/EC_2020_EC_052.png,EC,2020,EC,52,NAT,58.50 to 58.80,2,0
EC_2020_EC_053.png,GATE_ESE_Papers/EC/EC/EC_2020_EC_053.png,EC,2020,EC,53,NAT,-2 to -2,2,0
EC_2020_EC_054.png,GATE_ESE_Papers/EC/EC/EC_2020_EC_054.png,EC,2020,EC,54,NAT,0.299 to 0.301,2,0
EC_2020_EC_055.png,GATE_ESE_Papers/EC/EC/EC_2020_EC_055.png,EC,2020,EC,55,NAT,30 to 30,2,0
EC_2022_GA_001.png,GATE_ESE_Papers/EC/GA/EC_2022_GA_001.png,EC,2022,GA,1,MCQ,C,1,0.33
EC_2022_GA_002.png,GATE_ESE_Papers/EC/GA/EC_2022_GA_002.png,EC,2022,GA,2,MCQ,D,1,0.33
EC_2022_GA_003.png,GATE_ESE_Papers/EC/GA/EC_2022_GA_003.png,EC,2022,GA,3,MCQ,B,1,0.33
EC_2022_GA_004.png,GATE_ESE_Papers/EC/GA/EC_2022_GA_004.png,EC,2022,GA,4,MCQ,B,1,0.33
EC_2022_GA_005.png,GATE_ESE_Papers/EC/GA/EC_2022_GA_005.png,EC,2022,GA,5,MCQ,C,1,0.33
EC_2022_GA_006.png,GATE_ESE_Papers/EC/GA/EC_2022_GA_006.png,EC,2022,GA,6,MCQ,D,2,0.67
EC_2022_GA_007.png,GATE_ESE_Papers/EC/GA/EC_2022_GA_007.png,EC,2022,GA,7,MCQ,C,2,0.67
EC_2022_GA_008.png,GATE_ESE_Papers/EC/GA/EC_2022_GA_008.png,EC,2022,GA,8,MCQ,C,2,0.67
EC_2022_GA_009.png,GATE_ESE_Papers/EC/GA/EC_2022_GA_009.png,EC,2022,GA,9,MCQ,B,2,0.67
EC_2022_GA_010.png,GATE_ESE_Papers/EC/GA/EC_2022_GA_010.png,EC,2022,GA,10,MCQ,B,2,0.67
EC_2022_EC_001.png,GATE_ESE_Papers/EC/EC/EC_2022_EC_001.png,EC,2022,EC,1,MCQ,A,1,0.33
EC_2022_EC_002.png,GATE_ESE_Papers/EC/EC/EC_2022_EC_002.png,EC,2022,EC,2,MCQ,C,1,0.33
EC_2022_EC_003.png,GATE_ESE_Papers/EC/EC/EC_2022_EC_003.png,EC,2022,EC,3,MCQ,B,1,0.33
EC_2022_EC_004.png,GATE_ESE_Papers/EC/EC/EC_2022_EC_004.png,EC,2022,EC,4,MCQ,B,1,0.33
EC_2022_EC_005.png,GATE_ESE_Papers/EC/EC/EC_2022_EC_005.png,EC,2022,EC,5,MCQ,A,1,0.33
EC_2022_EC_006.png,GATE_ESE_Papers/EC/EC/EC_2022_EC_006.png,EC,2022,EC,6,MCQ,A,1,0.33
EC_2022_EC_007.png,GATE_ESE_Papers/EC/EC/EC_2022_EC_007.png,EC,2022,EC,7,MCQ,C,1,0.33
EC_2022_EC_008.png,GATE_ESE_Papers/EC/EC/EC_2022_EC_008.png,EC,2022,EC,8,MCQ,C,1,0.33
EC_2022_EC_009.png,GATE_ESE_Papers/EC/EC/EC_2022_EC_009.png,EC,2022,EC,9,MCQ,C,1,0.33
EC_2022_EC_010.png,GATE_ESE_Papers/EC/EC/EC_2022_EC_010.png,EC,2022,EC,10,MCQ,C,1,0.33
EC_2022_EC_011.png,GATE_ESE_Papers/EC/EC/EC_2022_EC_011.png,EC,2022,EC,11,MCQ,C,1,0.33
EC_2022_EC_012.png,GATE_ESE_Papers/EC/EC/EC_2022_EC_012.png,EC,2022,EC,12,MCQ,A,1,0.33
EC_2022_EC_013.png,GATE_ESE_Papers/EC/EC/EC_2022_EC_013.png,EC,2022,EC,13,MCQ,C,1,0.33
EC_2022_EC_014.png,GATE_ESE_Papers/EC/EC/EC_2022_EC_014.png,EC,2022,EC,14,MCQ,C,1,0.33
EC_2022_EC_015.png,GATE_ESE_Papers/EC/EC/EC_2022_EC_015.png,EC,2022,EC,15,MSQ,"A,B",1,0
EC_2022_EC_016.png,GATE_ESE_Papers/EC/EC/EC_2022_EC_016.png,EC,2022,EC,16,MSQ,"B,C",1,0
EC_2022_EC_017.png,GATE_ESE_Papers/EC/EC/EC_2022_EC_017.png,EC,2022,EC,17,MSQ,"B,C",1,0
EC_2022_EC_018.png,GATE_ESE_Papers/EC/EC/EC_2022_EC_018.png,EC,2022,EC,18,MSQ,C,1,0
EC_2022_EC_019.png,GATE_ESE_Papers/EC/EC/EC_2022_EC_019.png,EC,2022,EC,19,MSQ,"A,B,D",1,0
EC_2022_EC_020.png,GATE_ESE_Papers/EC/EC/EC_2022_EC_020.png,EC,2022,EC,20,MSQ,"A,C",1,0
EC_2022_EC_021.png,GATE_ESE_Papers/EC/EC/EC_2022_EC_021.png,EC,2022,EC,21,NAT,4.0 to 4.0,1,0
EC_2022_EC_022.png,GATE_ESE_Papers/EC/EC/EC_2022_EC_022.png,EC,2022,EC,22,NAT,0.50 to 0.50,1,0
EC_2022_EC_023.png,GATE_ESE_Papers/EC/EC/EC_2022_EC_023.png,EC,2022,EC,23,NAT,0.0 to 0.0,1,0
EC_2022_EC_024.png,GATE_ESE_Papers/EC/EC/EC_2022_EC_024.png,EC,2022,EC,24,NAT,5.5 to 5.7,1,0
EC_2022_EC_025.png,GATE_ESE_Papers/EC/EC/EC_2022_EC_025.png,EC,2022,EC,25,NAT,2.99 to 3.01,1,0
EC_2022_EC_026.png,GATE_ESE_Papers/EC/EC/EC_2022_EC_026.png,EC,2022,EC,26,MCQ,B,2,0.67
EC_2022_EC_027.png,GATE_ESE_Papers/EC/EC/EC_2022_EC_027.png,EC,2022,EC,27,MCQ,A,2,0.67
EC_2022_EC_028.png,GATE_ESE_Papers/EC/EC/EC_2022_EC_028.png,EC,2022,EC,28,MCQ,A,2,0.67
EC_2022_EC_029.png,GATE_ESE_Papers/EC/EC/EC_2022_EC_029.png,EC,2022,EC,29,MCQ,B,2,0.67
EC_2022_EC_030.png,GATE_ESE_Papers/EC/EC/EC_2022_EC_030.png,EC,2022,EC,30,MCQ,C,2,0.67
EC_2022_EC_031.png,GATE_ESE_Papers/EC/EC/EC_2022_EC_031.png,EC,2022,EC,31,MCQ,C,2,0.67
EC_2022_EC_032.png,GATE_ESE_Papers/EC/EC/EC_2022_EC_032.png,EC,2022,EC,32,MCQ,A,2,0.67
EC_2022_EC_033.png,GATE_ESE_Papers/EC/EC/EC_2022_EC_033.png,EC,2022,EC,33,MCQ,A,2,0.67
EC_2022_EC_034.png,GATE_ESE_Papers/EC/EC/EC_2022_EC_034.png,EC,2022,EC,34,MCQ,A,2,0.67
EC_2022_EC_035.png,GATE_ESE_Papers/EC/EC/EC_2022_EC_035.png,EC,2022,EC,35,MSQ,"B,D",2,0
EC_2022_EC_036.png,GATE_ESE_Papers/EC/EC/EC_2022_EC_036.png,EC,2022,EC,36,MSQ,"C,D",2,0
EC_2022_EC_037.png,GATE_ESE_Papers/EC/EC/EC_2022_EC_037.png,EC,2022,EC,37,MSQ,"A,C",2,0
EC_2022_EC_038.png,GATE_ESE_Papers/EC/EC/EC_2022_EC_038.png,EC,2022,EC,38,MSQ,"A,C",2,0
EC_2022_EC_039.png,GATE_ESE_Papers/EC/EC/EC_2022_EC_039.png,EC,2022,EC,39,MSQ,"A,C",2,0
EC_2022_EC_040.png,GATE_ESE_Papers/EC/EC/EC_2022_EC_040.png,EC,2022,EC,40,MSQ,A,2,0
EC_2022_EC_041.png,GATE_ESE_Papers/EC/EC/EC_2022_EC_041.png,EC,2022,EC,41,MSQ,A,2,0
EC_2022_EC_042.png,GATE_ESE_Papers/EC/EC/EC_2022_EC_042.png,EC,2022,EC,42,MSQ,MTA,2,0
EC_2022_EC_043.png,GATE_ESE_Papers/EC/EC/EC_2022_EC_043.png,EC,2022,EC,43,NAT,512 to 512,2,0
EC_2022_EC_044.png,GATE_ESE_Papers/EC/EC/EC_2022_EC_044.png,EC,2022,EC,44,NAT,3.9 to 4.1,2,0
EC_2022_EC_045.png,GATE_ESE_Papers/EC/EC/EC_2022_EC_045.png,EC,2022,EC,45,NAT,7.9 to 8.1,2,0
EC_2022_EC_046.png,GATE_ESE_Papers/EC/EC/EC_2022_EC_046.png,EC,2022,EC,46,NAT,0.57 to 0.61,2,0
EC_2022_EC_047.png,GATE_ESE_Papers/EC/EC/EC_2022_EC_047.png,EC,2022,EC,47,NAT,0.70 to 0.80,2,0
EC_2022_EC_048.png,GATE_ESE_Papers/EC/EC/EC_2022_EC_048.png,EC,2022,EC,48,NAT,-0.55 to -0.45,2,0
EC_2022_EC_049.png,GATE_ESE_Papers/EC/EC/EC_2022_EC_049.png,EC,2022,EC,49,NAT,-2.1 to -1.9,2,0
EC_2022_EC_050.png,GATE_ESE_Papers/EC/EC/EC_2022_EC_050.png,EC,2022,EC,50,NAT,-0.11 to -0.09,2,0
EC_2022_EC_051.png,GATE_ESE_Papers/EC/EC/EC_2022_EC_051.png,EC,2022,EC,51,NAT,1.00 to 1.00,2,0
EC_2022_EC_052.png,GATE_ESE_Papers/EC/EC/EC_2022_EC_052.png,EC,2022,EC,52,NAT,0.84 to 0.86,2,0
EC_2022_EC_053.png,GATE_ESE_Papers/EC/EC/EC_2022_EC_053.png,EC,2022,EC,53,NAT,0.22 to 0.25,2,0
EC_2022_EC_054.png,GATE_ESE_Papers/EC/EC/EC_2022_EC_054.png,EC,2022,EC,54,NAT,1.15 to 1.18,2,0
EC_2022_EC_055.png,GATE_ESE_Papers/EC/EC/EC_2022_EC_055.png,EC,2022,EC,55,NAT,0.48 to 0.52,2,0
EC_2023_GA_001.png,GATE_ESE_Papers/EC/GA/EC_2023_GA_001.png,EC,2023,GA,1,MCQ,C,1,0.33
EC_2023_GA_002.png,GATE_ESE_Papers/EC/GA/EC_2023_GA_002.png,EC,2023,GA,2,MCQ,A,1,0.33
EC_2023_GA_003.png,GATE_ESE_Papers/EC/GA/EC_2023_GA_003.png,EC,2023,GA,3,MCQ,C,1,0.33
EC_2023_GA_004.png,GATE_ESE_Papers/EC/GA/EC_2023_GA_004.png,EC,2023,GA,4,MCQ,C,1,0.33
EC_2023_GA_005.png,GATE_ESE_Papers/EC/GA/EC_2023_GA_005.png,EC,2023,GA,5,MCQ,C,1,0.33
EC_2023_GA_006.png,GATE_ESE_Papers/EC/GA/EC_2023_GA_006.png,EC,2023,GA,6,MCQ,D,2,0.67
EC_2023_GA_007.png,GATE_ESE_Papers/EC/GA/EC_2023_GA_007.png,EC,2023,GA,7,MCQ,A,2,0.67
EC_2023_GA_008.png,GATE_ESE_Papers/EC/GA/EC_2023_GA_008.png,EC,2023,GA,8,MCQ,B,2,0.67
EC_2023_GA_009.png,GATE_ESE_Papers/EC/GA/EC_2023_GA_009.png,EC,2023,GA,9,MCQ,A,2,0.67
EC_2023_GA_010.png,GATE_ESE_Papers/EC/GA/EC_2023_GA_010.png,EC,2023,GA,10,MCQ,C,2,0.67
EC_2023_EC_001.png,GATE_ESE_Papers/EC/EC/EC_2023_EC_001.png,EC,2023,EC,1,MCQ,C,1,0.33
EC_2023_EC_002.png,GATE_ESE_Papers/EC/EC/EC_2023_EC_002.png,EC,2023,EC,2,MCQ,B,1,0.33
EC_2023_EC_003.png,GATE_ESE_Papers/EC/EC/EC_2023_EC_003.png,EC,2023,EC,3,MCQ,A,1,0.33
EC_2023_EC_004.png,GATE_ESE_Papers/EC/EC/EC_2023_EC_004.png,EC,2023,EC,4,MCQ,B,1,0.33
EC_2023_EC_005.png,GATE_ESE_Papers/EC/EC/EC_2023_EC_005.png,EC,2023,EC,5,MCQ,C,1,0.33
EC_2023_EC_006.png,GATE_ESE_Papers/EC/EC/EC_2023_EC_006.png,EC,2023,EC,6,MCQ,A,1,0.33
EC_2023_EC_007.png,GATE_ESE_Papers/EC/EC/EC_2023_EC_007.png,EC,2023,EC,7,MCQ,A,1,0.33
EC_2023_EC_008.png,GATE_ESE_Papers/EC/EC/EC_2023_EC_008.png,EC,2023,EC,8,MCQ,D,1,0.33
EC_2023_EC_009.png,GATE_ESE_Papers/EC/EC/EC_2023_EC_009.png,EC,2023,EC,9,MCQ,B,1,0.33
EC_2023_EC_010.png,GATE_ESE_Papers/EC/EC/EC_2023_EC_010.png,EC,2023,EC,10,MCQ,D,1,0.33
EC_2023_EC_011.png,GATE_ESE_Papers/EC/EC/EC_2023_EC_011.png,EC,2023,EC,11,MCQ,D,1,0.33
EC_2023_EC_012.png,GATE_ESE_Papers/EC/EC/EC_2023_EC_012.png,EC,2023,EC,12,MCQ,MTA,1,0
EC_2023_EC_013.png,GATE_ESE_Papers/EC/EC/EC_2023_EC_013.png,EC,2023,EC,13,MCQ,A,1,0.33
EC_2023_EC_014.png,GATE_ESE_Papers/EC/EC/EC_2023_EC_014.png,EC,2023,EC,14,MCQ,A,1,0.33
EC_2023_EC_015.png,GATE_ESE_Papers/EC/EC/EC_2023_EC_015.png,EC,2023,EC,15,MCQ,A,1,0.33
EC_2023_EC_016.png,GATE_ESE_Papers/EC/EC/EC_2023_EC_016.png,EC,2023,EC,16,MCQ,B,1,0.33
EC_2023_EC_017.png,GATE_ESE_Papers/EC/EC/EC_2023_EC_017.png,EC,2023,EC,17,MCQ,B,1,0.33
EC_2023_EC_018.png,GATE_ESE_Papers/EC/EC/EC_2023_EC_018.png,EC,2023,EC,18,MCQ,C,1,0.33
EC_2023_EC_019.png,GATE_ESE_Papers/EC/EC/EC_2023_EC_019.png,EC,2023,EC,19,MCQ,B,1,0.33
EC_2023_EC_020.png,GATE_ESE_Papers/EC/EC/EC_2023_EC_020.png,EC,2023,EC,20,MSQ,"A,B",1,0
EC_2023_EC_021.png,GATE_ESE_Papers/EC/EC/EC_2023_EC_021.png,EC,2023,EC,21,NAT,10 to 10,1,0
EC_2023_EC_022.png,GATE_ESE_Papers/EC/EC/EC_2023_EC_022.png,EC,2023,EC,22,NAT,1.30 to 1.40,1,0
EC_2023_EC_023.png,GATE_ESE_Papers/EC/EC/EC_2023_EC_023.png,EC,2023,EC,23,NAT,80 to 80,1,0
EC_2023_EC_024.png,GATE_ESE_Papers/EC/EC/EC_2023_EC_024.png,EC,2023,EC,24,NAT,02 to 02,1,0
EC_2023_EC_025.png,GATE_ESE_Papers/EC/EC/EC_2023_EC_025.png,EC,2023,EC,25,NAT,04 to 04,1,0
EC_2023_EC_026.png,GATE_ESE_Papers/EC/EC/EC_2023_EC_026.png,EC,2023,EC,26,MCQ,B,2,0.67
EC_2023_EC_027.png,GATE_ESE_Papers/EC/EC/EC_2023_EC_027.png,EC,2023,EC,27,MCQ,B,2,0.67
EC_2023_EC_028.png,GATE_ESE_Papers/EC/EC/EC_2023_EC_028.png,EC,2023,EC,28,MCQ,A,2,0.67
EC_2023_EC_029.png,GATE_ESE_Papers/EC/EC/EC_2023_EC_029.png,EC,2023,EC,29,MCQ,A,2,0.67
EC_2023_EC_030.png,GATE_ESE_Papers/EC/EC/EC_2023_EC_030.png,EC,2023,EC,30,MCQ,A,2,0.67
EC_2023_EC_031.png,GATE_ESE_Papers/EC/EC/EC_2023_EC_031.png,EC,2023,EC,31,MCQ,A,2,0.67
EC_2023_EC_032.png,GATE_ESE_Papers/EC/EC/EC_2023_EC_032.png,EC,2023,EC,32,MCQ,A,2,0.67
EC_2023_EC_033.png,GATE_ESE_Papers/EC/EC/EC_2023_EC_033.png,EC,2023,EC,33,MCQ,A,2,0.67
EC_2023_EC_034.png,GATE_ESE_Papers/EC/EC/EC_2023_EC_034.png,EC,2023,EC,34,MCQ,B,2,0.67
EC_2023_EC_035.png,GATE_ESE_Papers/EC/EC/EC_2023_EC_035.png,EC,2023,EC,35,MCQ,B,2,0.67
EC_2023_EC_036.png,GATE_ESE_Papers/EC/EC/EC_2023_EC_036.png,EC,2023,EC,36,MCQ,MTA,2,0
EC_2023_EC_037.png,GATE_ESE_Papers/EC/EC/EC_2023_EC_037.png,EC,2023,EC,37,MCQ,A,2,0.67
EC_2023_EC_038.png,GATE_ESE_Papers/EC/EC/EC_2023_EC_038.png,EC,2023,EC,38,MCQ,C,2,0.67
EC_2023_EC_039.png,GATE_ESE_Papers/EC/EC/EC_2023_EC_039.png,EC,2023,EC,39,MCQ,A,2,0.67
EC_2023_EC_040.png,GATE_ESE_Papers/EC/EC/EC_2023_EC_040.png,EC,2023,EC,40,MCQ,D,2,0.67
EC_2023_EC_041.png,GATE_ESE_Papers/EC/EC/EC_2023_EC_041.png,EC,2023,EC,41,MCQ,A,2,0.67
EC_2023_EC_042.png,GATE_ESE_Papers/EC/EC/EC_2023_EC_042.png,EC,2023,EC,42,MSQ,"B,C",2,0
EC_2023_EC_043.png,GATE_ESE_Papers/EC/EC/EC_2023_EC_043.png,EC,2023,EC,43,MSQ,"A,B,D",2,0
EC_2023_EC_044.png,GATE_ESE_Papers/EC/EC/EC_2023_EC_044.png,EC,2023,EC,44,MSQ,"B,C,D",2,0
EC_2023_EC_045.png,GATE_ESE_Papers/EC/EC/EC_2023_EC_045.png,EC,2023,EC,45,NAT,0 to 0,2,0
EC_2023_EC_046.png,GATE_ESE_Papers/EC/EC/EC_2023_EC_046.png,EC,2023,EC,46,NAT,2.20 to 2.30,2,0
EC_2023_EC_047.png,GATE_ESE_Papers/EC/EC/EC_2023_EC_047.png,EC,2023,EC,47,NAT,4 to 4,2,0
EC_2023_EC_048.png,GATE_ESE_Papers/EC/EC/EC_2023_EC_048.png,EC,2023,EC,48,NAT,15 to 15,2,0
EC_2023_EC_049.png,GATE_ESE_Papers/EC/EC/EC_2023_EC_049.png,EC,2023,EC,49,NAT,0.24 to 0.26,2,0
EC_2023_EC_050.png,GATE_ESE_Papers/EC/EC/EC_2023_EC_050.png,EC,2023,EC,50,NAT,0.12 to 0.14,2,0
EC_2023_EC_051.png,GATE_ESE_Papers/EC/EC/EC_2023_EC_051.png,EC,2023,EC,51,NAT,60.00 to 70.00,2,0
EC_2023_EC_052.png,GATE_ESE_Papers/EC/EC/EC_2023_EC_052.png,EC,2023,EC,52,NAT,8.30 to 8.34,2,0
EC_2023_EC_053.png,GATE_ESE_Papers/EC/EC/EC_2023_EC_053.png,EC,2023,EC,53,NAT,250 to 250 OR 500 to 500,2,0
EC_2023_EC_054.png,GATE_ESE_Papers/EC/EC/EC_2023_EC_054.png,EC,2023,EC,54,NAT,2.00 to 2.00,2,0
EC_2023_EC_055.png,GATE_ESE_Papers/EC/EC/EC_2023_EC_055.png,EC,2023,EC,55,NAT,1.97 to 1.99,2,0
EC_2024_GA_001.png,GATE_ESE_Papers/EC/GA/EC_2024_GA_001.png,EC,2024,GA,1,MCQ,A,1,0.33
EC_2024_GA_002.png,GATE_ESE_Papers/EC/GA/EC_2024_GA_002.png,EC,2024,GA,2,MCQ,A,1,0.33
EC_2024_GA_003.png,GATE_ESE_Papers/EC/GA/EC_2024_GA_003.png,EC,2024,GA,3,MCQ,B,1,0.33
EC_2024_GA_004.png,GATE_ESE_Papers/EC/GA/EC_2024_GA_004.png,EC,2024,GA,4,MCQ,C,1,0.33
EC_2024_GA_005.png,GATE_ESE_Papers/EC/GA/EC_2024_GA_005.png,EC,2024,GA,5,MCQ,A,1,0.33
EC_2024_GA_006.png,GATE_ESE_Papers/EC/GA/EC_2024_GA_006.png,EC,2024,GA,6,MCQ,C,2,0.67
EC_2024_GA_007.png,GATE_ESE_Papers/EC/GA/EC_2024_GA_007.png,EC,2024,GA,7,MCQ,D,2,0.67
EC_2024_GA_008.png,GATE_ESE_Papers/EC/GA/EC_2024_GA_008.png,EC,2024,GA,8,MCQ,C,2,0.67
EC_2024_GA_009.png,GATE_ESE_Papers/EC/GA/EC_2024_GA_009.png,EC,2024,GA,9,MCQ,A,2,0.67
EC_2024_GA_010.png,GATE_ESE_Papers/EC/GA/EC_2024_GA_010.png,EC,2024,GA,10,MCQ,A,2,0.67
EC_2024_EC_001.png,GATE_ESE_Papers/EC/EC/EC_2024_EC_001.png,EC,2024,EC,1,MCQ,A,1,0.33
EC_2024_EC_002.png,GATE_ESE_Papers/EC/EC/EC_2024_EC_002.png,EC,2024,EC,2,MCQ,A,1,0.33
EC_2024_EC_003.png,GATE_ESE_Papers/EC/EC/EC_2024_EC_003.png,EC,2024,EC,3,MCQ,D,1,0.33
EC_2024_EC_004.png,GATE_ESE_Papers/EC/EC/EC_2024_EC_004.png,EC,2024,EC,4,MCQ,MTA,1,0
EC_2024_EC_005.png,GATE_ESE_Papers/EC/EC/EC_2024_EC_005.png,EC,2024,EC,5,MCQ,A,1,0.33
EC_2024_EC_006.png,GATE_ESE_Papers/EC/EC/EC_2024_EC_006.png,EC,2024,EC,6,MCQ,B,1,0.33
EC_2024_EC_007.png,GATE_ESE_Papers/EC/EC/EC_2024_EC_007.png,EC,2024,EC,7,MCQ,A,1,0.33
EC_2024_EC_008.png,GATE_ESE_Papers/EC/EC/EC_2024_EC_008.png,EC,2024,EC,8,MCQ,A,1,0.33
EC_2024_EC_009.png,GATE_ESE_Papers/EC/EC/EC_2024_EC_009.png,EC,2024,EC,9,MCQ,A,1,0.33
EC_2024_EC_010.png,GATE_ESE_Papers/EC/EC/EC_2024_EC_010.png,EC,2024,EC,10,MCQ,A,1,0.33
EC_2024_EC_011.png,GATE_ESE_Papers/EC/EC/EC_2024_EC_011.png,EC,2024,EC,11,MCQ,A,1,0.33
EC_2024_EC_012.png,GATE_ESE_Papers/EC/EC/EC_2024_EC_012.png,EC,2024,EC,12,MCQ,A,1,0.33
EC_2024_EC_013.png,GATE_ESE_Papers/EC/EC/EC_2024_EC_013.png,EC,2024,EC,13,MCQ,A,1,0.33
EC_2024_EC_014.png,GATE_ESE_Papers/EC/EC/EC_2024_EC_014.png,EC,2024,EC,14,MSQ,"A,C,D",1,0
EC_2024_EC_015.png,GATE_ESE_Papers/EC/EC/EC_2024_EC_015.png,EC,2024,EC,15,MSQ,"A,C",1,0
EC_2024_EC_016.png,GATE_ESE_Papers/EC/EC/EC_2024_EC_016.png,EC,2024,EC,16,MSQ,"A,B,C",1,0
EC_2024_EC_017.png,GATE_ESE_Papers/EC/EC/EC_2024_EC_017.png,EC,2024,EC,17,NAT,2047 to 2047,1,0
EC_2024_EC_018.png,GATE_ESE_Papers/EC/EC/EC_2024_EC_018.png,EC,2024,EC,18,NAT,2.49 to 2.51,1,0
EC_2024_EC_019.png,GATE_ESE_Papers/EC/EC/EC_2024_EC_019.png,EC,2024,EC,19,NAT,11 to 11,1,0
EC_2024_EC_020.png,GATE_ESE_Papers/EC/EC/EC_2024_EC_020.png,EC,2024,EC,20,NAT,5 to 5,1,0
EC_2024_EC_021.png,GATE_ESE_Papers/EC/EC/EC_2024_EC_021.png,EC,2024,EC,21,NAT,2 to 2,1,0
EC_2024_EC_022.png,GATE_ESE_Papers/EC/EC/EC_2024_EC_022.png,EC,2024,EC,22,NAT,0.75 to 0.75,1,0
EC_2024_EC_023.png,GATE_ESE_Papers/EC/EC/EC_2024_EC_023.png,EC,2024,EC,23,NAT,0.50 to 0.50,1,0
EC_2024_EC_024.png,GATE_ESE_Papers/EC/EC/EC_2024_EC_024.png,EC,2024,EC,24,NAT,4 to 4,1,0
EC_2024_EC_025.png,GATE_ESE_Papers/EC/EC/EC_2024_EC_025.png,EC,2024,EC,25,NAT,0.250 to 0.250,1,0
EC_2024_EC_026.png,GATE_ESE_Papers/EC/EC/EC_2024_EC_026.png,EC,2024,EC,26,MCQ,A,2,0.67
EC_2024_EC_027.png,GATE_ESE_Papers/EC/EC/EC_2024_EC_027.png,EC,2024,EC,27,MCQ,A,2,0.67
EC_2024_EC_028.png,GATE_ESE_Papers/EC/EC/EC_2024_EC_028.png,EC,2024,EC,28,MCQ,B,2,0.67
EC_2024_EC_029.png,GATE_ESE_Papers/EC/EC/EC_2024_EC_029.png,EC,2024,EC,29,MCQ,A,2,0.67
EC_2024_EC_030.png,GATE_ESE_Papers/EC/EC/EC_2024_EC_030.png,EC,2024,EC,30,MCQ,B,2,0.67
EC_2024_EC_031.png,GATE_ESE_Papers/EC/EC/EC_2024_EC_031.png,EC,2024,EC,31,MCQ,B,2,0.67
EC_2024_EC_032.png,GATE_ESE_Papers/EC/EC/EC_2024_EC_032.png,EC,2024,EC,32,MCQ,B,2,0.67
EC_2024_EC_033.png,GATE_ESE_Papers/EC/EC/EC_2024_EC_033.png,EC,2024,EC,33,MCQ,D,2,0.67
EC_2024_EC_034.png,GATE_ESE_Papers/EC/EC/EC_2024_EC_034.png,EC,2024,EC,34,MCQ,MTA,2,0
EC_2024_EC_035.png,GATE_ESE_Papers/EC/EC/EC_2024_EC_035.png,EC,2024,EC,35,MCQ,B,2,0.67
EC_2024_EC_036.png,GATE_ESE_Papers/EC/EC/EC_2024_EC_036.png,EC,2024,EC,36,MCQ,B,2,0.67
EC_2024_EC_037.png,GATE_ESE_Papers/EC/EC/EC_2024_EC_037.png,EC,2024,EC,37,MCQ,A,2,0.67
EC_2024_EC_038.png,GATE_ESE_Papers/EC/EC/EC_2024_EC_038.png,EC,2024,EC,38,MCQ,MTA,2,0
EC_2024_EC_039.png,GATE_ESE_Papers/EC/EC/EC_2024_EC_039.png,EC,2024,EC,39,MCQ,D,2,0.67
EC_2024_EC_040.png,GATE_ESE_Papers/EC/EC/EC_2024_EC_040.png,EC,2024,EC,40,MCQ,B,2,0.67
EC_2024_EC_041.png,GATE_ESE_Papers/EC/EC/EC_2024_EC_041.png,EC,2024,EC,41,MCQ,B,2,0.67
EC_2024_EC_042.png,GATE_ESE_Papers/EC/EC/EC_2024_EC_042.png,EC,2024,EC,42,MSQ,"A,C,D",2,0
EC_2024_EC_043.png,GATE_ESE_Papers/EC/EC/EC_2024_EC_043.png,EC,2024,EC,43,MSQ,"A,C",2,0
EC_2024_EC_044.png,GATE_ESE_Papers/EC/EC/EC_2024_EC_044.png,EC,2024,EC,44,MSQ,"A,B,D",2,0
EC_2024_EC_045.png,GATE_ESE_Papers/EC/EC/EC_2024_EC_045.png,EC,2024,EC,45,MSQ,"A,B",2,0
EC_2024_EC_046.png,GATE_ESE_Papers/EC/EC/EC_2024_EC_046.png,EC,2024,EC,46,MSQ,"A,D OR A,C,D",2,0
EC_2024_EC_047.png,GATE_ESE_Papers/EC/EC/EC_2024_EC_047.png,EC,2024,EC,47,NAT,45.00 to 45.30,2,0
EC_2024_EC_048.png,GATE_ESE_Papers/EC/EC/EC_2024_EC_048.png,EC,2024,EC,48,NAT,200 to 200,2,0
EC_2024_EC_049.png,GATE_ESE_Papers/EC/EC/EC_2024_EC_049.png,EC,2024,EC,49,NAT,112 to 112,2,0
EC_2024_EC_050.png,GATE_ESE_Papers/EC/EC/EC_2024_EC_050.png,EC,2024,EC,50,NAT,1.5 to 1.5,2,0
EC_2024_EC_051.png,GATE_ESE_Papers/EC/EC/EC_2024_EC_051.png,EC,2024,EC,51,NAT,4.10 to 4.50,2,0
EC_2024_EC_052.png,GATE_ESE_Papers/EC/EC/EC_2024_EC_052.png,EC,2024,EC,52,NAT,2.5 to 2.5,2,0
EC_2024_EC_053.png,GATE_ESE_Papers/EC/EC/EC_2024_EC_053.png,EC,2024,EC,53,NAT,0.17 to 0.19,2,0
EC_2024_EC_054.png,GATE_ESE_Papers/EC/EC/EC_2024_EC_054.png,EC,2024,EC,54,NAT,52.40 to 52.60,2,0
EC_2024_EC_055.png,GATE_ESE_Papers/EC/EC/EC_2024_EC_055.png,EC,2024,EC,55,NAT,4.00 to 4.26,2,0
EC_2025_GA_001.png,GATE_ESE_Papers/EC/GA/EC_2025_GA_001.png,EC,2025,GA,1,MCQ,A,1,0.33
EC_2025_GA_002.png,GATE_ESE_Papers/EC/GA/EC_2025_GA_002.png,EC,2025,GA,2,MCQ,D,1,0.33
EC_2025_GA_003.png,GATE_ESE_Papers/EC/GA/EC_2025_GA_003.png,EC,2025,GA,3,MCQ,B,1,0.33
EC_2025_GA_004.png,GATE_ESE_Papers/EC/GA/EC_2025_GA_004.png,EC,2025,GA,4,MCQ,B,1,0.33
EC_2025_GA_005.png,GATE_ESE_Papers/EC/GA/EC_2025_GA_005.png,EC,2025,GA,5,MCQ,A,1,0.33
EC_2025_GA_006.png,GATE_ESE_Papers/EC/GA/EC_2025_GA_006.png,EC,2025,GA,6,MCQ,B,2,0.67
EC_2025_GA_007.png,GATE_ESE_Papers/EC/GA/EC_2025_GA_007.png,EC,2025,GA,7,MCQ,D,2,0.67
EC_2025_GA_008.png,GATE_ESE_Papers/EC/GA/EC_2025_GA_008.png,EC,2025,GA,8,MCQ,MTA*,2,0
EC_2025_GA_009.png,GATE_ESE_Papers/EC/GA/EC_2025_GA_009.png,EC,2025,GA,9,MCQ,C,2,0.67
EC_2025_GA_010.png,GATE_ESE_Papers/EC/GA/EC_2025_GA_010.png,EC,2025,GA,10,MCQ,B,2,0.67
EC_2025_EC_001.png,GATE_ESE_Papers/EC/EC/EC_2025_EC_001.png,EC,2025,EC,1,MCQ,A,1,0.33
EC_2025_EC_002.png,GATE_ESE_Papers/EC/EC/EC_2025_EC_002.png,EC,2025,EC,2,MCQ,B,1,0.33
EC_2025_EC_003.png,GATE_ESE_Papers/EC/EC/EC_2025_EC_003.png,EC,2025,EC,3,MCQ,A,1,0.33
EC_2025_EC_004.png,GATE_ESE_Papers/EC/EC/EC_2025_EC_004.png,EC,2025,EC,4,MCQ,A,1,0.33
EC_2025_EC_005.png,GATE_ESE_Papers/EC/EC/EC_2025_EC_005.png,EC,2025,EC,5,MCQ,A,1,0.33
EC_2025_EC_006.png,GATE_ESE_Papers/EC/EC/EC_2025_EC_006.png,EC,2025,EC,6,MCQ,D,1,0.33
EC_2025_EC_007.png,GATE_ESE_Papers/EC/EC/EC_2025_EC_007.png,EC,2025,EC,7,MCQ,D,1,0.33
EC_2025_EC_008.png,GATE_ESE_Papers/EC/EC/EC_2025_EC_008.png,EC,2025,EC,8,MCQ,A,1,0.33
EC_2025_EC_009.png,GATE_ESE_Papers/EC/EC/EC_2025_EC_009.png,EC,2025,EC,9,MCQ,A,1,0.33
EC_2025_EC_010.png,GATE_ESE_Papers/EC/EC/EC_2025_EC_010.png,EC,2025,EC,10,MCQ,A,1,0.33
EC_2025_EC_011.png,GATE_ESE_Papers/EC/EC/EC_2025_EC_011.png,EC,2025,EC,11,MCQ,A,1,0.33
EC_2025_EC_012.png,GATE_ESE_Papers/EC/EC/EC_2025_EC_012.png,EC,2025,EC,12,MCQ,C,1,0.33
EC_2025_EC_013.png,GATE_ESE_Papers/EC/EC/EC_2025_EC_013.png,EC,2025,EC,13,MCQ,A,1,0.33
EC_2025_EC_014.png,GATE_ESE_Papers/EC/EC/EC_2025_EC_014.png,EC,2025,EC,14,MCQ,B,1,0.33
EC_2025_EC_015.png,GATE_ESE_Papers/EC/EC/EC_2025_EC_015.png,EC,2025,EC,15,MSQ,"A,B",1,0
EC_2025_EC_016.png,GATE_ESE_Papers/EC/EC/EC_2025_EC_016.png,EC,2025,EC,16,MSQ,C,1,0
EC_2025_EC_017.png,GATE_ESE_Papers/EC/EC/EC_2025_EC_017.png,EC,2025,EC,17,MSQ,"C,D",1,0
EC_2025_EC_018.png,GATE_ESE_Papers/EC/EC/EC_2025_EC_018.png,EC,2025,EC,18,MSQ,"A,D",1,0
EC_2025_EC_019.png,GATE_ESE_Papers/EC/EC/EC_2025_EC_019.png,EC,2025,EC,19,MSQ,"A,C",1,0
EC_2025_EC_020.png,GATE_ESE_Papers/EC/EC/EC_2025_EC_020.png,EC,2025,EC,20,MSQ,"B,D",1,0
EC_2025_EC_021.png,GATE_ESE_Papers/EC/EC/EC_2025_EC_021.png,EC,2025,EC,21,MSQ,"A,D",1,0
EC_2025_EC_022.png,GATE_ESE_Papers/EC/EC/EC_2025_EC_022.png,EC,2025,EC,22,NAT,0.25 to 0.25,1,0
EC_2025_EC_023.png,GATE_ESE_Papers/EC/EC/EC_2025_EC_023.png,EC,2025,EC,23,NAT,3 to 3,1,0
EC_2025_EC_024.png,GATE_ESE_Papers/EC/EC/EC_2025_EC_024.png,EC,2025,EC,24,NAT,50 to 50,1,0
EC_2025_EC_025.png,GATE_ESE_Papers/EC/EC/EC_2025_EC_025.png,EC,2025,EC,25,NAT,250 to 250,1,0
EC_2025_EC_026.png,GATE_ESE_Papers/EC/EC/EC_2025_EC_026.png,EC,2025,EC,26,MCQ,D,2,0.67
EC_2025_EC_027.png,GATE_ESE_Papers/EC/EC/EC_2025_EC_027.png,EC,2025,EC,27,MCQ,A,2,0.67
EC_2025_EC_028.png,GATE_ESE_Papers/EC/EC/EC_2025_EC_028.png,EC,2025,EC,28,MCQ,A,2,0.67
EC_2025_EC_029.png,GATE_ESE_Papers/EC/EC/EC_2025_EC_029.png,EC,2025,EC,29,MCQ,A,2,0.67
EC_2025_EC_030.png,GATE_ESE_Papers/EC/EC/EC_2025_EC_030.png,EC,2025,EC,30,MCQ,A,2,0.67
EC_2025_EC_031.png,GATE_ESE_Papers/EC/EC/EC_2025_EC_031.png,EC,2025,EC,31,MCQ,D,2,0.67
EC_2025_EC_032.png,GATE_ESE_Papers/EC/EC/EC_2025_EC_032.png,EC,2025,EC,32,MCQ,A,2,0.67
EC_2025_EC_033.png,GATE_ESE_Papers/EC/EC/EC_2025_EC_033.png,EC,2025,EC,33,MCQ,D,2,0.67
EC_2025_EC_034.png,GATE_ESE_Papers/EC/EC/EC_2025_EC_034.png,EC,2025,EC,34,MCQ,A,2,0.67
EC_2025_EC_035.png,GATE_ESE_Papers/EC/EC/EC_2025_EC_035.png,EC,2025,EC,35,MCQ,A,2,0.67
EC_2025_EC_036.png,GATE_ESE_Papers/EC/EC/EC_2025_EC_036.png,EC,2025,EC,36,MCQ,B,2,0.67
EC_2025_EC_037.png,GATE_ESE_Papers/EC/EC/EC_2025_EC_037.png,EC,2025,EC,37,MCQ,A,2,0.67
EC_2025_EC_038.png,GATE_ESE_Papers/EC/EC/EC_2025_EC_038.png,EC,2025,EC,38,MCQ,B,2,0.67
EC_2025_EC_039.png,GATE_ESE_Papers/EC/EC/EC_2025_EC_039.png,EC,2025,EC,39,MCQ,C,2,0.67
EC_2025_EC_040.png,GATE_ESE_Papers/EC/EC/EC_2025_EC_040.png,EC,2025,EC,40,MCQ,A,2,0.67
EC_2025_EC_041.png,GATE_ESE_Papers/EC/EC/EC_2025_EC_041.png,EC,2025,EC,41,MSQ,A,2,0
EC_2025_EC_042.png,GATE_ESE_Papers/EC/EC/EC_2025_EC_042.png,EC,2025,EC,42,MSQ,"A,B",2,0
EC_2025_EC_043.png,GATE_ESE_Papers/EC/EC/EC_2025_EC_043.png,EC,2025,EC,43,MSQ,B,2,0
EC_2025_EC_044.png,GATE_ESE_Papers/EC/EC/EC_2025_EC_044.png,EC,2025,EC,44,MSQ,"B,C",2,0
EC_2025_EC_045.png,GATE_ESE_Papers/EC/EC/EC_2025_EC_045.png,EC,2025,EC,45,MSQ,"A,D",2,0
EC_2025_EC_046.png,GATE_ESE_Papers/EC/EC/EC_2025_EC_046.png,EC,2025,EC,46,MSQ,B,2,0
EC_2025_EC_047.png,GATE_ESE_Papers/EC/EC/EC_2025_EC_047.png,EC,2025,EC,47,MSQ,"A,D",2,0
EC_2025_EC_048.png,GATE_ESE_Papers/EC/EC/EC_2025_EC_048.png,EC,2025,EC,48,NAT,6.95 to 7.05,2,0
EC_2025_EC_049.png,GATE_ESE_Papers/EC/EC/EC_2025_EC_049.png,EC,2025,EC,49,NAT,2.95 to 3.05,2,0
EC_2025_EC_050.png,GATE_ESE_Papers/EC/EC/EC_2025_EC_050.png,EC,2025,EC,50,NAT,0.0 to 0.0,2,0
EC_2025_EC_051.png,GATE_ESE_Papers/EC/EC/EC_2025_EC_051.png,EC,2025,EC,51,NAT,13.32 to 13.34,2,0
EC_2025_EC_052.png,GATE_ESE_Papers/EC/EC/EC_2025_EC_052.png,EC,2025,EC,52,NAT,200 to 200,2,0
EC_2025_EC_053.png,GATE_ESE_Papers/EC/EC/EC_2025_EC_053.png,EC,2025,EC,53,NAT,0.23 to 0.24,2,0
EC_2025_EC_054.png,GATE_ESE_Papers/EC/EC/EC_2025_EC_054.png,EC,2025,EC,54,NAT,6.3 to 6.5,2,0
EC_2025_EC_055.png,GATE_ESE_Papers/EC/EC/EC_2025_EC_055.png,EC,2025,EC,55,NAT,0.62 to 0.63,2,0
EC_2026_GA_001.png,GATE_ESE_Papers/EC/GA/EC_2026_GA_001.png,EC,2026,GA,1,MCQ,B,1,0.33
EC_2026_GA_002.png,GATE_ESE_Papers/EC/GA/EC_2026_GA_002.png,EC,2026,GA,2,MCQ,A,1,0.33
EC_2026_GA_003.png,GATE_ESE_Papers/EC/GA/EC_2026_GA_003.png,EC,2026,GA,3,MCQ,D,1,0.33
EC_2026_GA_004.png,GATE_ESE_Papers/EC/GA/EC_2026_GA_004.png,EC,2026,GA,4,MCQ,B,1,0.33
EC_2026_GA_005.png,GATE_ESE_Papers/EC/GA/EC_2026_GA_005.png,EC,2026,GA,5,MCQ,B,1,0.33
EC_2026_GA_006.png,GATE_ESE_Papers/EC/GA/EC_2026_GA_006.png,EC,2026,GA,6,MCQ,A,2,0.67
EC_2026_GA_007.png,GATE_ESE_Papers/EC/GA/EC_2026_GA_007.png,EC,2026,GA,7,MCQ,C,2,0.67
EC_2026_GA_008.png,GATE_ESE_Papers/EC/GA/EC_2026_GA_008.png,EC,2026,GA,8,MCQ,C,2,0.67
EC_2026_GA_009.png,GATE_ESE_Papers/EC/GA/EC_2026_GA_009.png,EC,2026,GA,9,MCQ,C,2,0.67
EC_2026_GA_010.png,GATE_ESE_Papers/EC/GA/EC_2026_GA_010.png,EC,2026,GA,10,MCQ,C,2,0.67
EC_2026_EC_001.png,GATE_ESE_Papers/EC/EC/EC_2026_EC_001.png,EC,2026,EC,1,MCQ,A,1,0.33
EC_2026_EC_002.png,GATE_ESE_Papers/EC/EC/EC_2026_EC_002.png,EC,2026,EC,2,MCQ,D,1,0.33
EC_2026_EC_003.png,GATE_ESE_Papers/EC/EC/EC_2026_EC_003.png,EC,2026,EC,3,MCQ,D,1,0.33
EC_2026_EC_004.png,GATE_ESE_Papers/EC/EC/EC_2026_EC_004.png,EC,2026,EC,4,MCQ,C,1,0.33
EC_2026_EC_005.png,GATE_ESE_Papers/EC/EC/EC_2026_EC_005.png,EC,2026,EC,5,MCQ,D,1,0.33
EC_2026_EC_006.png,GATE_ESE_Papers/EC/EC/EC_2026_EC_006.png,EC,2026,EC,6,MCQ,A,1,0.33
EC_2026_EC_007.png,GATE_ESE_Papers/EC/EC/EC_2026_EC_007.png,EC,2026,EC,7,MCQ,C,1,0.33
EC_2026_EC_008.png,GATE_ESE_Papers/EC/EC/EC_2026_EC_008.png,EC,2026,EC,8,MCQ,D,1,0.33
EC_2026_EC_009.png,GATE_ESE_Papers/EC/EC/EC_2026_EC_009.png,EC,2026,EC,9,MCQ,B,1,0.33
EC_2026_EC_010.png,GATE_ESE_Papers/EC/EC/EC_2026_EC_010.png,EC,2026,EC,10,MCQ,A,1,0.33
EC_2026_EC_011.png,GATE_ESE_Papers/EC/EC/EC_2026_EC_011.png,EC,2026,EC,11,MCQ,B,1,0.33
EC_2026_EC_012.png,GATE_ESE_Papers/EC/EC/EC_2026_EC_012.png,EC,2026,EC,12,MCQ,C,1,0.33
EC_2026_EC_013.png,GATE_ESE_Papers/EC/EC/EC_2026_EC_013.png,EC,2026,EC,13,MCQ,A,1,0.33
EC_2026_EC_014.png,GATE_ESE_Papers/EC/EC/EC_2026_EC_014.png,EC,2026,EC,14,MCQ,A,1,0.33
EC_2026_EC_015.png,GATE_ESE_Papers/EC/EC/EC_2026_EC_015.png,EC,2026,EC,15,MSQ,A,1,0
EC_2026_EC_016.png,GATE_ESE_Papers/EC/EC/EC_2026_EC_016.png,EC,2026,EC,16,MSQ,"B,D",1,0
EC_2026_EC_017.png,GATE_ESE_Papers/EC/EC/EC_2026_EC_017.png,EC,2026,EC,17,MSQ,B,1,0
EC_2026_EC_018.png,GATE_ESE_Papers/EC/EC/EC_2026_EC_018.png,EC,2026,EC,18,MSQ,"A,B",1,0
EC_2026_EC_019.png,GATE_ESE_Papers/EC/EC/EC_2026_EC_019.png,EC,2026,EC,19,MSQ,"C,D",1,0
EC_2026_EC_020.png,GATE_ESE_Papers/EC/EC/EC_2026_EC_020.png,EC,2026,EC,20,NAT,0.95 to 1.05,1,0
EC_2026_EC_021.png,GATE_ESE_Papers/EC/EC/EC_2026_EC_021.png,EC,2026,EC,21,NAT,71.50 to 72.50,1,0
EC_2026_EC_022.png,GATE_ESE_Papers/EC/EC/EC_2026_EC_022.png,EC,2026,EC,22,NAT,0.95 to 1.05,1,0
EC_2026_EC_023.png,GATE_ESE_Papers/EC/EC/EC_2026_EC_023.png,EC,2026,EC,23,NAT,20.50 to 21.50,1,0
EC_2026_EC_024.png,GATE_ESE_Papers/EC/EC/EC_2026_EC_024.png,EC,2026,EC,24,NAT,20.00 to 21.00,1,0
EC_2026_EC_025.png,GATE_ESE_Papers/EC/EC/EC_2026_EC_025.png,EC,2026,EC,25,NAT,4.90 to 5.10,1,0
EC_2026_EC_026.png,GATE_ESE_Papers/EC/EC/EC_2026_EC_026.png,EC,2026,EC,26,MCQ,A,2,0.67
EC_2026_EC_027.png,GATE_ESE_Papers/EC/EC/EC_2026_EC_027.png,EC,2026,EC,27,MCQ,A,2,0.67
EC_2026_EC_028.png,GATE_ESE_Papers/EC/EC/EC_2026_EC_028.png,EC,2026,EC,28,MCQ,A,2,0.67
EC_2026_EC_029.png,GATE_ESE_Papers/EC/EC/EC_2026_EC_029.png,EC,2026,EC,29,MCQ,B,2,0.67
EC_2026_EC_030.png,GATE_ESE_Papers/EC/EC/EC_2026_EC_030.png,EC,2026,EC,30,MCQ,B,2,0.67
EC_2026_EC_031.png,GATE_ESE_Papers/EC/EC/EC_2026_EC_031.png,EC,2026,EC,31,MCQ,C,2,0.67
EC_2026_EC_032.png,GATE_ESE_Papers/EC/EC/EC_2026_EC_032.png,EC,2026,EC,32,MCQ,C,2,0.67
EC_2026_EC_033.png,GATE_ESE_Papers/EC/EC/EC_2026_EC_033.png,EC,2026,EC,33,MCQ,C,2,0.67
EC_2026_EC_034.png,GATE_ESE_Papers/EC/EC/EC_2026_EC_034.png,EC,2026,EC,34,MCQ,B,2,0.67
EC_2026_EC_035.png,GATE_ESE_Papers/EC/EC/EC_2026_EC_035.png,EC,2026,EC,35,MCQ,B,2,0.67
EC_2026_EC_036.png,GATE_ESE_Papers/EC/EC/EC_2026_EC_036.png,EC,2026,EC,36,MCQ,B,2,0.67
EC_2026_EC_037.png,GATE_ESE_Papers/EC/EC/EC_2026_EC_037.png,EC,2026,EC,37,MCQ,B,2,0.67
EC_2026_EC_038.png,GATE_ESE_Papers/EC/EC/EC_2026_EC_038.png,EC,2026,EC,38,MCQ,C,2,0.67
EC_2026_EC_039.png,GATE_ESE_Papers/EC/EC/EC_2026_EC_039.png,EC,2026,EC,39,MCQ,A,2,0.67
EC_2026_EC_040.png,GATE_ESE_Papers/EC/EC/EC_2026_EC_040.png,EC,2026,EC,40,MCQ,A,2,0.67
EC_2026_EC_041.png,GATE_ESE_Papers/EC/EC/EC_2026_EC_041.png,EC,2026,EC,41,MCQ,D,2,0.67
EC_2026_EC_042.png,GATE_ESE_Papers/EC/EC/EC_2026_EC_042.png,EC,2026,EC,42,MCQ,B,2,0.67
EC_2026_EC_043.png,GATE_ESE_Papers/EC/EC/EC_2026_EC_043.png,EC,2026,EC,43,MCQ,C,2,0.67
EC_2026_EC_044.png,GATE_ESE_Papers/EC/EC/EC_2026_EC_044.png,EC,2026,EC,44,MSQ,"A,B,D",2,0
EC_2026_EC_045.png,GATE_ESE_Papers/EC/EC/EC_2026_EC_045.png,EC,2026,EC,45,MSQ,C,2,0
EC_2026_EC_046.png,GATE_ESE_Papers/EC/EC/EC_2026_EC_046.png,EC,2026,EC,46,MSQ,"A,D",2,0
EC_2026_EC_047.png,GATE_ESE_Papers/EC/EC/EC_2026_EC_047.png,EC,2026,EC,47,MSQ,"A,B,C",2,0
EC_2026_EC_048.png,GATE_ESE_Papers/EC/EC/EC_2026_EC_048.png,EC,2026,EC,48,MSQ,"A,C,D",2,0
EC_2026_EC_049.png,GATE_ESE_Papers/EC/EC/EC_2026_EC_049.png,EC,2026,EC,49,NAT,1386 to 1386,2,0
EC_2026_EC_050.png,GATE_ESE_Papers/EC/EC/EC_2026_EC_050.png,EC,2026,EC,50,NAT,2.50 to 2.60,2,0
EC_2026_EC_051.png,GATE_ESE_Papers/EC/EC/EC_2026_EC_051.png,EC,2026,EC,51,NAT,0.60 to 0.70,2,0
EC_2026_EC_052.png,GATE_ESE_Papers/EC/EC/EC_2026_EC_052.png,EC,2026,EC,52,NAT,2.90 to 3.10,2,0
EC_2026_EC_053.png,GATE_ESE_Papers/EC/EC/EC_2026_EC_053.png,EC,2026,EC,53,NAT,0.10 to 0.20,2,0
EC_2026_EC_054.png,GATE_ESE_Papers/EC/EC/EC_2026_EC_054.png,EC,2026,EC,54,NAT,-36.50 to -34.50 OR 34.50 to 36.50,2,0
EC_2026_EC_055.png,GATE_ESE_Papers/EC/EC/EC_2026_EC_055.png,EC,2026,EC,55,NAT,3.70 to 4.30,2,0
EC_2019_GA_001.png,GATE_ESE_Papers/EC/GA/EC_2019_GA_001.png,EC,2019,GA,1,MCQ,B,1,0.33
EC_2019_GA_002.png,GATE_ESE_Papers/EC/GA/EC_2019_GA_002.png,EC,2019,GA,2,MCQ,B,1,0.33
EC_2019_GA_003.png,GATE_ESE_Papers/EC/GA/EC_2019_GA_003.png,EC,2019,GA,3,MCQ,C,1,0.33
EC_2019_GA_004.png,GATE_ESE_Papers/EC/GA/EC_2019_GA_004.png,EC,2019,GA,4,MCQ,B,1,0.33
EC_2019_GA_005.png,GATE_ESE_Papers/EC/GA/EC_2019_GA_005.png,EC,2019,GA,5,MCQ,D,1,0.33
EC_2019_GA_006.png,GATE_ESE_Papers/EC/GA/EC_2019_GA_006.png,EC,2019,GA,6,MCQ,D,2,0.67
EC_2019_GA_007.png,GATE_ESE_Papers/EC/GA/EC_2019_GA_007.png,EC,2019,GA,7,MCQ,A,2,0.67
EC_2019_GA_008.png,GATE_ESE_Papers/EC/GA/EC_2019_GA_008.png,EC,2019,GA,8,MCQ,C,2,0.67
EC_2019_GA_009.png,GATE_ESE_Papers/EC/GA/EC_2019_GA_009.png,EC,2019,GA,9,MCQ,B,2,0.67
EC_2019_GA_010.png,GATE_ESE_Papers/EC/GA/EC_2019_GA_010.png,EC,2019,GA,10,MCQ,C,2,0.67
EC_2019_EC_001.png,GATE_ESE_Papers/EC/EC/EC_2019_EC_001.png,EC,2019,EC,1,MCQ,D,1,0.33
EC_2019_EC_002.png,GATE_ESE_Papers/EC/EC/EC_2019_EC_002.png,EC,2019,EC,2,MCQ,C,1,0.33
EC_2019_EC_003.png,GATE_ESE_Papers/EC/EC/EC_2019_EC_003.png,EC,2019,EC,3,MCQ,D,1,0.33
EC_2019_EC_004.png,GATE_ESE_Papers/EC/EC/EC_2019_EC_004.png,EC,2019,EC,4,MCQ,B,1,0.33
EC_2019_EC_005.png,GATE_ESE_Papers/EC/EC/EC_2019_EC_005.png,EC,2019,EC,5,MCQ,D OR A,1,0.33
EC_2019_EC_006.png,GATE_ESE_Papers/EC/EC/EC_2019_EC_006.png,EC,2019,EC,6,MCQ,B,1,0.33
EC_2019_EC_007.png,GATE_ESE_Papers/EC/EC/EC_2019_EC_007.png,EC,2019,EC,7,MCQ,B,1,0.33
EC_2019_EC_008.png,GATE_ESE_Papers/EC/EC/EC_2019_EC_008.png,EC,2019,EC,8,MCQ,A,1,0.33
EC_2019_EC_009.png,GATE_ESE_Papers/EC/EC/EC_2019_EC_009.png,EC,2019,EC,9,MCQ,A,1,0.33
EC_2019_EC_010.png,GATE_ESE_Papers/EC/EC/EC_2019_EC_010.png,EC,2019,EC,10,MCQ,B,1,0.33
EC_2019_EC_011.png,GATE_ESE_Papers/EC/EC/EC_2019_EC_011.png,EC,2019,EC,11,MCQ,B,1,0.33
EC_2019_EC_012.png,GATE_ESE_Papers/EC/EC/EC_2019_EC_012.png,EC,2019,EC,12,MCQ,B,1,0.33
EC_2019_EC_013.png,GATE_ESE_Papers/EC/EC/EC_2019_EC_013.png,EC,2019,EC,13,MCQ,A,1,0.33
EC_2019_EC_014.png,GATE_ESE_Papers/EC/EC/EC_2019_EC_014.png,EC,2019,EC,14,MCQ,B,1,0.33
EC_2019_EC_015.png,GATE_ESE_Papers/EC/EC/EC_2019_EC_015.png,EC,2019,EC,15,MCQ,B,1,0.33
EC_2019_EC_016.png,GATE_ESE_Papers/EC/EC/EC_2019_EC_016.png,EC,2019,EC,16,NAT,-0.0001 to 0.0001,1,0
EC_2019_EC_017.png,GATE_ESE_Papers/EC/EC/EC_2019_EC_017.png,EC,2019,EC,17,NAT,3 to 3,1,0
EC_2019_EC_018.png,GATE_ESE_Papers/EC/EC/EC_2019_EC_018.png,EC,2019,EC,18,NAT,11 to 11,1,0
EC_2019_EC_019.png,GATE_ESE_Papers/EC/EC/EC_2019_EC_019.png,EC,2019,EC,19,NAT,1.99 to 2.01,1,0
EC_2019_EC_020.png,GATE_ESE_Papers/EC/EC/EC_2019_EC_020.png,EC,2019,EC,20,NAT,0.36 to 0.38,1,0
EC_2019_EC_021.png,GATE_ESE_Papers/EC/EC/EC_2019_EC_021.png,EC,2019,EC,21,NAT,11.99 to 12.01,1,0
EC_2019_EC_022.png,GATE_ESE_Papers/EC/EC/EC_2019_EC_022.png,EC,2019,EC,22,NAT,0.74 to 0.76,1,0
EC_2019_EC_023.png,GATE_ESE_Papers/EC/EC/EC_2019_EC_023.png,EC,2019,EC,23,NAT,1.98 to 2.02,1,0
EC_2019_EC_024.png,GATE_ESE_Papers/EC/EC/EC_2019_EC_024.png,EC,2019,EC,24,NAT,-3.1 to -2.9,1,0
EC_2019_EC_025.png,GATE_ESE_Papers/EC/EC/EC_2019_EC_025.png,EC,2019,EC,25,NAT,4 to 4,1,0
EC_2019_EC_026.png,GATE_ESE_Papers/EC/EC/EC_2019_EC_026.png,EC,2019,EC,26,MCQ,B,2,0.67
EC_2019_EC_027.png,GATE_ESE_Papers/EC/EC/EC_2019_EC_027.png,EC,2019,EC,27,MCQ,C,2,0.67
EC_2019_EC_028.png,GATE_ESE_Papers/EC/EC/EC_2019_EC_028.png,EC,2019,EC,28,MCQ,C,2,0.67
EC_2019_EC_029.png,GATE_ESE_Papers/EC/EC/EC_2019_EC_029.png,EC,2019,EC,29,MCQ,D,2,0.67
EC_2019_EC_030.png,GATE_ESE_Papers/EC/EC/EC_2019_EC_030.png,EC,2019,EC,30,MCQ,C,2,0.67
EC_2019_EC_031.png,GATE_ESE_Papers/EC/EC/EC_2019_EC_031.png,EC,2019,EC,31,MCQ,B,2,0.67
EC_2019_EC_032.png,GATE_ESE_Papers/EC/EC/EC_2019_EC_032.png,EC,2019,EC,32,MCQ,B,2,0.67
EC_2019_EC_033.png,GATE_ESE_Papers/EC/EC/EC_2019_EC_033.png,EC,2019,EC,33,MCQ,A,2,0.67
EC_2019_EC_034.png,GATE_ESE_Papers/EC/EC/EC_2019_EC_034.png,EC,2019,EC,34,MCQ,D,2,0.67
EC_2019_EC_035.png,GATE_ESE_Papers/EC/EC/EC_2019_EC_035.png,EC,2019,EC,35,MCQ,A,2,0.67
EC_2019_EC_036.png,GATE_ESE_Papers/EC/EC/EC_2019_EC_036.png,EC,2019,EC,36,MCQ,C,2,0.67
EC_2019_EC_037.png,GATE_ESE_Papers/EC/EC/EC_2019_EC_037.png,EC,2019,EC,37,MCQ,D,2,0.67
EC_2019_EC_038.png,GATE_ESE_Papers/EC/EC/EC_2019_EC_038.png,EC,2019,EC,38,MCQ,B,2,0.67
EC_2019_EC_039.png,GATE_ESE_Papers/EC/EC/EC_2019_EC_039.png,EC,2019,EC,39,MCQ,C,2,0.67
EC_2019_EC_040.png,GATE_ESE_Papers/EC/EC/EC_2019_EC_040.png,EC,2019,EC,40,MCQ,C,2,0.67
EC_2019_EC_041.png,GATE_ESE_Papers/EC/EC/EC_2019_EC_041.png,EC,2019,EC,41,NAT,0.23 to 0.27,2,0
EC_2019_EC_042.png,GATE_ESE_Papers/EC/EC/EC_2019_EC_042.png,EC,2019,EC,42,NAT,5.99 to 6.01,2,0
EC_2019_EC_043.png,GATE_ESE_Papers/EC/EC/EC_2019_EC_043.png,EC,2019,EC,43,NAT,5.24 to 5.26,2,0
EC_2019_EC_044.png,GATE_ESE_Papers/EC/EC/EC_2019_EC_044.png,EC,2019,EC,44,NAT,-27.01 to -26.99,2,0
EC_2019_EC_045.png,GATE_ESE_Papers/EC/EC/EC_2019_EC_045.png,EC,2019,EC,45,NAT,17.40 to 17.60,2,0
EC_2019_EC_046.png,GATE_ESE_Papers/EC/EC/EC_2019_EC_046.png,EC,2019,EC,46,NAT,11.80 to 11.82,2,0
EC_2019_EC_047.png,GATE_ESE_Papers/EC/EC/EC_2019_EC_047.png,EC,2019,EC,47,NAT,0.1 to 0.1,2,0
EC_2019_EC_048.png,GATE_ESE_Papers/EC/EC/EC_2019_EC_048.png,EC,2019,EC,48,NAT,0.230 to 0.232,2,0
EC_2019_EC_049.png,GATE_ESE_Papers/EC/EC/EC_2019_EC_049.png,EC,2019,EC,49,NAT,34.00 to 38.00,2,0
EC_2019_EC_050.png,GATE_ESE_Papers/EC/EC/EC_2019_EC_050.png,EC,2019,EC,50,NAT,25.40 to 25.60,2,0
EC_2019_EC_051.png,GATE_ESE_Papers/EC/EC/EC_2019_EC_051.png,EC,2019,EC,51,NAT,1.71 to 1.75,2,0
EC_2019_EC_052.png,GATE_ESE_Papers/EC/EC/EC_2019_EC_052.png,EC,2019,EC,52,NAT,3.2 to 3.4,2,0
EC_2019_EC_053.png,GATE_ESE_Papers/EC/EC/EC_2019_EC_053.png,EC,2019,EC,53,NAT,0.210 to 0.230,2,0
EC_2019_EC_054.png,GATE_ESE_Papers/EC/EC/EC_2019_EC_054.png,EC,2019,EC,54,NAT,-905.0 to -895.0 OR 895.0 to 905.0,2,0
EC_2019_EC_055.png,GATE_ESE_Papers/EC/EC/EC_2019_EC_055.png,EC,2019,EC,55,NAT,5.9 to 6.1,2,0
EC_2021_GA_001.png,GATE_ESE_Papers/EC/GA/EC_2021_GA_001.png,EC,2021,GA,1,MCQ,C,1,0.33
EC_2021_GA_002.png,GATE_ESE_Papers/EC/GA/EC_2021_GA_002.png,EC,2021,GA,2,MCQ,B,1,0.33
EC_2021_GA_003.png,GATE_ESE_Papers/EC/GA/EC_2021_GA_003.png,EC,2021,GA,3,MCQ,C,1,0.33
EC_2021_GA_004.png,GATE_ESE_Papers/EC/GA/EC_2021_GA_004.png,EC,2021,GA,4,MCQ,C,1,0.33
EC_2021_GA_005.png,GATE_ESE_Papers/EC/GA/EC_2021_GA_005.png,EC,2021,GA,5,MCQ,B,1,0.33
EC_2021_GA_006.png,GATE_ESE_Papers/EC/GA/EC_2021_GA_006.png,EC,2021,GA,6,MCQ,C,2,0.67
EC_2021_GA_007.png,GATE_ESE_Papers/EC/GA/EC_2021_GA_007.png,EC,2021,GA,7,MCQ,D,2,0.67
EC_2021_GA_008.png,GATE_ESE_Papers/EC/GA/EC_2021_GA_008.png,EC,2021,GA,8,MCQ,A,2,0.67
EC_2021_GA_009.png,GATE_ESE_Papers/EC/GA/EC_2021_GA_009.png,EC,2021,GA,9,MCQ,C,2,0.67
EC_2021_GA_010.png,GATE_ESE_Papers/EC/GA/EC_2021_GA_010.png,EC,2021,GA,10,MCQ,A,2,0.67
EC_2021_EC_001.png,GATE_ESE_Papers/EC/EC/EC_2021_EC_001.png,EC,2021,EC,1,MCQ,A,1,0.33
EC_2021_EC_002.png,GATE_ESE_Papers/EC/EC/EC_2021_EC_002.png,EC,2021,EC,2,MCQ,B,1,0.33
EC_2021_EC_003.png,GATE_ESE_Papers/EC/EC/EC_2021_EC_003.png,EC,2021,EC,3,MCQ,B,1,0.33
EC_2021_EC_004.png,GATE_ESE_Papers/EC/EC/EC_2021_EC_004.png,EC,2021,EC,4,MCQ,B,1,0.33
EC_2021_EC_005.png,GATE_ESE_Papers/EC/EC/EC_2021_EC_005.png,EC,2021,EC,5,MCQ,C,1,0.33
EC_2021_EC_006.png,GATE_ESE_Papers/EC/EC/EC_2021_EC_006.png,EC,2021,EC,6,MCQ,D,1,0.33
EC_2021_EC_007.png,GATE_ESE_Papers/EC/EC/EC_2021_EC_007.png,EC,2021,EC,7,MCQ,A,1,0.33
EC_2021_EC_008.png,GATE_ESE_Papers/EC/EC/EC_2021_EC_008.png,EC,2021,EC,8,MCQ,D,1,0.33
EC_2021_EC_009.png,GATE_ESE_Papers/EC/EC/EC_2021_EC_009.png,EC,2021,EC,9,MCQ,MTA,1,0.33
EC_2021_EC_010.png,GATE_ESE_Papers/EC/EC/EC_2021_EC_010.png,EC,2021,EC,10,MCQ,A,1,0.33
EC_2021_EC_011.png,GATE_ESE_Papers/EC/EC/EC_2021_EC_011.png,EC,2021,EC,11,MCQ,B,1,0.33
EC_2021_EC_012.png,GATE_ESE_Papers/EC/EC/EC_2021_EC_012.png,EC,2021,EC,12,MCQ,C,1,0.33
EC_2021_EC_013.png,GATE_ESE_Papers/EC/EC/EC_2021_EC_013.png,EC,2021,EC,13,MCQ,C,1,0.33
EC_2021_EC_014.png,GATE_ESE_Papers/EC/EC/EC_2021_EC_014.png,EC,2021,EC,14,MCQ,D,1,0.33
EC_2021_EC_015.png,GATE_ESE_Papers/EC/EC/EC_2021_EC_015.png,EC,2021,EC,15,MCQ,A,1,0.33
EC_2021_EC_016.png,GATE_ESE_Papers/EC/EC/EC_2021_EC_016.png,EC,2021,EC,16,NAT,8.0 to 8.0,1,0.0
EC_2021_EC_017.png,GATE_ESE_Papers/EC/EC/EC_2021_EC_017.png,EC,2021,EC,17,NAT,0 to 0,1,0.0
EC_2021_EC_018.png,GATE_ESE_Papers/EC/EC/EC_2021_EC_018.png,EC,2021,EC,18,NAT,0.5 to 0.5,1,0.0
EC_2021_EC_019.png,GATE_ESE_Papers/EC/EC/EC_2021_EC_019.png,EC,2021,EC,19,NAT,1.0 to 1.0,1,0.0
EC_2021_EC_020.png,GATE_ESE_Papers/EC/EC/EC_2021_EC_020.png,EC,2021,EC,20,NAT,4.5 to 4.5,1,0.0
EC_2021_EC_021.png,GATE_ESE_Papers/EC/EC/EC_2021_EC_021.png,EC,2021,EC,21,NAT,2.0 to 2.0,1,0.0
EC_2021_EC_022.png,GATE_ESE_Papers/EC/EC/EC_2021_EC_022.png,EC,2021,EC,22,NAT,94.2 to 94.6,1,0.0
EC_2021_EC_023.png,GATE_ESE_Papers/EC/EC/EC_2021_EC_023.png,EC,2021,EC,23,NAT,9.24 to 9.28,1,0.0
EC_2021_EC_024.png,GATE_ESE_Papers/EC/EC/EC_2021_EC_024.png,EC,2021,EC,24,NAT,2.80 to 3.20,1,0.0
EC_2021_EC_025.png,GATE_ESE_Papers/EC/EC/EC_2021_EC_025.png,EC,2021,EC,25,NAT,9.30 to 9.44,1,0.0
EC_2021_EC_026.png,GATE_ESE_Papers/EC/EC/EC_2021_EC_026.png,EC,2021,EC,26,MCQ,MTA,2,0.67
EC_2021_EC_027.png,GATE_ESE_Papers/EC/EC/EC_2021_EC_027.png,EC,2021,EC,27,MCQ,B,2,0.67
EC_2021_EC_028.png,GATE_ESE_Papers/EC/EC/EC_2021_EC_028.png,EC,2021,EC,28,MCQ,C,2,0.67
EC_2021_EC_029.png,GATE_ESE_Papers/EC/EC/EC_2021_EC_029.png,EC,2021,EC,29,MCQ,C,2,0.67
EC_2021_EC_030.png,GATE_ESE_Papers/EC/EC/EC_2021_EC_030.png,EC,2021,EC,30,MCQ,A,2,0.67
EC_2021_EC_031.png,GATE_ESE_Papers/EC/EC/EC_2021_EC_031.png,EC,2021,EC,31,MCQ,C,2,0.67
EC_2021_EC_032.png,GATE_ESE_Papers/EC/EC/EC_2021_EC_032.png,EC,2021,EC,32,MCQ,A,2,0.67
EC_2021_EC_033.png,GATE_ESE_Papers/EC/EC/EC_2021_EC_033.png,EC,2021,EC,33,MCQ,D,2,0.67
EC_2021_EC_034.png,GATE_ESE_Papers/EC/EC/EC_2021_EC_034.png,EC,2021,EC,34,MCQ,C,2,0.67
EC_2021_EC_035.png,GATE_ESE_Papers/EC/EC/EC_2021_EC_035.png,EC,2021,EC,35,MCQ,A,2,0.67
EC_2021_EC_036.png,GATE_ESE_Papers/EC/EC/EC_2021_EC_036.png,EC,2021,EC,36,NAT,10.0 to 10.0,2,0.0
EC_2021_EC_037.png,GATE_ESE_Papers/EC/EC/EC_2021_EC_037.png,EC,2021,EC,37,NAT,56.50 to 56.60,2,0.0
EC_2021_EC_038.png,GATE_ESE_Papers/EC/EC/EC_2021_EC_038.png,EC,2021,EC,38,NAT,0.132 to 0.146,2,0.0
EC_2021_EC_039.png,GATE_ESE_Papers/EC/EC/EC_2021_EC_039.png,EC,2021,EC,39,NAT,31.9 to 32.1,2,0.0
EC_2021_EC_040.png,GATE_ESE_Papers/EC/EC/EC_2021_EC_040.png,EC,2021,EC,40,NAT,0.0 to 0.0,2,0.0
EC_2021_EC_041.png,GATE_ESE_Papers/EC/EC/EC_2021_EC_041.png,EC,2021,EC,41,NAT,7.9 to 8.1,2,0.0
EC_2021_EC_042.png,GATE_ESE_Papers/EC/EC/EC_2021_EC_042.png,EC,2021,EC,42,NAT,8.1 to 8.4,2,0.0
EC_2021_EC_043.png,GATE_ESE_Papers/EC/EC/EC_2021_EC_043.png,EC,2021,EC,43,NAT,10 to 10,2,0.0
EC_2021_EC_044.png,GATE_ESE_Papers/EC/EC/EC_2021_EC_044.png,EC,2021,EC,44,NAT,0.5 to 0.5,2,0.0
EC_2021_EC_045.png,GATE_ESE_Papers/EC/EC/EC_2021_EC_045.png,EC,2021,EC,45,NAT,-12 to -12,2,0.0
EC_2021_EC_046.png,GATE_ESE_Papers/EC/EC/EC_2021_EC_046.png,EC,2021,EC,46,NAT,5 to 5,2,0.0
EC_2021_EC_047.png,GATE_ESE_Papers/EC/EC/EC_2021_EC_047.png,EC,2021,EC,47,NAT,1.40 to 1.50,2,0.0
EC_2021_EC_048.png,GATE_ESE_Papers/EC/EC/EC_2021_EC_048.png,EC,2021,EC,48,NAT,3.125 to 3.125,2,0.0
EC_2021_EC_049.png,GATE_ESE_Papers/EC/EC/EC_2021_EC_049.png,EC,2021,EC,49,NAT,1011310.0 to 1011320.0,2,0.0
EC_2021_EC_050.png,GATE_ESE_Papers/EC/EC/EC_2021_EC_050.png,EC,2021,EC,50,NAT,1400 to 1400,2,0.0
EC_2021_EC_051.png,GATE_ESE_Papers/EC/EC/EC_2021_EC_051.png,EC,2021,EC,51,NAT,3.320 to 3.325,2,0.0
EC_2021_EC_052.png,GATE_ESE_Papers/EC/EC/EC_2021_EC_052.png,EC,2021,EC,52,NAT,30.00 to 34.00,2,0.0
EC_2021_EC_053.png,GATE_ESE_Papers/EC/EC/EC_2021_EC_053.png,EC,2021,EC,53,NAT,0.03 to 0.05,2,0.0
EC_2021_EC_054.png,GATE_ESE_Papers/EC/EC/EC_2021_EC_054.png,EC,2021,EC,54,NAT,1.15 to 1.25,2,0.0
EC_2021_EC_055.png,GATE_ESE_Papers/EC/EC/EC_2021_EC_055.png,EC,2021,EC,55,NAT,0.224 to 0.264,2,0.0
EC_2017_EC_001.png,GATE_ESE_Papers/EC/EC/EC_2017_EC_001.png,EC,2017,EC,1,MCQ,C,1,
EC_2017_EC_002.png,GATE_ESE_Papers/EC/EC/EC_2017_EC_002.png,EC,2017,EC,2,MCQ,A,1,
EC_2017_EC_003.png,GATE_ESE_Papers/EC/EC/EC_2017_EC_003.png,EC,2017,EC,3,MCQ,A,1,
EC_2017_EC_004.png,GATE_ESE_Papers/EC/EC/EC_2017_EC_004.png,EC,2017,EC,4,MCQ,A,1,
EC_2017_EC_005.png,GATE_ESE_Papers/EC/EC/EC_2017_EC_005.png,EC,2017,EC,5,MCQ,D,1,
EC_2017_EC_006.png,GATE_ESE_Papers/EC/EC/EC_2017_EC_006.png,EC,2017,EC,6,MCQ,C,1,
EC_2017_EC_007.png,GATE_ESE_Papers/EC/EC/EC_2017_EC_007.png,EC,2017,EC,7,MCQ,B,1,
EC_2017_EC_008.png,GATE_ESE_Papers/EC/EC/EC_2017_EC_008.png,EC,2017,EC,8,MCQ,B,1,
EC_2017_EC_009.png,GATE_ESE_Papers/EC/EC/EC_2017_EC_009.png,EC,2017,EC,9,MCQ,D,1,
EC_2017_EC_010.png,GATE_ESE_Papers/EC/EC/EC_2017_EC_010.png,EC,2017,EC,10,MCQ,A,1,
EC_2017_EC_011.png,GATE_ESE_Papers/EC/EC/EC_2017_EC_011.png,EC,2017,EC,11,MCQ,C,1,
EC_2017_EC_012.png,GATE_ESE_Papers/EC/EC/EC_2017_EC_012.png,EC,2017,EC,12,MCQ,B,1,
EC_2017_EC_013.png,GATE_ESE_Papers/EC/EC/EC_2017_EC_013.png,EC,2017,EC,13,MCQ,C,1,
EC_2017_EC_014.png,GATE_ESE_Papers/EC/EC/EC_2017_EC_014.png,EC,2017,EC,14,MCQ,D,1,
EC_2017_EC_015.png,GATE_ESE_Papers/EC/EC/EC_2017_EC_015.png,EC,2017,EC,15,MCQ,B,1,
EC_2017_EC_016.png,GATE_ESE_Papers/EC/EC/EC_2017_EC_016.png,EC,2017,EC,16,MCQ,A,1,
EC_2017_EC_017.png,GATE_ESE_Papers/EC/EC/EC_2017_EC_017.png,EC,2017,EC,17,MCQ,C,1,
EC_2017_EC_018.png,GATE_ESE_Papers/EC/EC/EC_2017_EC_018.png,EC,2017,EC,18,MCQ,C,1,
EC_2017_EC_019.png,GATE_ESE_Papers/EC/EC/EC_2017_EC_019.png,EC,2017,EC,19,MCQ,C,1,
EC_2017_EC_020.png,GATE_ESE_Papers/EC/EC/EC_2017_EC_020.png,EC,2017,EC,20,MCQ,D,1,
EC_2017_EC_021.png,GATE_ESE_Papers/EC/EC/EC_2017_EC_021.png,EC,2017,EC,21,MCQ,B,1,
EC_2017_EC_022.png,GATE_ESE_Papers/EC/EC/EC_2017_EC_022.png,EC,2017,EC,22,MCQ,D,1,
EC_2017_EC_023.png,GATE_ESE_Papers/EC/EC/EC_2017_EC_023.png,EC,2017,EC,23,MCQ,D,1,
EC_2017_EC_024.png,GATE_ESE_Papers/EC/EC/EC_2017_EC_024.png,EC,2017,EC,24,MCQ,D,1,
EC_2017_EC_025.png,GATE_ESE_Papers/EC/EC/EC_2017_EC_025.png,EC,2017,EC,25,MCQ,B,1,
EC_2017_EC_026.png,GATE_ESE_Papers/EC/EC/EC_2017_EC_026.png,EC,2017,EC,26,MCQ,B,1,
EC_2017_EC_027.png,GATE_ESE_Papers/EC/EC/EC_2017_EC_027.png,EC,2017,EC,27,MCQ,B,1,
EC_2017_EC_028.png,GATE_ESE_Papers/EC/EC/EC_2017_EC_028.png,EC,2017,EC,28,MCQ,A,1,
EC_2017_EC_029.png,GATE_ESE_Papers/EC/EC/EC_2017_EC_029.png,EC,2017,EC,29,MCQ,B,1,
EC_2017_EC_030.png,GATE_ESE_Papers/EC/EC/EC_2017_EC_030.png,EC,2017,EC,30,MCQ,A,1,
EC_2017_EC_031.png,GATE_ESE_Papers/EC/EC/EC_2017_EC_031.png,EC,2017,EC,31,MCQ,C,1,
EC_2017_EC_032.png,GATE_ESE_Papers/EC/EC/EC_2017_EC_032.png,EC,2017,EC,32,MCQ,B,1,
EC_2017_EC_033.png,GATE_ESE_Papers/EC/EC/EC_2017_EC_033.png,EC,2017,EC,33,MCQ,A,1,
EC_2017_EC_034.png,GATE_ESE_Papers/EC/EC/EC_2017_EC_034.png,EC,2017,EC,34,MCQ,A,1,
EC_2017_EC_035.png,GATE_ESE_Papers/EC/EC/EC_2017_EC_035.png,EC,2017,EC,35,MCQ,A,1,
EC_2017_EC_036.png,GATE_ESE_Papers/EC/EC/EC_2017_EC_036.png,EC,2017,EC,36,MCQ,B,1,
EC_2017_EC_037.png,GATE_ESE_Papers/EC/EC/EC_2017_EC_037.png,EC,2017,EC,37,MCQ,B,1,
EC_2017_EC_038.png,GATE_ESE_Papers/EC/EC/EC_2017_EC_038.png,EC,2017,EC,38,MCQ,C,1,
EC_2017_EC_039.png,GATE_ESE_Papers/EC/EC/EC_2017_EC_039.png,EC,2017,EC,39,MCQ,B,1,
EC_2017_EC_040.png,GATE_ESE_Papers/EC/EC/EC_2017_EC_040.png,EC,2017,EC,40,MCQ,B,1,
EC_2017_EC_041.png,GATE_ESE_Papers/EC/EC/EC_2017_EC_041.png,EC,2017,EC,41,MCQ,B,1,
EC_2017_EC_042.png,GATE_ESE_Papers/EC/EC/EC_2017_EC_042.png,EC,2017,EC,42,MCQ,D,1,
EC_2017_EC_043.png,GATE_ESE_Papers/EC/EC/EC_2017_EC_043.png,EC,2017,EC,43,MCQ,D,1,
EC_2017_EC_044.png,GATE_ESE_Papers/EC/EC/EC_2017_EC_044.png,EC,2017,EC,44,MCQ,B,1,
EC_2017_EC_045.png,GATE_ESE_Papers/EC/EC/EC_2017_EC_045.png,EC,2017,EC,45,MCQ,B,1,
EC_2017_EC_046.png,GATE_ESE_Papers/EC/EC/EC_2017_EC_046.png,EC,2017,EC,46,MCQ,A,1,
EC_2017_EC_047.png,GATE_ESE_Papers/EC/EC/EC_2017_EC_047.png,EC,2017,EC,47,MCQ,A,1,
EC_2017_EC_048.png,GATE_ESE_Papers/EC/EC/EC_2017_EC_048.png,EC,2017,EC,48,MCQ,B,1,
EC_2017_EC_049.png,GATE_ESE_Papers/EC/EC/EC_2017_EC_049.png,EC,2017,EC,49,MCQ,D,1,
EC_2017_EC_050.png,GATE_ESE_Papers/EC/EC/EC_2017_EC_050.png,EC,2017,EC,50,MCQ,B,1,
EC_2017_EC_051.png,GATE_ESE_Papers/EC/EC/EC_2017_EC_051.png,EC,2017,EC,51,MCQ,C,1,
EC_2017_EC_052.png,GATE_ESE_Papers/EC/EC/EC_2017_EC_052.png,EC,2017,EC,52,MCQ,B,1,
EC_2017_EC_053.png,GATE_ESE_Papers/EC/EC/EC_2017_EC_053.png,EC,2017,EC,53,MCQ,D,1,
EC_2017_EC_054.png,GATE_ESE_Papers/EC/EC/EC_2017_EC_054.png,EC,2017,EC,54,MCQ,D,1,
EC_2017_EC_055.png,GATE_ESE_Papers/EC/EC/EC_2017_EC_055.png,EC,2017,EC,55,MCQ,*,1,
EC_2017_EC_056.png,GATE_ESE_Papers/EC/EC/EC_2017_EC_056.png,EC,2017,EC,56,MCQ,B,1,
EC_2017_EC_057.png,GATE_ESE_Papers/EC/EC/EC_2017_EC_057.png,EC,2017,EC,57,MCQ,B,1,
EC_2017_EC_058.png,GATE_ESE_Papers/EC/EC/EC_2017_EC_058.png,EC,2017,EC,58,MCQ,A,1,
EC_2017_EC_059.png,GATE_ESE_Papers/EC/EC/EC_2017_EC_059.png,EC,2017,EC,59,MCQ,D,1,
EC_2017_EC_060.png,GATE_ESE_Papers/EC/EC/EC_2017_EC_060.png,EC,2017,EC,60,MCQ,C,1,
EC_2017_EC_061.png,GATE_ESE_Papers/EC/EC/EC_2017_EC_061.png,EC,2017,EC,61,MCQ,A,1,
EC_2017_EC_062.png,GATE_ESE_Papers/EC/EC/EC_2017_EC_062.png,EC,2017,EC,62,MCQ,A,1,
EC_2017_EC_063.png,GATE_ESE_Papers/EC/EC/EC_2017_EC_063.png,EC,2017,EC,63,MCQ,D,1,
EC_2017_EC_064.png,GATE_ESE_Papers/EC/EC/EC_2017_EC_064.png,EC,2017,EC,64,MCQ,B,1,
EC_2017_EC_065.png,GATE_ESE_Papers/EC/EC/EC_2017_EC_065.png,EC,2017,EC,65,MCQ,C,1,
EC_2017_EC_066.png,GATE_ESE_Papers/EC/EC/EC_2017_EC_066.png,EC,2017,EC,66,MCQ,C,1,
EC_2017_EC_067.png,GATE_ESE_Papers/EC/EC/EC_2017_EC_067.png,EC,2017,EC,67,MCQ,C,1,
EC_2017_EC_068.png,GATE_ESE_Papers/EC/EC/EC_2017_EC_068.png,EC,2017,EC,68,MCQ,D,1,
EC_2017_EC_069.png,GATE_ESE_Papers/EC/EC/EC_2017_EC_069.png,EC,2017,EC,69,MCQ,C,1,
EC_2017_EC_070.png,GATE_ESE_Papers/EC/EC/EC_2017_EC_070.png,EC,2017,EC,70,MCQ,B,1,
EC_2017_EC_071.png,GATE_ESE_Papers/EC/EC/EC_2017_EC_071.png,EC,2017,EC,71,MCQ,B,1,
EC_2017_EC_072.png,GATE_ESE_Papers/EC/EC/EC_2017_EC_072.png,EC,2017,EC,72,MCQ,C,1,
EC_2017_EC_073.png,GATE_ESE_Papers/EC/EC/EC_2017_EC_073.png,EC,2017,EC,73,MCQ,C,1,
EC_2017_EC_074.png,GATE_ESE_Papers/EC/EC/EC_2017_EC_074.png,EC,2017,EC,74,MCQ,D,1,
EC_2017_EC_075.png,GATE_ESE_Papers/EC/EC/EC_2017_EC_075.png,EC,2017,EC,75,MCQ,C,1,
EC_2017_EC_076.png,GATE_ESE_Papers/EC/EC/EC_2017_EC_076.png,EC,2017,EC,76,MCQ,D,1,
EC_2017_EC_077.png,GATE_ESE_Papers/EC/EC/EC_2017_EC_077.png,EC,2017,EC,77,MCQ,A,1,
EC_2017_EC_078.png,GATE_ESE_Papers/EC/EC/EC_2017_EC_078.png,EC,2017,EC,78,MCQ,B,1,
EC_2017_EC_079.png,GATE_ESE_Papers/EC/EC/EC_2017_EC_079.png,EC,2017,EC,79,MCQ,B,1,
EC_2017_EC_080.png,GATE_ESE_Papers/EC/EC/EC_2017_EC_080.png,EC,2017,EC,80,MCQ,C,1,
EC_2017_EC_081.png,GATE_ESE_Papers/EC/EC/EC_2017_EC_081.png,EC,2017,EC,81,MCQ,C,1,
EC_2017_EC_082.png,GATE_ESE_Papers/EC/EC/EC_2017_EC_082.png,EC,2017,EC,82,MCQ,C,1,
EC_2017_EC_083.png,GATE_ESE_Papers/EC/EC/EC_2017_EC_083.png,EC,2017,EC,83,MCQ,B,1,
EC_2017_EC_084.png,GATE_ESE_Papers/EC/EC/EC_2017_EC_084.png,EC,2017,EC,84,MCQ,D,1,
EC_2017_EC_085.png,GATE_ESE_Papers/EC/EC/EC_2017_EC_085.png,EC,2017,EC,85,MCQ,C,1,
EC_2017_EC_086.png,GATE_ESE_Papers/EC/EC/EC_2017_EC_086.png,EC,2017,EC,86,MCQ,C,1,
EC_2017_EC_087.png,GATE_ESE_Papers/EC/EC/EC_2017_EC_087.png,EC,2017,EC,87,MCQ,C,1,
EC_2017_EC_088.png,GATE_ESE_Papers/EC/EC/EC_2017_EC_088.png,EC,2017,EC,88,MCQ,C,1,
EC_2017_EC_089.png,GATE_ESE_Papers/EC/EC/EC_2017_EC_089.png,EC,2017,EC,89,MCQ,A,1,
EC_2017_EC_090.png,GATE_ESE_Papers/EC/EC/EC_2017_EC_090.png,EC,2017,EC,90,MCQ,C,1,
EC_2017_EC_091.png,GATE_ESE_Papers/EC/EC/EC_2017_EC_091.png,EC,2017,EC,91,MCQ,C,1,
EC_2017_EC_092.png,GATE_ESE_Papers/EC/EC/EC_2017_EC_092.png,EC,2017,EC,92,MCQ,UNKNOWN,1,
EC_2017_EC_093.png,GATE_ESE_Papers/EC/EC/EC_2017_EC_093.png,EC,2017,EC,93,MCQ,D,1,
EC_2017_EC_094.png,GATE_ESE_Papers/EC/EC/EC_2017_EC_094.png,EC,2017,EC,94,MCQ,D,1,
EC_2017_EC_095.png,GATE_ESE_Papers/EC/EC/EC_2017_EC_095.png,EC,2017,EC,95,MCQ,C,1,
EC_2017_EC_096.png,GATE_ESE_Papers/EC/EC/EC_2017_EC_096.png,EC,2017,EC,96,MCQ,C,1,
EC_2017_EC_097.png,GATE_ESE_Papers/EC/EC/EC_2017_EC_097.png,EC,2017,EC,97,MCQ,A,1,
EC_2017_EC_098.png,GATE_ESE_Papers/EC/EC/EC_2017_EC_098.png,EC,2017,EC,98,MCQ,A,1,
EC_2017_EC_099.png,GATE_ESE_Papers/EC/EC/EC_2017_EC_099.png,EC,2017,EC,99,MCQ,B,1,
EC_2017_EC_100.png,GATE_ESE_Papers/EC/EC/EC_2017_EC_100.png,EC,2017,EC,100,MCQ,D,1,
EC_2017_EC_101.png,GATE_ESE_Papers/EC/EC/EC_2017_EC_101.png,EC,2017,EC,101,MCQ,C,1,
EC_2017_EC_102.png,GATE_ESE_Papers/EC/EC/EC_2017_EC_102.png,EC,2017,EC,102,MCQ,D,1,
EC_2017_EC_103.png,GATE_ESE_Papers/EC/EC/EC_2017_EC_103.png,EC,2017,EC,103,MCQ,C,1,
EC_2017_EC_104.png,GATE_ESE_Papers/EC/EC/EC_2017_EC_104.png,EC,2017,EC,104,MCQ,D,1,
EC_2017_EC_105.png,GATE_ESE_Papers/EC/EC/EC_2017_EC_105.png,EC,2017,EC,105,MCQ,A,1,
EC_2017_EC_106.png,GATE_ESE_Papers/EC/EC/EC_2017_EC_106.png,EC,2017,EC,106,MCQ,A,1,
EC_2017_EC_107.png,GATE_ESE_Papers/EC/EC/EC_2017_EC_107.png,EC,2017,EC,107,MCQ,B,1,
EC_2017_EC_108.png,GATE_ESE_Papers/EC/EC/EC_2017_EC_108.png,EC,2017,EC,108,MCQ,A,1,
EC_2017_EC_109.png,GATE_ESE_Papers/EC/EC/EC_2017_EC_109.png,EC,2017,EC,109,MCQ,B,1,
EC_2017_EC_110.png,GATE_ESE_Papers/EC/EC/EC_2017_EC_110.png,EC,2017,EC,110,MCQ,D,1,
EC_2017_EC_111.png,GATE_ESE_Papers/EC/EC/EC_2017_EC_111.png,EC,2017,EC,111,MCQ,B,1,
EC_2017_EC_112.png,GATE_ESE_Papers/EC/EC/EC_2017_EC_112.png,EC,2017,EC,112,MCQ,C,1,
EC_2017_EC_113.png,GATE_ESE_Papers/EC/EC/EC_2017_EC_113.png,EC,2017,EC,113,MCQ,C,1,
EC_2017_EC_114.png,GATE_ESE_Papers/EC/EC/EC_2017_EC_114.png,EC,2017,EC,114,MCQ,D,1,
EC_2017_EC_115.png,GATE_ESE_Papers/EC/EC/EC_2017_EC_115.png,EC,2017,EC,115,MCQ,C,1,
EC_2017_EC_116.png,GATE_ESE_Papers/EC/EC/EC_2017_EC_116.png,EC,2017,EC,116,MCQ,*,1,
EC_2017_EC_117.png,GATE_ESE_Papers/EC/EC/EC_2017_EC_117.png,EC,2017,EC,117,MCQ,C,1,
EC_2017_EC_118.png,GATE_ESE_Papers/EC/EC/EC_2017_EC_118.png,EC,2017,EC,118,MCQ,D,1,
EC_2017_EC_119.png,GATE_ESE_Papers/EC/EC/EC_2017_EC_119.png,EC,2017,EC,119,MCQ,C,1,
EC_2017_EC_120.png,GATE_ESE_Papers/EC/EC/EC_2017_EC_120.png,EC,2017,EC,120,MCQ,D,1,
EC_2017_EC_121.png,GATE_ESE_Papers/EC/EC/EC_2017_EC_121.png,EC,2017,EC,121,MCQ,A,1,
EC_2017_EC_122.png,GATE_ESE_Papers/EC/EC/EC_2017_EC_122.png,EC,2017,EC,122,MCQ,D,1,
EC_2017_EC_123.png,GATE_ESE_Papers/EC/EC/EC_2017_EC_123.png,EC,2017,EC,123,MCQ,C,1,
EC_2017_EC_124.png,GATE_ESE_Papers/EC/EC/EC_2017_EC_124.png,EC,2017,EC,124,MCQ,B,1,
EC_2017_EC_125.png,GATE_ESE_Papers/EC/EC/EC_2017_EC_125.png,EC,2017,EC,125,MCQ,B,1,
EC_2017_EC_126.png,GATE_ESE_Papers/EC/EC/EC_2017_EC_126.png,EC,2017,EC,126,MCQ,B,1,
EC_2017_EC_127.png,GATE_ESE_Papers/EC/EC/EC_2017_EC_127.png,EC,2017,EC,127,MCQ,D,1,
EC_2017_EC_128.png,GATE_ESE_Papers/EC/EC/EC_2017_EC_128.png,EC,2017,EC,128,MCQ,A,1,
EC_2017_EC_129.png,GATE_ESE_Papers/EC/EC/EC_2017_EC_129.png,EC,2017,EC,129,MCQ,D,1,
EC_2017_EC_130.png,GATE_ESE_Papers/EC/EC/EC_2017_EC_130.png,EC,2017,EC,130,MCQ,D,1,
EC_2017_EC_131.png,GATE_ESE_Papers/EC/EC/EC_2017_EC_131.png,EC,2017,EC,131,MCQ,A,1,
EC_2017_EC_132.png,GATE_ESE_Papers/EC/EC/EC_2017_EC_132.png,EC,2017,EC,132,MCQ,C,1,
EC_2017_EC_133.png,GATE_ESE_Papers/EC/EC/EC_2017_EC_133.png,EC,2017,EC,133,MCQ,B,1,
EC_2017_EC_134.png,GATE_ESE_Papers/EC/EC/EC_2017_EC_134.png,EC,2017,EC,134,MCQ,B,1,
EC_2017_EC_135.png,GATE_ESE_Papers/EC/EC/EC_2017_EC_135.png,EC,2017,EC,135,MCQ,C,1,
EC_2017_EC_136.png,GATE_ESE_Papers/EC/EC/EC_2017_EC_136.png,EC,2017,EC,136,MCQ,A,1,
EC_2017_EC_137.png,GATE_ESE_Papers/EC/EC/EC_2017_EC_137.png,EC,2017,EC,137,MCQ,B,1,
EC_2017_EC_138.png,GATE_ESE_Papers/EC/EC/EC_2017_EC_138.png,EC,2017,EC,138,MCQ,C,1,
EC_2017_EC_139.png,GATE_ESE_Papers/EC/EC/EC_2017_EC_139.png,EC,2017,EC,139,MCQ,B,1,
EC_2017_EC_140.png,GATE_ESE_Papers/EC/EC/EC_2017_EC_140.png,EC,2017,EC,140,MCQ,D,1,
EC_2017_EC_141.png,GATE_ESE_Papers/EC/EC/EC_2017_EC_141.png,EC,2017,EC,141,MCQ,B,1,
EC_2017_EC_142.png,GATE_ESE_Papers/EC/EC/EC_2017_EC_142.png,EC,2017,EC,142,MCQ,B,1,
EC_2017_EC_143.png,GATE_ESE_Papers/EC/EC/EC_2017_EC_143.png,EC,2017,EC,143,MCQ,A,1,
EC_2017_EC_144.png,GATE_ESE_Papers/EC/EC/EC_2017_EC_144.png,EC,2017,EC,144,MCQ,B,1,
EC_2017_EC_145.png,GATE_ESE_Papers/EC/EC/EC_2017_EC_145.png,EC,2017,EC,145,MCQ,B,1,
EC_2017_EC_146.png,GATE_ESE_Papers/EC/EC/EC_2017_EC_146.png,EC,2017,EC,146,MCQ,B,1,
EC_2017_EC_147.png,GATE_ESE_Papers/EC/EC/EC_2017_EC_147.png,EC,2017,EC,147,MCQ,A,1,
EC_2017_EC_148.png,GATE_ESE_Papers/EC/EC/EC_2017_EC_148.png,EC,2017,EC,148,MCQ,B,1,
EC_2017_EC_149.png,GATE_ESE_Papers/EC/EC/EC_2017_EC_149.png,EC,2017,EC,149,MCQ,B,1,
EC_2017_EC_150.png,GATE_ESE_Papers/EC/EC/EC_2017_EC_150.png,EC,2017,EC,150,MCQ,C,1,
EC_2018_EC_056.png,GATE_ESE_Papers/EC/EC/EC_2018_EC_056.png,EC,2018,EC,56,MCQ,D,1,
EC_2018_EC_057.png,GATE_ESE_Papers/EC/EC/EC_2018_EC_057.png,EC,2018,EC,57,MCQ,A,1,
EC_2018_EC_058.png,GATE_ESE_Papers/EC/EC/EC_2018_EC_058.png,EC,2018,EC,58,MCQ,C,1,
EC_2018_EC_059.png,GATE_ESE_Papers/EC/EC/EC_2018_EC_059.png,EC,2018,EC,59,MCQ,C,1,
EC_2018_EC_060.png,GATE_ESE_Papers/EC/EC/EC_2018_EC_060.png,EC,2018,EC,60,MCQ,B,1,
EC_2018_EC_061.png,GATE_ESE_Papers/EC/EC/EC_2018_EC_061.png,EC,2018,EC,61,MCQ,C,1,
EC_2018_EC_062.png,GATE_ESE_Papers/EC/EC/EC_2018_EC_062.png,EC,2018,EC,62,MCQ,B,1,
EC_2018_EC_063.png,GATE_ESE_Papers/EC/EC/EC_2018_EC_063.png,EC,2018,EC,63,MCQ,B,1,
EC_2018_EC_064.png,GATE_ESE_Papers/EC/EC/EC_2018_EC_064.png,EC,2018,EC,64,MCQ,C,1,
EC_2018_EC_065.png,GATE_ESE_Papers/EC/EC/EC_2018_EC_065.png,EC,2018,EC,65,MCQ,A,1,
EC_2018_EC_066.png,GATE_ESE_Papers/EC/EC/EC_2018_EC_066.png,EC,2018,EC,66,MCQ,A,1,
EC_2018_EC_067.png,GATE_ESE_Papers/EC/EC/EC_2018_EC_067.png,EC,2018,EC,67,MCQ,B,1,
EC_2018_EC_068.png,GATE_ESE_Papers/EC/EC/EC_2018_EC_068.png,EC,2018,EC,68,MCQ,A,1,
EC_2018_EC_069.png,GATE_ESE_Papers/EC/EC/EC_2018_EC_069.png,EC,2018,EC,69,MCQ,C,1,
EC_2018_EC_070.png,GATE_ESE_Papers/EC/EC/EC_2018_EC_070.png,EC,2018,EC,70,MCQ,C,1,
EC_2018_EC_071.png,GATE_ESE_Papers/EC/EC/EC_2018_EC_071.png,EC,2018,EC,71,MCQ,B,1,
EC_2018_EC_072.png,GATE_ESE_Papers/EC/EC/EC_2018_EC_072.png,EC,2018,EC,72,MCQ,C,1,
EC_2018_EC_073.png,GATE_ESE_Papers/EC/EC/EC_2018_EC_073.png,EC,2018,EC,73,MCQ,C,1,
EC_2018_EC_074.png,GATE_ESE_Papers/EC/EC/EC_2018_EC_074.png,EC,2018,EC,74,MCQ,D,1,
EC_2018_EC_075.png,GATE_ESE_Papers/EC/EC/EC_2018_EC_075.png,EC,2018,EC,75,MCQ,A,1,
EC_2018_EC_076.png,GATE_ESE_Papers/EC/EC/EC_2018_EC_076.png,EC,2018,EC,76,MCQ,C,1,
EC_2018_EC_077.png,GATE_ESE_Papers/EC/EC/EC_2018_EC_077.png,EC,2018,EC,77,MCQ,C,1,
EC_2018_EC_078.png,GATE_ESE_Papers/EC/EC/EC_2018_EC_078.png,EC,2018,EC,78,MCQ,B,1,
EC_2018_EC_079.png,GATE_ESE_Papers/EC/EC/EC_2018_EC_079.png,EC,2018,EC,79,MCQ,C,1,
EC_2018_EC_080.png,GATE_ESE_Papers/EC/EC/EC_2018_EC_080.png,EC,2018,EC,80,MCQ,B,1,
EC_2018_EC_081.png,GATE_ESE_Papers/EC/EC/EC_2018_EC_081.png,EC,2018,EC,81,MCQ,C,1,
EC_2018_EC_082.png,GATE_ESE_Papers/EC/EC/EC_2018_EC_082.png,EC,2018,EC,82,MCQ,B,1,
EC_2018_EC_083.png,GATE_ESE_Papers/EC/EC/EC_2018_EC_083.png,EC,2018,EC,83,MCQ,A,1,
EC_2018_EC_084.png,GATE_ESE_Papers/EC/EC/EC_2018_EC_084.png,EC,2018,EC,84,MCQ,B,1,
EC_2018_EC_085.png,GATE_ESE_Papers/EC/EC/EC_2018_EC_085.png,EC,2018,EC,85,MCQ,D,1,
EC_2018_EC_086.png,GATE_ESE_Papers/EC/EC/EC_2018_EC_086.png,EC,2018,EC,86,MCQ,B,1,
EC_2018_EC_087.png,GATE_ESE_Papers/EC/EC/EC_2018_EC_087.png,EC,2018,EC,87,MCQ,B,1,
EC_2018_EC_088.png,GATE_ESE_Papers/EC/EC/EC_2018_EC_088.png,EC,2018,EC,88,MCQ,*,1,
EC_2018_EC_089.png,GATE_ESE_Papers/EC/EC/EC_2018_EC_089.png,EC,2018,EC,89,MCQ,A,1,
EC_2018_EC_090.png,GATE_ESE_Papers/EC/EC/EC_2018_EC_090.png,EC,2018,EC,90,MCQ,B,1,
EC_2018_EC_091.png,GATE_ESE_Papers/EC/EC/EC_2018_EC_091.png,EC,2018,EC,91,MCQ,D,1,
EC_2018_EC_092.png,GATE_ESE_Papers/EC/EC/EC_2018_EC_092.png,EC,2018,EC,92,MCQ,B,1,
EC_2018_EC_093.png,GATE_ESE_Papers/EC/EC/EC_2018_EC_093.png,EC,2018,EC,93,MCQ,B,1,
EC_2018_EC_094.png,GATE_ESE_Papers/EC/EC/EC_2018_EC_094.png,EC,2018,EC,94,MCQ,B,1,
EC_2018_EC_095.png,GATE_ESE_Papers/EC/EC/EC_2018_EC_095.png,EC,2018,EC,95,MCQ,C,1,
EC_2018_EC_096.png,GATE_ESE_Papers/EC/EC/EC_2018_EC_096.png,EC,2018,EC,96,MCQ,B,1,
EC_2018_EC_097.png,GATE_ESE_Papers/EC/EC/EC_2018_EC_097.png,EC,2018,EC,97,MCQ,A,1,
EC_2018_EC_098.png,GATE_ESE_Papers/EC/EC/EC_2018_EC_098.png,EC,2018,EC,98,MCQ,D,1,
EC_2018_EC_099.png,GATE_ESE_Papers/EC/EC/EC_2018_EC_099.png,EC,2018,EC,99,MCQ,A,1,
EC_2018_EC_100.png,GATE_ESE_Papers/EC/EC/EC_2018_EC_100.png,EC,2018,EC,100,MCQ,A,1,
EC_2018_EC_101.png,GATE_ESE_Papers/EC/EC/EC_2018_EC_101.png,EC,2018,EC,101,MCQ,C,1,
EC_2018_EC_102.png,GATE_ESE_Papers/EC/EC/EC_2018_EC_102.png,EC,2018,EC,102,MCQ,A,1,
EC_2018_EC_103.png,GATE_ESE_Papers/EC/EC/EC_2018_EC_103.png,EC,2018,EC,103,MCQ,B,1,
EC_2018_EC_104.png,GATE_ESE_Papers/EC/EC/EC_2018_EC_104.png,EC,2018,EC,104,MCQ,B,1,
EC_2018_EC_105.png,GATE_ESE_Papers/EC/EC/EC_2018_EC_105.png,EC,2018,EC,105,MCQ,A,1,
EC_2018_EC_106.png,GATE_ESE_Papers/EC/EC/EC_2018_EC_106.png,EC,2018,EC,106,MCQ,D,1,
EC_2018_EC_107.png,GATE_ESE_Papers/EC/EC/EC_2018_EC_107.png,EC,2018,EC,107,MCQ,A,1,
EC_2018_EC_108.png,GATE_ESE_Papers/EC/EC/EC_2018_EC_108.png,EC,2018,EC,108,MCQ,B,1,
EC_2018_EC_109.png,GATE_ESE_Papers/EC/EC/EC_2018_EC_109.png,EC,2018,EC,109,MCQ,A,1,
EC_2018_EC_110.png,GATE_ESE_Papers/EC/EC/EC_2018_EC_110.png,EC,2018,EC,110,MCQ,C,1,
EC_2018_EC_111.png,GATE_ESE_Papers/EC/EC/EC_2018_EC_111.png,EC,2018,EC,111,MCQ,A,1,
EC_2018_EC_112.png,GATE_ESE_Papers/EC/EC/EC_2018_EC_112.png,EC,2018,EC,112,MCQ,B,1,
EC_2018_EC_113.png,GATE_ESE_Papers/EC/EC/EC_2018_EC_113.png,EC,2018,EC,113,MCQ,C,1,
EC_2018_EC_114.png,GATE_ESE_Papers/EC/EC/EC_2018_EC_114.png,EC,2018,EC,114,MCQ,A,1,
EC_2018_EC_115.png,GATE_ESE_Papers/EC/EC/EC_2018_EC_115.png,EC,2018,EC,115,MCQ,D,1,
EC_2018_EC_116.png,GATE_ESE_Papers/EC/EC/EC_2018_EC_116.png,EC,2018,EC,116,MCQ,B,1,
EC_2018_EC_117.png,GATE_ESE_Papers/EC/EC/EC_2018_EC_117.png,EC,2018,EC,117,MCQ,A,1,
EC_2018_EC_118.png,GATE_ESE_Papers/EC/EC/EC_2018_EC_118.png,EC,2018,EC,118,MCQ,B,1,
EC_2018_EC_119.png,GATE_ESE_Papers/EC/EC/EC_2018_EC_119.png,EC,2018,EC,119,MCQ,A,1,
EC_2018_EC_120.png,GATE_ESE_Papers/EC/EC/EC_2018_EC_120.png,EC,2018,EC,120,MCQ,C,1,
EC_2018_EC_121.png,GATE_ESE_Papers/EC/EC/EC_2018_EC_121.png,EC,2018,EC,121,MCQ,B,1,
EC_2018_EC_122.png,GATE_ESE_Papers/EC/EC/EC_2018_EC_122.png,EC,2018,EC,122,MCQ,C,1,
EC_2018_EC_123.png,GATE_ESE_Papers/EC/EC/EC_2018_EC_123.png,EC,2018,EC,123,MCQ,B,1,
EC_2018_EC_124.png,GATE_ESE_Papers/EC/EC/EC_2018_EC_124.png,EC,2018,EC,124,MCQ,D,1,
EC_2018_EC_125.png,GATE_ESE_Papers/EC/EC/EC_2018_EC_125.png,EC,2018,EC,125,MCQ,A,1,
EC_2018_EC_126.png,GATE_ESE_Papers/EC/EC/EC_2018_EC_126.png,EC,2018,EC,126,MCQ,A,1,
EC_2018_EC_127.png,GATE_ESE_Papers/EC/EC/EC_2018_EC_127.png,EC,2018,EC,127,MCQ,B,1,
EC_2018_EC_128.png,GATE_ESE_Papers/EC/EC/EC_2018_EC_128.png,EC,2018,EC,128,MCQ,A,1,
EC_2018_EC_129.png,GATE_ESE_Papers/EC/EC/EC_2018_EC_129.png,EC,2018,EC,129,MCQ,D,1,
EC_2018_EC_130.png,GATE_ESE_Papers/EC/EC/EC_2018_EC_130.png,EC,2018,EC,130,MCQ,B,1,
EC_2018_EC_131.png,GATE_ESE_Papers/EC/EC/EC_2018_EC_131.png,EC,2018,EC,131,MCQ,B,1,
EC_2018_EC_132.png,GATE_ESE_Papers/EC/EC/EC_2018_EC_132.png,EC,2018,EC,132,MCQ,B,1,
EC_2018_EC_133.png,GATE_ESE_Papers/EC/EC/EC_2018_EC_133.png,EC,2018,EC,133,MCQ,C,1,
EC_2018_EC_134.png,GATE_ESE_Papers/EC/EC/EC_2018_EC_134.png,EC,2018,EC,134,MCQ,C,1,
EC_2018_EC_135.png,GATE_ESE_Papers/EC/EC/EC_2018_EC_135.png,EC,2018,EC,135,MCQ,C,1,
EC_2018_EC_136.png,GATE_ESE_Papers/EC/EC/EC_2018_EC_136.png,EC,2018,EC,136,MCQ,A,1,
EC_2018_EC_137.png,GATE_ESE_Papers/EC/EC/EC_2018_EC_137.png,EC,2018,EC,137,MCQ,D,1,
EC_2018_EC_138.png,GATE_ESE_Papers/EC/EC/EC_2018_EC_138.png,EC,2018,EC,138,MCQ,D,1,
EC_2018_EC_139.png,GATE_ESE_Papers/EC/EC/EC_2018_EC_139.png,EC,2018,EC,139,MCQ,C,1,
EC_2018_EC_140.png,GATE_ESE_Papers/EC/EC/EC_2018_EC_140.png,EC,2018,EC,140,MCQ,D,1,
EC_2018_EC_141.png,GATE_ESE_Papers/EC/EC/EC_2018_EC_141.png,EC,2018,EC,141,MCQ,B,1,
EC_2018_EC_142.png,GATE_ESE_Papers/EC/EC/EC_2018_EC_142.png,EC,2018,EC,142,MCQ,C,1,
EC_2018_EC_143.png,GATE_ESE_Papers/EC/EC/EC_2018_EC_143.png,EC,2018,EC,143,MCQ,B,1,
EC_2018_EC_144.png,GATE_ESE_Papers/EC/EC/EC_2018_EC_144.png,EC,2018,EC,144,MCQ,A,1,
EC_2018_EC_145.png,GATE_ESE_Papers/EC/EC/EC_2018_EC_145.png,EC,2018,EC,145,MCQ,D,1,
EC_2018_EC_146.png,GATE_ESE_Papers/EC/EC/EC_2018_EC_146.png,EC,2018,EC,146,MCQ,C,1,
EC_2018_EC_147.png,GATE_ESE_Papers/EC/EC/EC_2018_EC_147.png,EC,2018,EC,147,MCQ,D,1,
EC_2018_EC_148.png,GATE_ESE_Papers/EC/EC/EC_2018_EC_148.png,EC,2018,EC,148,MCQ,A,1,
EC_2018_EC_149.png,GATE_ESE_Papers/EC/EC/EC_2018_EC_149.png,EC,2018,EC,149,MCQ,B,1,
EC_2018_EC_150.png,GATE_ESE_Papers/EC/EC/EC_2018_EC_150.png,EC,2018,EC,150,MCQ,A,1,
EC_2019_EC_056.png,GATE_ESE_Papers/EC/EC/EC_2019_EC_056.png,EC,2019,EC,56,MCQ,B,1,
EC_2019_EC_057.png,GATE_ESE_Papers/EC/EC/EC_2019_EC_057.png,EC,2019,EC,57,MCQ,B,1,
EC_2019_EC_058.png,GATE_ESE_Papers/EC/EC/EC_2019_EC_058.png,EC,2019,EC,58,MCQ,D,1,
EC_2019_EC_059.png,GATE_ESE_Papers/EC/EC/EC_2019_EC_059.png,EC,2019,EC,59,MCQ,D,1,
EC_2019_EC_060.png,GATE_ESE_Papers/EC/EC/EC_2019_EC_060.png,EC,2019,EC,60,MCQ,C,1,
EC_2019_EC_061.png,GATE_ESE_Papers/EC/EC/EC_2019_EC_061.png,EC,2019,EC,61,MCQ,A,1,
EC_2019_EC_062.png,GATE_ESE_Papers/EC/EC/EC_2019_EC_062.png,EC,2019,EC,62,MCQ,B,1,
EC_2019_EC_063.png,GATE_ESE_Papers/EC/EC/EC_2019_EC_063.png,EC,2019,EC,63,MCQ,A,1,
EC_2019_EC_064.png,GATE_ESE_Papers/EC/EC/EC_2019_EC_064.png,EC,2019,EC,64,MCQ,B,1,
EC_2019_EC_065.png,GATE_ESE_Papers/EC/EC/EC_2019_EC_065.png,EC,2019,EC,65,MCQ,B,1,
EC_2019_EC_066.png,GATE_ESE_Papers/EC/EC/EC_2019_EC_066.png,EC,2019,EC,66,MCQ,UNKNOWN,1,
EC_2019_EC_067.png,GATE_ESE_Papers/EC/EC/EC_2019_EC_067.png,EC,2019,EC,67,MCQ,D,1,
EC_2019_EC_068.png,GATE_ESE_Papers/EC/EC/EC_2019_EC_068.png,EC,2019,EC,68,MCQ,B,1,
EC_2019_EC_069.png,GATE_ESE_Papers/EC/EC/EC_2019_EC_069.png,EC,2019,EC,69,MCQ,A,1,
EC_2019_EC_070.png,GATE_ESE_Papers/EC/EC/EC_2019_EC_070.png,EC,2019,EC,70,MCQ,D,1,
EC_2019_EC_071.png,GATE_ESE_Papers/EC/EC/EC_2019_EC_071.png,EC,2019,EC,71,MCQ,B,1,
EC_2019_EC_072.png,GATE_ESE_Papers/EC/EC/EC_2019_EC_072.png,EC,2019,EC,72,MCQ,C,1,
EC_2019_EC_073.png,GATE_ESE_Papers/EC/EC/EC_2019_EC_073.png,EC,2019,EC,73,MCQ,C,1,
EC_2019_EC_074.png,GATE_ESE_Papers/EC/EC/EC_2019_EC_074.png,EC,2019,EC,74,MCQ,A,1,
EC_2019_EC_075.png,GATE_ESE_Papers/EC/EC/EC_2019_EC_075.png,EC,2019,EC,75,MCQ,B,1,
EC_2019_EC_076.png,GATE_ESE_Papers/EC/EC/EC_2019_EC_076.png,EC,2019,EC,76,MCQ,D,1,
EC_2019_EC_077.png,GATE_ESE_Papers/EC/EC/EC_2019_EC_077.png,EC,2019,EC,77,MCQ,A,1,
EC_2019_EC_078.png,GATE_ESE_Papers/EC/EC/EC_2019_EC_078.png,EC,2019,EC,78,MCQ,B,1,
EC_2019_EC_079.png,GATE_ESE_Papers/EC/EC/EC_2019_EC_079.png,EC,2019,EC,79,MCQ,C,1,
EC_2019_EC_080.png,GATE_ESE_Papers/EC/EC/EC_2019_EC_080.png,EC,2019,EC,80,MCQ,C,1,
EC_2019_EC_081.png,GATE_ESE_Papers/EC/EC/EC_2019_EC_081.png,EC,2019,EC,81,MCQ,C,1,
EC_2019_EC_082.png,GATE_ESE_Papers/EC/EC/EC_2019_EC_082.png,EC,2019,EC,82,MCQ,D,1,
EC_2019_EC_083.png,GATE_ESE_Papers/EC/EC/EC_2019_EC_083.png,EC,2019,EC,83,MCQ,D,1,
EC_2019_EC_084.png,GATE_ESE_Papers/EC/EC/EC_2019_EC_084.png,EC,2019,EC,84,MCQ,C,1,
EC_2019_EC_085.png,GATE_ESE_Papers/EC/EC/EC_2019_EC_085.png,EC,2019,EC,85,MCQ,C,1,
EC_2019_EC_086.png,GATE_ESE_Papers/EC/EC/EC_2019_EC_086.png,EC,2019,EC,86,MCQ,A,1,
EC_2019_EC_087.png,GATE_ESE_Papers/EC/EC/EC_2019_EC_087.png,EC,2019,EC,87,MCQ,C,1,
EC_2019_EC_088.png,GATE_ESE_Papers/EC/EC/EC_2019_EC_088.png,EC,2019,EC,88,MCQ,B,1,
EC_2019_EC_089.png,GATE_ESE_Papers/EC/EC/EC_2019_EC_089.png,EC,2019,EC,89,MCQ,A,1,
EC_2019_EC_090.png,GATE_ESE_Papers/EC/EC/EC_2019_EC_090.png,EC,2019,EC,90,MCQ,A,1,
EC_2019_EC_091.png,GATE_ESE_Papers/EC/EC/EC_2019_EC_091.png,EC,2019,EC,91,MCQ,*,1,
EC_2019_EC_092.png,GATE_ESE_Papers/EC/EC/EC_2019_EC_092.png,EC,2019,EC,92,MCQ,D,1,
EC_2019_EC_093.png,GATE_ESE_Papers/EC/EC/EC_2019_EC_093.png,EC,2019,EC,93,MCQ,B,1,
EC_2019_EC_094.png,GATE_ESE_Papers/EC/EC/EC_2019_EC_094.png,EC,2019,EC,94,MCQ,A,1,
EC_2019_EC_095.png,GATE_ESE_Papers/EC/EC/EC_2019_EC_095.png,EC,2019,EC,95,MCQ,C,1,
EC_2019_EC_096.png,GATE_ESE_Papers/EC/EC/EC_2019_EC_096.png,EC,2019,EC,96,MCQ,D,1,
EC_2019_EC_097.png,GATE_ESE_Papers/EC/EC/EC_2019_EC_097.png,EC,2019,EC,97,MCQ,A,1,
EC_2019_EC_098.png,GATE_ESE_Papers/EC/EC/EC_2019_EC_098.png,EC,2019,EC,98,MCQ,B,1,
EC_2019_EC_099.png,GATE_ESE_Papers/EC/EC/EC_2019_EC_099.png,EC,2019,EC,99,MCQ,B,1,
EC_2019_EC_100.png,GATE_ESE_Papers/EC/EC/EC_2019_EC_100.png,EC,2019,EC,100,MCQ,B,1,
EC_2019_EC_101.png,GATE_ESE_Papers/EC/EC/EC_2019_EC_101.png,EC,2019,EC,101,MCQ,D,1,
EC_2019_EC_102.png,GATE_ESE_Papers/EC/EC/EC_2019_EC_102.png,EC,2019,EC,102,MCQ,B,1,
EC_2019_EC_103.png,GATE_ESE_Papers/EC/EC/EC_2019_EC_103.png,EC,2019,EC,103,MCQ,C,1,
EC_2019_EC_104.png,GATE_ESE_Papers/EC/EC/EC_2019_EC_104.png,EC,2019,EC,104,MCQ,D,1,
EC_2019_EC_105.png,GATE_ESE_Papers/EC/EC/EC_2019_EC_105.png,EC,2019,EC,105,MCQ,A,1,
EC_2019_EC_106.png,GATE_ESE_Papers/EC/EC/EC_2019_EC_106.png,EC,2019,EC,106,MCQ,B,1,
EC_2019_EC_107.png,GATE_ESE_Papers/EC/EC/EC_2019_EC_107.png,EC,2019,EC,107,MCQ,A,1,
EC_2019_EC_108.png,GATE_ESE_Papers/EC/EC/EC_2019_EC_108.png,EC,2019,EC,108,MCQ,A,1,
EC_2019_EC_109.png,GATE_ESE_Papers/EC/EC/EC_2019_EC_109.png,EC,2019,EC,109,MCQ,A,1,
EC_2019_EC_110.png,GATE_ESE_Papers/EC/EC/EC_2019_EC_110.png,EC,2019,EC,110,MCQ,D,1,
EC_2019_EC_111.png,GATE_ESE_Papers/EC/EC/EC_2019_EC_111.png,EC,2019,EC,111,MCQ,A,1,
EC_2019_EC_112.png,GATE_ESE_Papers/EC/EC/EC_2019_EC_112.png,EC,2019,EC,112,MCQ,C,1,
EC_2019_EC_113.png,GATE_ESE_Papers/EC/EC/EC_2019_EC_113.png,EC,2019,EC,113,MCQ,A,1,
EC_2019_EC_114.png,GATE_ESE_Papers/EC/EC/EC_2019_EC_114.png,EC,2019,EC,114,MCQ,D,1,
EC_2019_EC_115.png,GATE_ESE_Papers/EC/EC/EC_2019_EC_115.png,EC,2019,EC,115,MCQ,B,1,
EC_2019_EC_116.png,GATE_ESE_Papers/EC/EC/EC_2019_EC_116.png,EC,2019,EC,116,MCQ,A,1,
EC_2019_EC_117.png,GATE_ESE_Papers/EC/EC/EC_2019_EC_117.png,EC,2019,EC,117,MCQ,B,1,
EC_2019_EC_118.png,GATE_ESE_Papers/EC/EC/EC_2019_EC_118.png,EC,2019,EC,118,MCQ,B,1,
EC_2019_EC_119.png,GATE_ESE_Papers/EC/EC/EC_2019_EC_119.png,EC,2019,EC,119,MCQ,D,1,
EC_2019_EC_120.png,GATE_ESE_Papers/EC/EC/EC_2019_EC_120.png,EC,2019,EC,120,MCQ,C,1,
EC_2019_EC_121.png,GATE_ESE_Papers/EC/EC/EC_2019_EC_121.png,EC,2019,EC,121,MCQ,*,1,
EC_2019_EC_122.png,GATE_ESE_Papers/EC/EC/EC_2019_EC_122.png,EC,2019,EC,122,MCQ,C,1,
EC_2019_EC_123.png,GATE_ESE_Papers/EC/EC/EC_2019_EC_123.png,EC,2019,EC,123,MCQ,B,1,
EC_2019_EC_124.png,GATE_ESE_Papers/EC/EC/EC_2019_EC_124.png,EC,2019,EC,124,MCQ,D,1,
EC_2019_EC_125.png,GATE_ESE_Papers/EC/EC/EC_2019_EC_125.png,EC,2019,EC,125,MCQ,D,1,
EC_2019_EC_126.png,GATE_ESE_Papers/EC/EC/EC_2019_EC_126.png,EC,2019,EC,126,MCQ,A,1,
EC_2019_EC_127.png,GATE_ESE_Papers/EC/EC/EC_2019_EC_127.png,EC,2019,EC,127,MCQ,B,1,
EC_2019_EC_128.png,GATE_ESE_Papers/EC/EC/EC_2019_EC_128.png,EC,2019,EC,128,MCQ,D,1,
EC_2019_EC_129.png,GATE_ESE_Papers/EC/EC/EC_2019_EC_129.png,EC,2019,EC,129,MCQ,D,1,
EC_2019_EC_130.png,GATE_ESE_Papers/EC/EC/EC_2019_EC_130.png,EC,2019,EC,130,MCQ,B,1,
EC_2019_EC_131.png,GATE_ESE_Papers/EC/EC/EC_2019_EC_131.png,EC,2019,EC,131,MCQ,B,1,
EC_2019_EC_132.png,GATE_ESE_Papers/EC/EC/EC_2019_EC_132.png,EC,2019,EC,132,MCQ,C,1,
EC_2019_EC_133.png,GATE_ESE_Papers/EC/EC/EC_2019_EC_133.png,EC,2019,EC,133,MCQ,D,1,
EC_2019_EC_134.png,GATE_ESE_Papers/EC/EC/EC_2019_EC_134.png,EC,2019,EC,134,MCQ,B,1,
EC_2019_EC_135.png,GATE_ESE_Papers/EC/EC/EC_2019_EC_135.png,EC,2019,EC,135,MCQ,D,1,
EC_2019_EC_136.png,GATE_ESE_Papers/EC/EC/EC_2019_EC_136.png,EC,2019,EC,136,MCQ,D,1,
EC_2019_EC_137.png,GATE_ESE_Papers/EC/EC/EC_2019_EC_137.png,EC,2019,EC,137,MCQ,B,1,
EC_2019_EC_138.png,GATE_ESE_Papers/EC/EC/EC_2019_EC_138.png,EC,2019,EC,138,MCQ,A,1,
EC_2019_EC_139.png,GATE_ESE_Papers/EC/EC/EC_2019_EC_139.png,EC,2019,EC,139,MCQ,A,1,
EC_2019_EC_140.png,GATE_ESE_Papers/EC/EC/EC_2019_EC_140.png,EC,2019,EC,140,MCQ,A,1,
EC_2019_EC_141.png,GATE_ESE_Papers/EC/EC/EC_2019_EC_141.png,EC,2019,EC,141,MCQ,D,1,
EC_2019_EC_142.png,GATE_ESE_Papers/EC/EC/EC_2019_EC_142.png,EC,2019,EC,142,MCQ,C,1,
EC_2019_EC_143.png,GATE_ESE_Papers/EC/EC/EC_2019_EC_143.png,EC,2019,EC,143,MCQ,C,1,
EC_2019_EC_144.png,GATE_ESE_Papers/EC/EC/EC_2019_EC_144.png,EC,2019,EC,144,MCQ,D,1,
EC_2019_EC_145.png,GATE_ESE_Papers/EC/EC/EC_2019_EC_145.png,EC,2019,EC,145,MCQ,A,1,
EC_2019_EC_146.png,GATE_ESE_Papers/EC/EC/EC_2019_EC_146.png,EC,2019,EC,146,MCQ,B,1,
EC_2019_EC_147.png,GATE_ESE_Papers/EC/EC/EC_2019_EC_147.png,EC,2019,EC,147,MCQ,C,1,
EC_2019_EC_148.png,GATE_ESE_Papers/EC/EC/EC_2019_EC_148.png,EC,2019,EC,148,MCQ,B,1,
EC_2019_EC_149.png,GATE_ESE_Papers/EC/EC/EC_2019_EC_149.png,EC,2019,EC,149,MCQ,C,1,
EC_2019_EC_150.png,GATE_ESE_Papers/EC/EC/EC_2019_EC_150.png,EC,2019,EC,150,MCQ,D,1,
EC_2020_EC_056.png,GATE_ESE_Papers/EC/EC/EC_2020_EC_056.png,EC,2020,EC,56,MCQ,B,1,
EC_2020_EC_057.png,GATE_ESE_Papers/EC/EC/EC_2020_EC_057.png,EC,2020,EC,57,MCQ,A,1,
EC_2020_EC_058.png,GATE_ESE_Papers/EC/EC/EC_2020_EC_058.png,EC,2020,EC,58,MCQ,A,1,
EC_2020_EC_059.png,GATE_ESE_Papers/EC/EC/EC_2020_EC_059.png,EC,2020,EC,59,MCQ,A,1,
EC_2020_EC_060.png,GATE_ESE_Papers/EC/EC/EC_2020_EC_060.png,EC,2020,EC,60,MCQ,B,1,
EC_2020_EC_061.png,GATE_ESE_Papers/EC/EC/EC_2020_EC_061.png,EC,2020,EC,61,MCQ,A,1,
EC_2020_EC_062.png,GATE_ESE_Papers/EC/EC/EC_2020_EC_062.png,EC,2020,EC,62,MCQ,C,1,
EC_2020_EC_063.png,GATE_ESE_Papers/EC/EC/EC_2020_EC_063.png,EC,2020,EC,63,MCQ,C,1,
EC_2020_EC_064.png,GATE_ESE_Papers/EC/EC/EC_2020_EC_064.png,EC,2020,EC,64,MCQ,C,1,
EC_2020_EC_065.png,GATE_ESE_Papers/EC/EC/EC_2020_EC_065.png,EC,2020,EC,65,MCQ,A,1,
EC_2020_EC_066.png,GATE_ESE_Papers/EC/EC/EC_2020_EC_066.png,EC,2020,EC,66,MCQ,C,1,
EC_2020_EC_067.png,GATE_ESE_Papers/EC/EC/EC_2020_EC_067.png,EC,2020,EC,67,MCQ,C,1,
EC_2020_EC_068.png,GATE_ESE_Papers/EC/EC/EC_2020_EC_068.png,EC,2020,EC,68,MCQ,D,1,
EC_2020_EC_069.png,GATE_ESE_Papers/EC/EC/EC_2020_EC_069.png,EC,2020,EC,69,MCQ,A,1,
EC_2020_EC_070.png,GATE_ESE_Papers/EC/EC/EC_2020_EC_070.png,EC,2020,EC,70,MCQ,C,1,
EC_2020_EC_071.png,GATE_ESE_Papers/EC/EC/EC_2020_EC_071.png,EC,2020,EC,71,MCQ,D,1,
EC_2020_EC_072.png,GATE_ESE_Papers/EC/EC/EC_2020_EC_072.png,EC,2020,EC,72,MCQ,B,1,
EC_2020_EC_073.png,GATE_ESE_Papers/EC/EC/EC_2020_EC_073.png,EC,2020,EC,73,MCQ,C,1,
EC_2020_EC_074.png,GATE_ESE_Papers/EC/EC/EC_2020_EC_074.png,EC,2020,EC,74,MCQ,D,1,
EC_2020_EC_075.png,GATE_ESE_Papers/EC/EC/EC_2020_EC_075.png,EC,2020,EC,75,MCQ,B,1,
EC_2020_EC_076.png,GATE_ESE_Papers/EC/EC/EC_2020_EC_076.png,EC,2020,EC,76,MCQ,A,1,
EC_2020_EC_077.png,GATE_ESE_Papers/EC/EC/EC_2020_EC_077.png,EC,2020,EC,77,MCQ,A,1,
EC_2020_EC_078.png,GATE_ESE_Papers/EC/EC/EC_2020_EC_078.png,EC,2020,EC,78,MCQ,B,1,
EC_2020_EC_079.png,GATE_ESE_Papers/EC/EC/EC_2020_EC_079.png,EC,2020,EC,79,MCQ,A,1,
EC_2020_EC_080.png,GATE_ESE_Papers/EC/EC/EC_2020_EC_080.png,EC,2020,EC,80,MCQ,A,1,
EC_2020_EC_081.png,GATE_ESE_Papers/EC/EC/EC_2020_EC_081.png,EC,2020,EC,81,MCQ,C,1,
EC_2020_EC_082.png,GATE_ESE_Papers/EC/EC/EC_2020_EC_082.png,EC,2020,EC,82,MCQ,A,1,
EC_2020_EC_083.png,GATE_ESE_Papers/EC/EC/EC_2020_EC_083.png,EC,2020,EC,83,MCQ,C,1,
EC_2020_EC_084.png,GATE_ESE_Papers/EC/EC/EC_2020_EC_084.png,EC,2020,EC,84,MCQ,B,1,
EC_2020_EC_085.png,GATE_ESE_Papers/EC/EC/EC_2020_EC_085.png,EC,2020,EC,85,MCQ,D,1,
EC_2020_EC_086.png,GATE_ESE_Papers/EC/EC/EC_2020_EC_086.png,EC,2020,EC,86,MCQ,C,1,
EC_2020_EC_087.png,GATE_ESE_Papers/EC/EC/EC_2020_EC_087.png,EC,2020,EC,87,MCQ,B,1,
EC_2020_EC_088.png,GATE_ESE_Papers/EC/EC/EC_2020_EC_088.png,EC,2020,EC,88,MCQ,C,1,
EC_2020_EC_089.png,GATE_ESE_Papers/EC/EC/EC_2020_EC_089.png,EC,2020,EC,89,MCQ,C,1,
EC_2020_EC_090.png,GATE_ESE_Papers/EC/EC/EC_2020_EC_090.png,EC,2020,EC,90,MCQ,D,1,
EC_2020_EC_091.png,GATE_ESE_Papers/EC/EC/EC_2020_EC_091.png,EC,2020,EC,91,MCQ,D,1,
EC_2020_EC_092.png,GATE_ESE_Papers/EC/EC/EC_2020_EC_092.png,EC,2020,EC,92,MCQ,C,1,
EC_2020_EC_093.png,GATE_ESE_Papers/EC/EC/EC_2020_EC_093.png,EC,2020,EC,93,MCQ,B,1,
EC_2020_EC_094.png,GATE_ESE_Papers/EC/EC/EC_2020_EC_094.png,EC,2020,EC,94,MCQ,A,1,
EC_2020_EC_095.png,GATE_ESE_Papers/EC/EC/EC_2020_EC_095.png,EC,2020,EC,95,MCQ,A,1,
EC_2020_EC_096.png,GATE_ESE_Papers/EC/EC/EC_2020_EC_096.png,EC,2020,EC,96,MCQ,A,1,
EC_2020_EC_097.png,GATE_ESE_Papers/EC/EC/EC_2020_EC_097.png,EC,2020,EC,97,MCQ,D,1,
EC_2020_EC_098.png,GATE_ESE_Papers/EC/EC/EC_2020_EC_098.png,EC,2020,EC,98,MCQ,A,1,
EC_2020_EC_099.png,GATE_ESE_Papers/EC/EC/EC_2020_EC_099.png,EC,2020,EC,99,MCQ,A,1,
EC_2020_EC_100.png,GATE_ESE_Papers/EC/EC/EC_2020_EC_100.png,EC,2020,EC,100,MCQ,C,1,
EC_2020_EC_101.png,GATE_ESE_Papers/EC/EC/EC_2020_EC_101.png,EC,2020,EC,101,MCQ,A,1,
EC_2020_EC_102.png,GATE_ESE_Papers/EC/EC/EC_2020_EC_102.png,EC,2020,EC,102,MCQ,C,1,
EC_2020_EC_103.png,GATE_ESE_Papers/EC/EC/EC_2020_EC_103.png,EC,2020,EC,103,MCQ,B,1,
EC_2020_EC_104.png,GATE_ESE_Papers/EC/EC/EC_2020_EC_104.png,EC,2020,EC,104,MCQ,B,1,
EC_2020_EC_105.png,GATE_ESE_Papers/EC/EC/EC_2020_EC_105.png,EC,2020,EC,105,MCQ,B,1,
EC_2020_EC_106.png,GATE_ESE_Papers/EC/EC/EC_2020_EC_106.png,EC,2020,EC,106,MCQ,C,1,
EC_2020_EC_107.png,GATE_ESE_Papers/EC/EC/EC_2020_EC_107.png,EC,2020,EC,107,MCQ,B,1,
EC_2020_EC_108.png,GATE_ESE_Papers/EC/EC/EC_2020_EC_108.png,EC,2020,EC,108,MCQ,A,1,
EC_2020_EC_109.png,GATE_ESE_Papers/EC/EC/EC_2020_EC_109.png,EC,2020,EC,109,MCQ,C,1,
EC_2020_EC_110.png,GATE_ESE_Papers/EC/EC/EC_2020_EC_110.png,EC,2020,EC,110,MCQ,B,1,
EC_2020_EC_111.png,GATE_ESE_Papers/EC/EC/EC_2020_EC_111.png,EC,2020,EC,111,MCQ,D,1,
EC_2020_EC_112.png,GATE_ESE_Papers/EC/EC/EC_2020_EC_112.png,EC,2020,EC,112,MCQ,B,1,
EC_2020_EC_113.png,GATE_ESE_Papers/EC/EC/EC_2020_EC_113.png,EC,2020,EC,113,MCQ,D,1,
EC_2020_EC_114.png,GATE_ESE_Papers/EC/EC/EC_2020_EC_114.png,EC,2020,EC,114,MCQ,B,1,
EC_2020_EC_115.png,GATE_ESE_Papers/EC/EC/EC_2020_EC_115.png,EC,2020,EC,115,MCQ,C,1,
EC_2020_EC_116.png,GATE_ESE_Papers/EC/EC/EC_2020_EC_116.png,EC,2020,EC,116,MCQ,C,1,
EC_2020_EC_117.png,GATE_ESE_Papers/EC/EC/EC_2020_EC_117.png,EC,2020,EC,117,MCQ,B,1,
EC_2020_EC_118.png,GATE_ESE_Papers/EC/EC/EC_2020_EC_118.png,EC,2020,EC,118,MCQ,B,1,
EC_2020_EC_119.png,GATE_ESE_Papers/EC/EC/EC_2020_EC_119.png,EC,2020,EC,119,MCQ,C,1,
EC_2020_EC_120.png,GATE_ESE_Papers/EC/EC/EC_2020_EC_120.png,EC,2020,EC,120,MCQ,D,1,
EC_2020_EC_121.png,GATE_ESE_Papers/EC/EC/EC_2020_EC_121.png,EC,2020,EC,121,MCQ,C,1,
EC_2020_EC_122.png,GATE_ESE_Papers/EC/EC/EC_2020_EC_122.png,EC,2020,EC,122,MCQ,B,1,
EC_2020_EC_123.png,GATE_ESE_Papers/EC/EC/EC_2020_EC_123.png,EC,2020,EC,123,MCQ,C,1,
EC_2020_EC_124.png,GATE_ESE_Papers/EC/EC/EC_2020_EC_124.png,EC,2020,EC,124,MCQ,A,1,
EC_2020_EC_125.png,GATE_ESE_Papers/EC/EC/EC_2020_EC_125.png,EC,2020,EC,125,MCQ,B,1,
EC_2020_EC_126.png,GATE_ESE_Papers/EC/EC/EC_2020_EC_126.png,EC,2020,EC,126,MCQ,C,1,
EC_2020_EC_127.png,GATE_ESE_Papers/EC/EC/EC_2020_EC_127.png,EC,2020,EC,127,MCQ,D,1,
EC_2020_EC_128.png,GATE_ESE_Papers/EC/EC/EC_2020_EC_128.png,EC,2020,EC,128,MCQ,D,1,
EC_2020_EC_129.png,GATE_ESE_Papers/EC/EC/EC_2020_EC_129.png,EC,2020,EC,129,MCQ,D,1,
EC_2020_EC_130.png,GATE_ESE_Papers/EC/EC/EC_2020_EC_130.png,EC,2020,EC,130,MCQ,B,1,
EC_2020_EC_131.png,GATE_ESE_Papers/EC/EC/EC_2020_EC_131.png,EC,2020,EC,131,MCQ,A,1,
EC_2020_EC_132.png,GATE_ESE_Papers/EC/EC/EC_2020_EC_132.png,EC,2020,EC,132,MCQ,A,1,
EC_2020_EC_133.png,GATE_ESE_Papers/EC/EC/EC_2020_EC_133.png,EC,2020,EC,133,MCQ,D,1,
EC_2020_EC_134.png,GATE_ESE_Papers/EC/EC/EC_2020_EC_134.png,EC,2020,EC,134,MCQ,D,1,
EC_2020_EC_135.png,GATE_ESE_Papers/EC/EC/EC_2020_EC_135.png,EC,2020,EC,135,MCQ,A,1,
EC_2020_EC_136.png,GATE_ESE_Papers/EC/EC/EC_2020_EC_136.png,EC,2020,EC,136,MCQ,B,1,
EC_2020_EC_137.png,GATE_ESE_Papers/EC/EC/EC_2020_EC_137.png,EC,2020,EC,137,MCQ,D,1,
EC_2020_EC_138.png,GATE_ESE_Papers/EC/EC/EC_2020_EC_138.png,EC,2020,EC,138,MCQ,D,1,
EC_2020_EC_139.png,GATE_ESE_Papers/EC/EC/EC_2020_EC_139.png,EC,2020,EC,139,MCQ,C,1,
EC_2020_EC_140.png,GATE_ESE_Papers/EC/EC/EC_2020_EC_140.png,EC,2020,EC,140,MCQ,A,1,
EC_2020_EC_141.png,GATE_ESE_Papers/EC/EC/EC_2020_EC_141.png,EC,2020,EC,141,MCQ,C,1,
EC_2020_EC_142.png,GATE_ESE_Papers/EC/EC/EC_2020_EC_142.png,EC,2020,EC,142,MCQ,B,1,
EC_2020_EC_143.png,GATE_ESE_Papers/EC/EC/EC_2020_EC_143.png,EC,2020,EC,143,MCQ,A,1,
EC_2020_EC_144.png,GATE_ESE_Papers/EC/EC/EC_2020_EC_144.png,EC,2020,EC,144,MCQ,A,1,
EC_2020_EC_145.png,GATE_ESE_Papers/EC/EC/EC_2020_EC_145.png,EC,2020,EC,145,MCQ,B,1,
EC_2020_EC_146.png,GATE_ESE_Papers/EC/EC/EC_2020_EC_146.png,EC,2020,EC,146,MCQ,C,1,
EC_2020_EC_147.png,GATE_ESE_Papers/EC/EC/EC_2020_EC_147.png,EC,2020,EC,147,MCQ,A,1,
EC_2020_EC_148.png,GATE_ESE_Papers/EC/EC/EC_2020_EC_148.png,EC,2020,EC,148,MCQ,A,1,
EC_2020_EC_149.png,GATE_ESE_Papers/EC/EC/EC_2020_EC_149.png,EC,2020,EC,149,MCQ,D,1,
EC_2020_EC_150.png,GATE_ESE_Papers/EC/EC/EC_2020_EC_150.png,EC,2020,EC,150,MCQ,B,1,
EC_2021_EC_056.png,GATE_ESE_Papers/EC/EC/EC_2021_EC_056.png,EC,2021,EC,56,MCQ,B,1,
EC_2021_EC_057.png,GATE_ESE_Papers/EC/EC/EC_2021_EC_057.png,EC,2021,EC,57,MCQ,D,1,
EC_2021_EC_058.png,GATE_ESE_Papers/EC/EC/EC_2021_EC_058.png,EC,2021,EC,58,MCQ,D,1,
EC_2021_EC_059.png,GATE_ESE_Papers/EC/EC/EC_2021_EC_059.png,EC,2021,EC,59,MCQ,*,1,
EC_2021_EC_060.png,GATE_ESE_Papers/EC/EC/EC_2021_EC_060.png,EC,2021,EC,60,MCQ,D,1,
EC_2021_EC_061.png,GATE_ESE_Papers/EC/EC/EC_2021_EC_061.png,EC,2021,EC,61,MCQ,A,1,
EC_2021_EC_062.png,GATE_ESE_Papers/EC/EC/EC_2021_EC_062.png,EC,2021,EC,62,MCQ,D,1,
EC_2021_EC_063.png,GATE_ESE_Papers/EC/EC/EC_2021_EC_063.png,EC,2021,EC,63,MCQ,D,1,
EC_2021_EC_064.png,GATE_ESE_Papers/EC/EC/EC_2021_EC_064.png,EC,2021,EC,64,MCQ,D,1,
EC_2021_EC_065.png,GATE_ESE_Papers/EC/EC/EC_2021_EC_065.png,EC,2021,EC,65,MCQ,A,1,
EC_2021_EC_066.png,GATE_ESE_Papers/EC/EC/EC_2021_EC_066.png,EC,2021,EC,66,MCQ,A,1,
EC_2021_EC_067.png,GATE_ESE_Papers/EC/EC/EC_2021_EC_067.png,EC,2021,EC,67,MCQ,B,1,
EC_2021_EC_068.png,GATE_ESE_Papers/EC/EC/EC_2021_EC_068.png,EC,2021,EC,68,MCQ,A,1,
EC_2021_EC_069.png,GATE_ESE_Papers/EC/EC/EC_2021_EC_069.png,EC,2021,EC,69,MCQ,B,1,
EC_2021_EC_070.png,GATE_ESE_Papers/EC/EC/EC_2021_EC_070.png,EC,2021,EC,70,MCQ,B,1,
EC_2021_EC_071.png,GATE_ESE_Papers/EC/EC/EC_2021_EC_071.png,EC,2021,EC,71,MCQ,B,1,
EC_2021_EC_072.png,GATE_ESE_Papers/EC/EC/EC_2021_EC_072.png,EC,2021,EC,72,MCQ,D,1,
EC_2021_EC_073.png,GATE_ESE_Papers/EC/EC/EC_2021_EC_073.png,EC,2021,EC,73,MCQ,C,1,
EC_2021_EC_074.png,GATE_ESE_Papers/EC/EC/EC_2021_EC_074.png,EC,2021,EC,74,MCQ,C,1,
EC_2021_EC_075.png,GATE_ESE_Papers/EC/EC/EC_2021_EC_075.png,EC,2021,EC,75,MCQ,C,1,
EC_2021_EC_076.png,GATE_ESE_Papers/EC/EC/EC_2021_EC_076.png,EC,2021,EC,76,MCQ,D,1,
EC_2021_EC_077.png,GATE_ESE_Papers/EC/EC/EC_2021_EC_077.png,EC,2021,EC,77,MCQ,A,1,
EC_2021_EC_078.png,GATE_ESE_Papers/EC/EC/EC_2021_EC_078.png,EC,2021,EC,78,MCQ,D,1,
EC_2021_EC_079.png,GATE_ESE_Papers/EC/EC/EC_2021_EC_079.png,EC,2021,EC,79,MCQ,B,1,
EC_2021_EC_080.png,GATE_ESE_Papers/EC/EC/EC_2021_EC_080.png,EC,2021,EC,80,MCQ,C,1,
EC_2021_EC_081.png,GATE_ESE_Papers/EC/EC/EC_2021_EC_081.png,EC,2021,EC,81,MCQ,C,1,
EC_2021_EC_082.png,GATE_ESE_Papers/EC/EC/EC_2021_EC_082.png,EC,2021,EC,82,MCQ,C,1,
EC_2021_EC_083.png,GATE_ESE_Papers/EC/EC/EC_2021_EC_083.png,EC,2021,EC,83,MCQ,*,1,
EC_2021_EC_084.png,GATE_ESE_Papers/EC/EC/EC_2021_EC_084.png,EC,2021,EC,84,MCQ,A,1,
EC_2021_EC_085.png,GATE_ESE_Papers/EC/EC/EC_2021_EC_085.png,EC,2021,EC,85,MCQ,*,1,
EC_2021_EC_086.png,GATE_ESE_Papers/EC/EC/EC_2021_EC_086.png,EC,2021,EC,86,MCQ,A,1,
EC_2021_EC_087.png,GATE_ESE_Papers/EC/EC/EC_2021_EC_087.png,EC,2021,EC,87,MCQ,A,1,
EC_2021_EC_088.png,GATE_ESE_Papers/EC/EC/EC_2021_EC_088.png,EC,2021,EC,88,MCQ,B,1,
EC_2021_EC_089.png,GATE_ESE_Papers/EC/EC/EC_2021_EC_089.png,EC,2021,EC,89,MCQ,A,1,
EC_2021_EC_090.png,GATE_ESE_Papers/EC/EC/EC_2021_EC_090.png,EC,2021,EC,90,MCQ,A,1,
EC_2021_EC_091.png,GATE_ESE_Papers/EC/EC/EC_2021_EC_091.png,EC,2021,EC,91,MCQ,A,1,
EC_2021_EC_092.png,GATE_ESE_Papers/EC/EC/EC_2021_EC_092.png,EC,2021,EC,92,MCQ,D,1,
EC_2021_EC_093.png,GATE_ESE_Papers/EC/EC/EC_2021_EC_093.png,EC,2021,EC,93,MCQ,A,1,
EC_2021_EC_094.png,GATE_ESE_Papers/EC/EC/EC_2021_EC_094.png,EC,2021,EC,94,MCQ,B,1,
EC_2021_EC_095.png,GATE_ESE_Papers/EC/EC/EC_2021_EC_095.png,EC,2021,EC,95,MCQ,C,1,
EC_2021_EC_096.png,GATE_ESE_Papers/EC/EC/EC_2021_EC_096.png,EC,2021,EC,96,MCQ,D,1,
EC_2021_EC_097.png,GATE_ESE_Papers/EC/EC/EC_2021_EC_097.png,EC,2021,EC,97,MCQ,B,1,
EC_2021_EC_098.png,GATE_ESE_Papers/EC/EC/EC_2021_EC_098.png,EC,2021,EC,98,MCQ,C,1,
EC_2021_EC_099.png,GATE_ESE_Papers/EC/EC/EC_2021_EC_099.png,EC,2021,EC,99,MCQ,A,1,
EC_2021_EC_100.png,GATE_ESE_Papers/EC/EC/EC_2021_EC_100.png,EC,2021,EC,100,MCQ,B,1,
EC_2021_EC_101.png,GATE_ESE_Papers/EC/EC/EC_2021_EC_101.png,EC,2021,EC,101,MCQ,B,1,
EC_2021_EC_102.png,GATE_ESE_Papers/EC/EC/EC_2021_EC_102.png,EC,2021,EC,102,MCQ,A,1,
EC_2021_EC_103.png,GATE_ESE_Papers/EC/EC/EC_2021_EC_103.png,EC,2021,EC,103,MCQ,A,1,
EC_2021_EC_104.png,GATE_ESE_Papers/EC/EC/EC_2021_EC_104.png,EC,2021,EC,104,MCQ,A,1,
EC_2021_EC_105.png,GATE_ESE_Papers/EC/EC/EC_2021_EC_105.png,EC,2021,EC,105,MCQ,C,1,
EC_2021_EC_106.png,GATE_ESE_Papers/EC/EC/EC_2021_EC_106.png,EC,2021,EC,106,MCQ,C,1,
EC_2021_EC_107.png,GATE_ESE_Papers/EC/EC/EC_2021_EC_107.png,EC,2021,EC,107,MCQ,B,1,
EC_2021_EC_108.png,GATE_ESE_Papers/EC/EC/EC_2021_EC_108.png,EC,2021,EC,108,MCQ,A,1,
EC_2021_EC_109.png,GATE_ESE_Papers/EC/EC/EC_2021_EC_109.png,EC,2021,EC,109,MCQ,B,1,
EC_2021_EC_110.png,GATE_ESE_Papers/EC/EC/EC_2021_EC_110.png,EC,2021,EC,110,MCQ,C,1,
EC_2021_EC_111.png,GATE_ESE_Papers/EC/EC/EC_2021_EC_111.png,EC,2021,EC,111,MCQ,A,1,
EC_2021_EC_112.png,GATE_ESE_Papers/EC/EC/EC_2021_EC_112.png,EC,2021,EC,112,MCQ,C,1,
EC_2021_EC_113.png,GATE_ESE_Papers/EC/EC/EC_2021_EC_113.png,EC,2021,EC,113,MCQ,*,1,
EC_2021_EC_114.png,GATE_ESE_Papers/EC/EC/EC_2021_EC_114.png,EC,2021,EC,114,MCQ,D,1,
EC_2021_EC_115.png,GATE_ESE_Papers/EC/EC/EC_2021_EC_115.png,EC,2021,EC,115,MCQ,B,1,
EC_2021_EC_116.png,GATE_ESE_Papers/EC/EC/EC_2021_EC_116.png,EC,2021,EC,116,MCQ,D,1,
EC_2021_EC_117.png,GATE_ESE_Papers/EC/EC/EC_2021_EC_117.png,EC,2021,EC,117,MCQ,A,1,
EC_2021_EC_118.png,GATE_ESE_Papers/EC/EC/EC_2021_EC_118.png,EC,2021,EC,118,MCQ,D,1,
EC_2021_EC_119.png,GATE_ESE_Papers/EC/EC/EC_2021_EC_119.png,EC,2021,EC,119,MCQ,C,1,
EC_2021_EC_120.png,GATE_ESE_Papers/EC/EC/EC_2021_EC_120.png,EC,2021,EC,120,MCQ,B,1,
EC_2021_EC_121.png,GATE_ESE_Papers/EC/EC/EC_2021_EC_121.png,EC,2021,EC,121,MCQ,B,1,
EC_2021_EC_122.png,GATE_ESE_Papers/EC/EC/EC_2021_EC_122.png,EC,2021,EC,122,MCQ,D,1,
EC_2021_EC_123.png,GATE_ESE_Papers/EC/EC/EC_2021_EC_123.png,EC,2021,EC,123,MCQ,B,1,
EC_2021_EC_124.png,GATE_ESE_Papers/EC/EC/EC_2021_EC_124.png,EC,2021,EC,124,MCQ,B,1,
EC_2021_EC_125.png,GATE_ESE_Papers/EC/EC/EC_2021_EC_125.png,EC,2021,EC,125,MCQ,C,1,
EC_2021_EC_126.png,GATE_ESE_Papers/EC/EC/EC_2021_EC_126.png,EC,2021,EC,126,MCQ,B,1,
EC_2021_EC_127.png,GATE_ESE_Papers/EC/EC/EC_2021_EC_127.png,EC,2021,EC,127,MCQ,D,1,
EC_2021_EC_128.png,GATE_ESE_Papers/EC/EC/EC_2021_EC_128.png,EC,2021,EC,128,MCQ,B,1,
EC_2021_EC_129.png,GATE_ESE_Papers/EC/EC/EC_2021_EC_129.png,EC,2021,EC,129,MCQ,B,1,
EC_2021_EC_130.png,GATE_ESE_Papers/EC/EC/EC_2021_EC_130.png,EC,2021,EC,130,MCQ,A,1,
EC_2021_EC_131.png,GATE_ESE_Papers/EC/EC/EC_2021_EC_131.png,EC,2021,EC,131,MCQ,D,1,
EC_2021_EC_132.png,GATE_ESE_Papers/EC/EC/EC_2021_EC_132.png,EC,2021,EC,132,MCQ,B,1,
EC_2021_EC_133.png,GATE_ESE_Papers/EC/EC/EC_2021_EC_133.png,EC,2021,EC,133,MCQ,B,1,
EC_2021_EC_134.png,GATE_ESE_Papers/EC/EC/EC_2021_EC_134.png,EC,2021,EC,134,MCQ,B,1,
EC_2021_EC_135.png,GATE_ESE_Papers/EC/EC/EC_2021_EC_135.png,EC,2021,EC,135,MCQ,C,1,
EC_2021_EC_136.png,GATE_ESE_Papers/EC/EC/EC_2021_EC_136.png,EC,2021,EC,136,MCQ,A,1,
EC_2021_EC_137.png,GATE_ESE_Papers/EC/EC/EC_2021_EC_137.png,EC,2021,EC,137,MCQ,B,1,
EC_2021_EC_138.png,GATE_ESE_Papers/EC/EC/EC_2021_EC_138.png,EC,2021,EC,138,MCQ,B,1,
EC_2021_EC_139.png,GATE_ESE_Papers/EC/EC/EC_2021_EC_139.png,EC,2021,EC,139,MCQ,A,1,
EC_2021_EC_140.png,GATE_ESE_Papers/EC/EC/EC_2021_EC_140.png,EC,2021,EC,140,MCQ,A,1,
EC_2021_EC_141.png,GATE_ESE_Papers/EC/EC/EC_2021_EC_141.png,EC,2021,EC,141,MCQ,B,1,
EC_2021_EC_142.png,GATE_ESE_Papers/EC/EC/EC_2021_EC_142.png,EC,2021,EC,142,MCQ,D,1,
EC_2021_EC_143.png,GATE_ESE_Papers/EC/EC/EC_2021_EC_143.png,EC,2021,EC,143,MCQ,D,1,
EC_2021_EC_144.png,GATE_ESE_Papers/EC/EC/EC_2021_EC_144.png,EC,2021,EC,144,MCQ,A,1,
EC_2021_EC_145.png,GATE_ESE_Papers/EC/EC/EC_2021_EC_145.png,EC,2021,EC,145,MCQ,B,1,
EC_2021_EC_146.png,GATE_ESE_Papers/EC/EC/EC_2021_EC_146.png,EC,2021,EC,146,MCQ,B,1,
EC_2021_EC_147.png,GATE_ESE_Papers/EC/EC/EC_2021_EC_147.png,EC,2021,EC,147,MCQ,B,1,
EC_2021_EC_148.png,GATE_ESE_Papers/EC/EC/EC_2021_EC_148.png,EC,2021,EC,148,MCQ,C,1,
EC_2021_EC_149.png,GATE_ESE_Papers/EC/EC/EC_2021_EC_149.png,EC,2021,EC,149,MCQ,D,1,
EC_2021_EC_150.png,GATE_ESE_Papers/EC/EC/EC_2021_EC_150.png,EC,2021,EC,150,MCQ,B,1,
EC_2022_EC_056.png,GATE_ESE_Papers/EC/EC/EC_2022_EC_056.png,EC,2022,EC,56,MCQ,D,1,
EC_2022_EC_057.png,GATE_ESE_Papers/EC/EC/EC_2022_EC_057.png,EC,2022,EC,57,MCQ,B,1,
EC_2022_EC_058.png,GATE_ESE_Papers/EC/EC/EC_2022_EC_058.png,EC,2022,EC,58,MCQ,C,1,
EC_2022_EC_059.png,GATE_ESE_Papers/EC/EC/EC_2022_EC_059.png,EC,2022,EC,59,MCQ,*,1,
EC_2022_EC_060.png,GATE_ESE_Papers/EC/EC/EC_2022_EC_060.png,EC,2022,EC,60,MCQ,A,1,
EC_2022_EC_061.png,GATE_ESE_Papers/EC/EC/EC_2022_EC_061.png,EC,2022,EC,61,MCQ,A,1,
EC_2022_EC_062.png,GATE_ESE_Papers/EC/EC/EC_2022_EC_062.png,EC,2022,EC,62,MCQ,*,1,
EC_2022_EC_063.png,GATE_ESE_Papers/EC/EC/EC_2022_EC_063.png,EC,2022,EC,63,MCQ,A,1,
EC_2022_EC_064.png,GATE_ESE_Papers/EC/EC/EC_2022_EC_064.png,EC,2022,EC,64,MCQ,C,1,
EC_2022_EC_065.png,GATE_ESE_Papers/EC/EC/EC_2022_EC_065.png,EC,2022,EC,65,MCQ,D,1,
EC_2022_EC_066.png,GATE_ESE_Papers/EC/EC/EC_2022_EC_066.png,EC,2022,EC,66,MCQ,A,1,
EC_2022_EC_067.png,GATE_ESE_Papers/EC/EC/EC_2022_EC_067.png,EC,2022,EC,67,MCQ,C,1,
EC_2022_EC_068.png,GATE_ESE_Papers/EC/EC/EC_2022_EC_068.png,EC,2022,EC,68,MCQ,B,1,
EC_2022_EC_069.png,GATE_ESE_Papers/EC/EC/EC_2022_EC_069.png,EC,2022,EC,69,MCQ,A,1,
EC_2022_EC_070.png,GATE_ESE_Papers/EC/EC/EC_2022_EC_070.png,EC,2022,EC,70,MCQ,A,1,
EC_2022_EC_071.png,GATE_ESE_Papers/EC/EC/EC_2022_EC_071.png,EC,2022,EC,71,MCQ,C,1,
EC_2022_EC_072.png,GATE_ESE_Papers/EC/EC/EC_2022_EC_072.png,EC,2022,EC,72,MCQ,C,1,
EC_2022_EC_073.png,GATE_ESE_Papers/EC/EC/EC_2022_EC_073.png,EC,2022,EC,73,MCQ,C,1,
EC_2022_EC_074.png,GATE_ESE_Papers/EC/EC/EC_2022_EC_074.png,EC,2022,EC,74,MCQ,D,1,
EC_2022_EC_075.png,GATE_ESE_Papers/EC/EC/EC_2022_EC_075.png,EC,2022,EC,75,MCQ,C,1,
EC_2022_EC_076.png,GATE_ESE_Papers/EC/EC/EC_2022_EC_076.png,EC,2022,EC,76,MCQ,D,1,
EC_2022_EC_077.png,GATE_ESE_Papers/EC/EC/EC_2022_EC_077.png,EC,2022,EC,77,MCQ,A,1,
EC_2022_EC_078.png,GATE_ESE_Papers/EC/EC/EC_2022_EC_078.png,EC,2022,EC,78,MCQ,D,1,
EC_2022_EC_079.png,GATE_ESE_Papers/EC/EC/EC_2022_EC_079.png,EC,2022,EC,79,MCQ,A,1,
EC_2022_EC_080.png,GATE_ESE_Papers/EC/EC/EC_2022_EC_080.png,EC,2022,EC,80,MCQ,D,1,
EC_2022_EC_081.png,GATE_ESE_Papers/EC/EC/EC_2022_EC_081.png,EC,2022,EC,81,MCQ,B,1,
EC_2022_EC_082.png,GATE_ESE_Papers/EC/EC/EC_2022_EC_082.png,EC,2022,EC,82,MCQ,A,1,
EC_2022_EC_083.png,GATE_ESE_Papers/EC/EC/EC_2022_EC_083.png,EC,2022,EC,83,MCQ,A,1,
EC_2022_EC_084.png,GATE_ESE_Papers/EC/EC/EC_2022_EC_084.png,EC,2022,EC,84,MCQ,B,1,
EC_2022_EC_085.png,GATE_ESE_Papers/EC/EC/EC_2022_EC_085.png,EC,2022,EC,85,MCQ,A,1,
EC_2022_EC_086.png,GATE_ESE_Papers/EC/EC/EC_2022_EC_086.png,EC,2022,EC,86,MCQ,B,1,
EC_2022_EC_087.png,GATE_ESE_Papers/EC/EC/EC_2022_EC_087.png,EC,2022,EC,87,MCQ,C,1,
EC_2022_EC_088.png,GATE_ESE_Papers/EC/EC/EC_2022_EC_088.png,EC,2022,EC,88,MCQ,B,1,
EC_2022_EC_089.png,GATE_ESE_Papers/EC/EC/EC_2022_EC_089.png,EC,2022,EC,89,MCQ,A,1,
EC_2022_EC_090.png,GATE_ESE_Papers/EC/EC/EC_2022_EC_090.png,EC,2022,EC,90,MCQ,C,1,
EC_2022_EC_091.png,GATE_ESE_Papers/EC/EC/EC_2022_EC_091.png,EC,2022,EC,91,MCQ,B,1,
EC_2022_EC_092.png,GATE_ESE_Papers/EC/EC/EC_2022_EC_092.png,EC,2022,EC,92,MCQ,D,1,
EC_2022_EC_093.png,GATE_ESE_Papers/EC/EC/EC_2022_EC_093.png,EC,2022,EC,93,MCQ,C,1,
EC_2022_EC_094.png,GATE_ESE_Papers/EC/EC/EC_2022_EC_094.png,EC,2022,EC,94,MCQ,D,1,
EC_2022_EC_095.png,GATE_ESE_Papers/EC/EC/EC_2022_EC_095.png,EC,2022,EC,95,MCQ,D,1,
EC_2022_EC_096.png,GATE_ESE_Papers/EC/EC/EC_2022_EC_096.png,EC,2022,EC,96,MCQ,B,1,
EC_2022_EC_097.png,GATE_ESE_Papers/EC/EC/EC_2022_EC_097.png,EC,2022,EC,97,MCQ,B,1,
EC_2022_EC_098.png,GATE_ESE_Papers/EC/EC/EC_2022_EC_098.png,EC,2022,EC,98,MCQ,C,1,
EC_2022_EC_099.png,GATE_ESE_Papers/EC/EC/EC_2022_EC_099.png,EC,2022,EC,99,MCQ,D,1,
EC_2022_EC_100.png,GATE_ESE_Papers/EC/EC/EC_2022_EC_100.png,EC,2022,EC,100,MCQ,B,1,
EC_2022_EC_101.png,GATE_ESE_Papers/EC/EC/EC_2022_EC_101.png,EC,2022,EC,101,MCQ,D,1,
EC_2022_EC_102.png,GATE_ESE_Papers/EC/EC/EC_2022_EC_102.png,EC,2022,EC,102,MCQ,C,1,
EC_2022_EC_103.png,GATE_ESE_Papers/EC/EC/EC_2022_EC_103.png,EC,2022,EC,103,MCQ,A,1,
EC_2022_EC_104.png,GATE_ESE_Papers/EC/EC/EC_2022_EC_104.png,EC,2022,EC,104,MCQ,B,1,
EC_2022_EC_105.png,GATE_ESE_Papers/EC/EC/EC_2022_EC_105.png,EC,2022,EC,105,MCQ,B,1,
EC_2022_EC_106.png,GATE_ESE_Papers/EC/EC/EC_2022_EC_106.png,EC,2022,EC,106,MCQ,A,1,
EC_2022_EC_107.png,GATE_ESE_Papers/EC/EC/EC_2022_EC_107.png,EC,2022,EC,107,MCQ,C,1,
EC_2022_EC_108.png,GATE_ESE_Papers/EC/EC/EC_2022_EC_108.png,EC,2022,EC,108,MCQ,B,1,
EC_2022_EC_109.png,GATE_ESE_Papers/EC/EC/EC_2022_EC_109.png,EC,2022,EC,109,MCQ,B,1,
EC_2022_EC_110.png,GATE_ESE_Papers/EC/EC/EC_2022_EC_110.png,EC,2022,EC,110,MCQ,D,1,
EC_2022_EC_111.png,GATE_ESE_Papers/EC/EC/EC_2022_EC_111.png,EC,2022,EC,111,MCQ,D,1,
EC_2022_EC_112.png,GATE_ESE_Papers/EC/EC/EC_2022_EC_112.png,EC,2022,EC,112,MCQ,B,1,
EC_2022_EC_113.png,GATE_ESE_Papers/EC/EC/EC_2022_EC_113.png,EC,2022,EC,113,MCQ,D,1,
EC_2022_EC_114.png,GATE_ESE_Papers/EC/EC/EC_2022_EC_114.png,EC,2022,EC,114,MCQ,A,1,
EC_2022_EC_115.png,GATE_ESE_Papers/EC/EC/EC_2022_EC_115.png,EC,2022,EC,115,MCQ,A,1,
EC_2022_EC_116.png,GATE_ESE_Papers/EC/EC/EC_2022_EC_116.png,EC,2022,EC,116,MCQ,D,1,
EC_2022_EC_117.png,GATE_ESE_Papers/EC/EC/EC_2022_EC_117.png,EC,2022,EC,117,MCQ,B,1,
EC_2022_EC_118.png,GATE_ESE_Papers/EC/EC/EC_2022_EC_118.png,EC,2022,EC,118,MCQ,A,1,
EC_2022_EC_119.png,GATE_ESE_Papers/EC/EC/EC_2022_EC_119.png,EC,2022,EC,119,MCQ,A,1,
EC_2022_EC_120.png,GATE_ESE_Papers/EC/EC/EC_2022_EC_120.png,EC,2022,EC,120,MCQ,C,1,
EC_2022_EC_121.png,GATE_ESE_Papers/EC/EC/EC_2022_EC_121.png,EC,2022,EC,121,MCQ,D,1,
EC_2022_EC_122.png,GATE_ESE_Papers/EC/EC/EC_2022_EC_122.png,EC,2022,EC,122,MCQ,D,1,
EC_2022_EC_123.png,GATE_ESE_Papers/EC/EC/EC_2022_EC_123.png,EC,2022,EC,123,MCQ,A,1,
EC_2022_EC_124.png,GATE_ESE_Papers/EC/EC/EC_2022_EC_124.png,EC,2022,EC,124,MCQ,A,1,
EC_2022_EC_125.png,GATE_ESE_Papers/EC/EC/EC_2022_EC_125.png,EC,2022,EC,125,MCQ,D,1,
EC_2022_EC_126.png,GATE_ESE_Papers/EC/EC/EC_2022_EC_126.png,EC,2022,EC,126,MCQ,D,1,
EC_2022_EC_127.png,GATE_ESE_Papers/EC/EC/EC_2022_EC_127.png,EC,2022,EC,127,MCQ,A,1,
EC_2022_EC_128.png,GATE_ESE_Papers/EC/EC/EC_2022_EC_128.png,EC,2022,EC,128,MCQ,C,1,
EC_2022_EC_129.png,GATE_ESE_Papers/EC/EC/EC_2022_EC_129.png,EC,2022,EC,129,MCQ,B,1,
EC_2022_EC_130.png,GATE_ESE_Papers/EC/EC/EC_2022_EC_130.png,EC,2022,EC,130,MCQ,D,1,
EC_2022_EC_131.png,GATE_ESE_Papers/EC/EC/EC_2022_EC_131.png,EC,2022,EC,131,MCQ,C,1,
EC_2022_EC_132.png,GATE_ESE_Papers/EC/EC/EC_2022_EC_132.png,EC,2022,EC,132,MCQ,B,1,
EC_2022_EC_133.png,GATE_ESE_Papers/EC/EC/EC_2022_EC_133.png,EC,2022,EC,133,MCQ,B,1,
EC_2022_EC_134.png,GATE_ESE_Papers/EC/EC/EC_2022_EC_134.png,EC,2022,EC,134,MCQ,D,1,
EC_2022_EC_135.png,GATE_ESE_Papers/EC/EC/EC_2022_EC_135.png,EC,2022,EC,135,MCQ,C,1,
EC_2022_EC_136.png,GATE_ESE_Papers/EC/EC/EC_2022_EC_136.png,EC,2022,EC,136,MCQ,A,1,
EC_2022_EC_137.png,GATE_ESE_Papers/EC/EC/EC_2022_EC_137.png,EC,2022,EC,137,MCQ,D,1,
EC_2022_EC_138.png,GATE_ESE_Papers/EC/EC/EC_2022_EC_138.png,EC,2022,EC,138,MCQ,A,1,
EC_2022_EC_139.png,GATE_ESE_Papers/EC/EC/EC_2022_EC_139.png,EC,2022,EC,139,MCQ,A,1,
EC_2022_EC_140.png,GATE_ESE_Papers/EC/EC/EC_2022_EC_140.png,EC,2022,EC,140,MCQ,D,1,
EC_2022_EC_141.png,GATE_ESE_Papers/EC/EC/EC_2022_EC_141.png,EC,2022,EC,141,MCQ,C,1,
EC_2022_EC_142.png,GATE_ESE_Papers/EC/EC/EC_2022_EC_142.png,EC,2022,EC,142,MCQ,B,1,
EC_2022_EC_143.png,GATE_ESE_Papers/EC/EC/EC_2022_EC_143.png,EC,2022,EC,143,MCQ,A,1,
EC_2022_EC_144.png,GATE_ESE_Papers/EC/EC/EC_2022_EC_144.png,EC,2022,EC,144,MCQ,C,1,
EC_2022_EC_145.png,GATE_ESE_Papers/EC/EC/EC_2022_EC_145.png,EC,2022,EC,145,MCQ,B,1,
EC_2022_EC_146.png,GATE_ESE_Papers/EC/EC/EC_2022_EC_146.png,EC,2022,EC,146,MCQ,B,1,
EC_2022_EC_147.png,GATE_ESE_Papers/EC/EC/EC_2022_EC_147.png,EC,2022,EC,147,MCQ,B,1,
EC_2022_EC_148.png,GATE_ESE_Papers/EC/EC/EC_2022_EC_148.png,EC,2022,EC,148,MCQ,B,1,
EC_2022_EC_149.png,GATE_ESE_Papers/EC/EC/EC_2022_EC_149.png,EC,2022,EC,149,MCQ,B,1,
EC_2022_EC_150.png,GATE_ESE_Papers/EC/EC/EC_2022_EC_150.png,EC,2022,EC,150,MCQ,A,1,
EC_2023_EC_056.png,GATE_ESE_Papers/EC/EC/EC_2023_EC_056.png,EC,2023,EC,56,MCQ,UNKNOWN,1,
EC_2023_EC_057.png,GATE_ESE_Papers/EC/EC/EC_2023_EC_057.png,EC,2023,EC,57,MCQ,UNKNOWN,1,
EC_2023_EC_058.png,GATE_ESE_Papers/EC/EC/EC_2023_EC_058.png,EC,2023,EC,58,MCQ,UNKNOWN,1,
EC_2023_EC_059.png,GATE_ESE_Papers/EC/EC/EC_2023_EC_059.png,EC,2023,EC,59,MCQ,UNKNOWN,1,
EC_2023_EC_060.png,GATE_ESE_Papers/EC/EC/EC_2023_EC_060.png,EC,2023,EC,60,MCQ,UNKNOWN,1,
EC_2023_EC_061.png,GATE_ESE_Papers/EC/EC/EC_2023_EC_061.png,EC,2023,EC,61,MCQ,UNKNOWN,1,
EC_2023_EC_062.png,GATE_ESE_Papers/EC/EC/EC_2023_EC_062.png,EC,2023,EC,62,MCQ,UNKNOWN,1,
EC_2023_EC_063.png,GATE_ESE_Papers/EC/EC/EC_2023_EC_063.png,EC,2023,EC,63,MCQ,UNKNOWN,1,
EC_2023_EC_064.png,GATE_ESE_Papers/EC/EC/EC_2023_EC_064.png,EC,2023,EC,64,MCQ,UNKNOWN,1,
EC_2023_EC_065.png,GATE_ESE_Papers/EC/EC/EC_2023_EC_065.png,EC,2023,EC,65,MCQ,UNKNOWN,1,
EC_2023_EC_066.png,GATE_ESE_Papers/EC/EC/EC_2023_EC_066.png,EC,2023,EC,66,MCQ,UNKNOWN,1,
EC_2023_EC_067.png,GATE_ESE_Papers/EC/EC/EC_2023_EC_067.png,EC,2023,EC,67,MCQ,UNKNOWN,1,
EC_2023_EC_068.png,GATE_ESE_Papers/EC/EC/EC_2023_EC_068.png,EC,2023,EC,68,MCQ,UNKNOWN,1,
EC_2023_EC_069.png,GATE_ESE_Papers/EC/EC/EC_2023_EC_069.png,EC,2023,EC,69,MCQ,UNKNOWN,1,
EC_2023_EC_070.png,GATE_ESE_Papers/EC/EC/EC_2023_EC_070.png,EC,2023,EC,70,MCQ,UNKNOWN,1,
EC_2023_EC_071.png,GATE_ESE_Papers/EC/EC/EC_2023_EC_071.png,EC,2023,EC,71,MCQ,UNKNOWN,1,
EC_2023_EC_072.png,GATE_ESE_Papers/EC/EC/EC_2023_EC_072.png,EC,2023,EC,72,MCQ,UNKNOWN,1,
EC_2023_EC_073.png,GATE_ESE_Papers/EC/EC/EC_2023_EC_073.png,EC,2023,EC,73,MCQ,UNKNOWN,1,
EC_2023_EC_074.png,GATE_ESE_Papers/EC/EC/EC_2023_EC_074.png,EC,2023,EC,74,MCQ,UNKNOWN,1,
EC_2023_EC_075.png,GATE_ESE_Papers/EC/EC/EC_2023_EC_075.png,EC,2023,EC,75,MCQ,UNKNOWN,1,
EC_2023_EC_076.png,GATE_ESE_Papers/EC/EC/EC_2023_EC_076.png,EC,2023,EC,76,MCQ,UNKNOWN,1,
EC_2023_EC_077.png,GATE_ESE_Papers/EC/EC/EC_2023_EC_077.png,EC,2023,EC,77,MCQ,UNKNOWN,1,
EC_2023_EC_078.png,GATE_ESE_Papers/EC/EC/EC_2023_EC_078.png,EC,2023,EC,78,MCQ,UNKNOWN,1,
EC_2023_EC_079.png,GATE_ESE_Papers/EC/EC/EC_2023_EC_079.png,EC,2023,EC,79,MCQ,UNKNOWN,1,
EC_2023_EC_080.png,GATE_ESE_Papers/EC/EC/EC_2023_EC_080.png,EC,2023,EC,80,MCQ,UNKNOWN,1,
EC_2023_EC_081.png,GATE_ESE_Papers/EC/EC/EC_2023_EC_081.png,EC,2023,EC,81,MCQ,UNKNOWN,1,
EC_2023_EC_082.png,GATE_ESE_Papers/EC/EC/EC_2023_EC_082.png,EC,2023,EC,82,MCQ,UNKNOWN,1,
EC_2023_EC_083.png,GATE_ESE_Papers/EC/EC/EC_2023_EC_083.png,EC,2023,EC,83,MCQ,UNKNOWN,1,
EC_2023_EC_084.png,GATE_ESE_Papers/EC/EC/EC_2023_EC_084.png,EC,2023,EC,84,MCQ,UNKNOWN,1,
EC_2023_EC_085.png,GATE_ESE_Papers/EC/EC/EC_2023_EC_085.png,EC,2023,EC,85,MCQ,UNKNOWN,1,
EC_2023_EC_086.png,GATE_ESE_Papers/EC/EC/EC_2023_EC_086.png,EC,2023,EC,86,MCQ,UNKNOWN,1,
EC_2023_EC_087.png,GATE_ESE_Papers/EC/EC/EC_2023_EC_087.png,EC,2023,EC,87,MCQ,UNKNOWN,1,
EC_2023_EC_088.png,GATE_ESE_Papers/EC/EC/EC_2023_EC_088.png,EC,2023,EC,88,MCQ,UNKNOWN,1,
EC_2023_EC_089.png,GATE_ESE_Papers/EC/EC/EC_2023_EC_089.png,EC,2023,EC,89,MCQ,UNKNOWN,1,
EC_2023_EC_090.png,GATE_ESE_Papers/EC/EC/EC_2023_EC_090.png,EC,2023,EC,90,MCQ,UNKNOWN,1,
EC_2023_EC_091.png,GATE_ESE_Papers/EC/EC/EC_2023_EC_091.png,EC,2023,EC,91,MCQ,UNKNOWN,1,
EC_2023_EC_092.png,GATE_ESE_Papers/EC/EC/EC_2023_EC_092.png,EC,2023,EC,92,MCQ,UNKNOWN,1,
EC_2023_EC_093.png,GATE_ESE_Papers/EC/EC/EC_2023_EC_093.png,EC,2023,EC,93,MCQ,UNKNOWN,1,
EC_2023_EC_094.png,GATE_ESE_Papers/EC/EC/EC_2023_EC_094.png,EC,2023,EC,94,MCQ,UNKNOWN,1,
EC_2023_EC_095.png,GATE_ESE_Papers/EC/EC/EC_2023_EC_095.png,EC,2023,EC,95,MCQ,UNKNOWN,1,
EC_2023_EC_096.png,GATE_ESE_Papers/EC/EC/EC_2023_EC_096.png,EC,2023,EC,96,MCQ,UNKNOWN,1,
EC_2023_EC_097.png,GATE_ESE_Papers/EC/EC/EC_2023_EC_097.png,EC,2023,EC,97,MCQ,UNKNOWN,1,
EC_2023_EC_098.png,GATE_ESE_Papers/EC/EC/EC_2023_EC_098.png,EC,2023,EC,98,MCQ,UNKNOWN,1,
EC_2023_EC_099.png,GATE_ESE_Papers/EC/EC/EC_2023_EC_099.png,EC,2023,EC,99,MCQ,UNKNOWN,1,
EC_2023_EC_100.png,GATE_ESE_Papers/EC/EC/EC_2023_EC_100.png,EC,2023,EC,100,MCQ,UNKNOWN,1,
EC_2023_EC_101.png,GATE_ESE_Papers/EC/EC/EC_2023_EC_101.png,EC,2023,EC,101,MCQ,UNKNOWN,1,
EC_2023_EC_102.png,GATE_ESE_Papers/EC/EC/EC_2023_EC_102.png,EC,2023,EC,102,MCQ,UNKNOWN,1,
EC_2023_EC_103.png,GATE_ESE_Papers/EC/EC/EC_2023_EC_103.png,EC,2023,EC,103,MCQ,UNKNOWN,1,
EC_2023_EC_104.png,GATE_ESE_Papers/EC/EC/EC_2023_EC_104.png,EC,2023,EC,104,MCQ,UNKNOWN,1,
EC_2023_EC_105.png,GATE_ESE_Papers/EC/EC/EC_2023_EC_105.png,EC,2023,EC,105,MCQ,UNKNOWN,1,
EC_2023_EC_106.png,GATE_ESE_Papers/EC/EC/EC_2023_EC_106.png,EC,2023,EC,106,MCQ,UNKNOWN,1,
EC_2023_EC_107.png,GATE_ESE_Papers/EC/EC/EC_2023_EC_107.png,EC,2023,EC,107,MCQ,UNKNOWN,1,
EC_2023_EC_108.png,GATE_ESE_Papers/EC/EC/EC_2023_EC_108.png,EC,2023,EC,108,MCQ,UNKNOWN,1,
EC_2023_EC_109.png,GATE_ESE_Papers/EC/EC/EC_2023_EC_109.png,EC,2023,EC,109,MCQ,UNKNOWN,1,
EC_2023_EC_110.png,GATE_ESE_Papers/EC/EC/EC_2023_EC_110.png,EC,2023,EC,110,MCQ,UNKNOWN,1,
EC_2023_EC_111.png,GATE_ESE_Papers/EC/EC/EC_2023_EC_111.png,EC,2023,EC,111,MCQ,UNKNOWN,1,
EC_2023_EC_112.png,GATE_ESE_Papers/EC/EC/EC_2023_EC_112.png,EC,2023,EC,112,MCQ,UNKNOWN,1,
EC_2023_EC_113.png,GATE_ESE_Papers/EC/EC/EC_2023_EC_113.png,EC,2023,EC,113,MCQ,UNKNOWN,1,
EC_2023_EC_114.png,GATE_ESE_Papers/EC/EC/EC_2023_EC_114.png,EC,2023,EC,114,MCQ,UNKNOWN,1,
EC_2023_EC_115.png,GATE_ESE_Papers/EC/EC/EC_2023_EC_115.png,EC,2023,EC,115,MCQ,UNKNOWN,1,
EC_2023_EC_116.png,GATE_ESE_Papers/EC/EC/EC_2023_EC_116.png,EC,2023,EC,116,MCQ,UNKNOWN,1,
EC_2023_EC_117.png,GATE_ESE_Papers/EC/EC/EC_2023_EC_117.png,EC,2023,EC,117,MCQ,UNKNOWN,1,
EC_2023_EC_118.png,GATE_ESE_Papers/EC/EC/EC_2023_EC_118.png,EC,2023,EC,118,MCQ,UNKNOWN,1,
EC_2023_EC_119.png,GATE_ESE_Papers/EC/EC/EC_2023_EC_119.png,EC,2023,EC,119,MCQ,UNKNOWN,1,
EC_2023_EC_120.png,GATE_ESE_Papers/EC/EC/EC_2023_EC_120.png,EC,2023,EC,120,MCQ,UNKNOWN,1,
EC_2023_EC_121.png,GATE_ESE_Papers/EC/EC/EC_2023_EC_121.png,EC,2023,EC,121,MCQ,UNKNOWN,1,
EC_2023_EC_122.png,GATE_ESE_Papers/EC/EC/EC_2023_EC_122.png,EC,2023,EC,122,MCQ,UNKNOWN,1,
EC_2023_EC_123.png,GATE_ESE_Papers/EC/EC/EC_2023_EC_123.png,EC,2023,EC,123,MCQ,UNKNOWN,1,
EC_2023_EC_124.png,GATE_ESE_Papers/EC/EC/EC_2023_EC_124.png,EC,2023,EC,124,MCQ,UNKNOWN,1,
EC_2023_EC_125.png,GATE_ESE_Papers/EC/EC/EC_2023_EC_125.png,EC,2023,EC,125,MCQ,UNKNOWN,1,
EC_2023_EC_126.png,GATE_ESE_Papers/EC/EC/EC_2023_EC_126.png,EC,2023,EC,126,MCQ,UNKNOWN,1,
EC_2023_EC_127.png,GATE_ESE_Papers/EC/EC/EC_2023_EC_127.png,EC,2023,EC,127,MCQ,UNKNOWN,1,
EC_2023_EC_128.png,GATE_ESE_Papers/EC/EC/EC_2023_EC_128.png,EC,2023,EC,128,MCQ,UNKNOWN,1,
EC_2023_EC_129.png,GATE_ESE_Papers/EC/EC/EC_2023_EC_129.png,EC,2023,EC,129,MCQ,UNKNOWN,1,
EC_2023_EC_130.png,GATE_ESE_Papers/EC/EC/EC_2023_EC_130.png,EC,2023,EC,130,MCQ,UNKNOWN,1,
EC_2023_EC_131.png,GATE_ESE_Papers/EC/EC/EC_2023_EC_131.png,EC,2023,EC,131,MCQ,UNKNOWN,1,
EC_2023_EC_132.png,GATE_ESE_Papers/EC/EC/EC_2023_EC_132.png,EC,2023,EC,132,MCQ,UNKNOWN,1,
EC_2023_EC_133.png,GATE_ESE_Papers/EC/EC/EC_2023_EC_133.png,EC,2023,EC,133,MCQ,UNKNOWN,1,
EC_2023_EC_134.png,GATE_ESE_Papers/EC/EC/EC_2023_EC_134.png,EC,2023,EC,134,MCQ,UNKNOWN,1,
EC_2023_EC_135.png,GATE_ESE_Papers/EC/EC/EC_2023_EC_135.png,EC,2023,EC,135,MCQ,UNKNOWN,1,
EC_2023_EC_136.png,GATE_ESE_Papers/EC/EC/EC_2023_EC_136.png,EC,2023,EC,136,MCQ,UNKNOWN,1,
EC_2023_EC_137.png,GATE_ESE_Papers/EC/EC/EC_2023_EC_137.png,EC,2023,EC,137,MCQ,UNKNOWN,1,
EC_2023_EC_138.png,GATE_ESE_Papers/EC/EC/EC_2023_EC_138.png,EC,2023,EC,138,MCQ,UNKNOWN,1,
EC_2023_EC_139.png,GATE_ESE_Papers/EC/EC/EC_2023_EC_139.png,EC,2023,EC,139,MCQ,UNKNOWN,1,
EC_2023_EC_140.png,GATE_ESE_Papers/EC/EC/EC_2023_EC_140.png,EC,2023,EC,140,MCQ,UNKNOWN,1,
EC_2023_EC_141.png,GATE_ESE_Papers/EC/EC/EC_2023_EC_141.png,EC,2023,EC,141,MCQ,UNKNOWN,1,
EC_2023_EC_142.png,GATE_ESE_Papers/EC/EC/EC_2023_EC_142.png,EC,2023,EC,142,MCQ,UNKNOWN,1,
EC_2023_EC_143.png,GATE_ESE_Papers/EC/EC/EC_2023_EC_143.png,EC,2023,EC,143,MCQ,UNKNOWN,1,
EC_2023_EC_144.png,GATE_ESE_Papers/EC/EC/EC_2023_EC_144.png,EC,2023,EC,144,MCQ,UNKNOWN,1,
EC_2023_EC_145.png,GATE_ESE_Papers/EC/EC/EC_2023_EC_145.png,EC,2023,EC,145,MCQ,UNKNOWN,1,
EC_2023_EC_146.png,GATE_ESE_Papers/EC/EC/EC_2023_EC_146.png,EC,2023,EC,146,MCQ,UNKNOWN,1,
EC_2023_EC_147.png,GATE_ESE_Papers/EC/EC/EC_2023_EC_147.png,EC,2023,EC,147,MCQ,UNKNOWN,1,
EC_2023_EC_148.png,GATE_ESE_Papers/EC/EC/EC_2023_EC_148.png,EC,2023,EC,148,MCQ,UNKNOWN,1,
EC_2023_EC_149.png,GATE_ESE_Papers/EC/EC/EC_2023_EC_149.png,EC,2023,EC,149,MCQ,UNKNOWN,1,
EC_2023_EC_150.png,GATE_ESE_Papers/EC/EC/EC_2023_EC_150.png,EC,2023,EC,150,MCQ,UNKNOWN,1,
EC_2024_EC_056.png,GATE_ESE_Papers/EC/EC/EC_2024_EC_056.png,EC,2024,EC,56,MCQ,B,1,
EC_2024_EC_057.png,GATE_ESE_Papers/EC/EC/EC_2024_EC_057.png,EC,2024,EC,57,MCQ,D,1,
EC_2024_EC_058.png,GATE_ESE_Papers/EC/EC/EC_2024_EC_058.png,EC,2024,EC,58,MCQ,B,1,
EC_2024_EC_059.png,GATE_ESE_Papers/EC/EC/EC_2024_EC_059.png,EC,2024,EC,59,MCQ,C,1,
EC_2024_EC_060.png,GATE_ESE_Papers/EC/EC/EC_2024_EC_060.png,EC,2024,EC,60,MCQ,B,1,
EC_2024_EC_061.png,GATE_ESE_Papers/EC/EC/EC_2024_EC_061.png,EC,2024,EC,61,MCQ,B,1,
EC_2024_EC_062.png,GATE_ESE_Papers/EC/EC/EC_2024_EC_062.png,EC,2024,EC,62,MCQ,B,1,
EC_2024_EC_063.png,GATE_ESE_Papers/EC/EC/EC_2024_EC_063.png,EC,2024,EC,63,MCQ,B,1,
EC_2024_EC_064.png,GATE_ESE_Papers/EC/EC/EC_2024_EC_064.png,EC,2024,EC,64,MCQ,C,1,
EC_2024_EC_065.png,GATE_ESE_Papers/EC/EC/EC_2024_EC_065.png,EC,2024,EC,65,MCQ,D,1,
EC_2024_EC_066.png,GATE_ESE_Papers/EC/EC/EC_2024_EC_066.png,EC,2024,EC,66,MCQ,C,1,
EC_2024_EC_067.png,GATE_ESE_Papers/EC/EC/EC_2024_EC_067.png,EC,2024,EC,67,MCQ,A,1,
EC_2024_EC_068.png,GATE_ESE_Papers/EC/EC/EC_2024_EC_068.png,EC,2024,EC,68,MCQ,B,1,
EC_2024_EC_069.png,GATE_ESE_Papers/EC/EC/EC_2024_EC_069.png,EC,2024,EC,69,MCQ,C,1,
EC_2024_EC_070.png,GATE_ESE_Papers/EC/EC/EC_2024_EC_070.png,EC,2024,EC,70,MCQ,A,1,
EC_2024_EC_071.png,GATE_ESE_Papers/EC/EC/EC_2024_EC_071.png,EC,2024,EC,71,MCQ,A,1,
EC_2024_EC_072.png,GATE_ESE_Papers/EC/EC/EC_2024_EC_072.png,EC,2024,EC,72,MCQ,D,1,
EC_2024_EC_073.png,GATE_ESE_Papers/EC/EC/EC_2024_EC_073.png,EC,2024,EC,73,MCQ,C,1,
EC_2024_EC_074.png,GATE_ESE_Papers/EC/EC/EC_2024_EC_074.png,EC,2024,EC,74,MCQ,B,1,
EC_2024_EC_075.png,GATE_ESE_Papers/EC/EC/EC_2024_EC_075.png,EC,2024,EC,75,MCQ,C,1,
EC_2024_EC_076.png,GATE_ESE_Papers/EC/EC/EC_2024_EC_076.png,EC,2024,EC,76,MCQ,B,1,
EC_2024_EC_077.png,GATE_ESE_Papers/EC/EC/EC_2024_EC_077.png,EC,2024,EC,77,MCQ,C,1,
EC_2024_EC_078.png,GATE_ESE_Papers/EC/EC/EC_2024_EC_078.png,EC,2024,EC,78,MCQ,B,1,
EC_2024_EC_079.png,GATE_ESE_Papers/EC/EC/EC_2024_EC_079.png,EC,2024,EC,79,MCQ,B,1,
EC_2024_EC_080.png,GATE_ESE_Papers/EC/EC/EC_2024_EC_080.png,EC,2024,EC,80,MCQ,D,1,
EC_2024_EC_081.png,GATE_ESE_Papers/EC/EC/EC_2024_EC_081.png,EC,2024,EC,81,MCQ,C,1,
EC_2024_EC_082.png,GATE_ESE_Papers/EC/EC/EC_2024_EC_082.png,EC,2024,EC,82,MCQ,B,1,
EC_2024_EC_083.png,GATE_ESE_Papers/EC/EC/EC_2024_EC_083.png,EC,2024,EC,83,MCQ,C,1,
EC_2024_EC_084.png,GATE_ESE_Papers/EC/EC/EC_2024_EC_084.png,EC,2024,EC,84,MCQ,B,1,
EC_2024_EC_085.png,GATE_ESE_Papers/EC/EC/EC_2024_EC_085.png,EC,2024,EC,85,MCQ,C,1,
EC_2024_EC_086.png,GATE_ESE_Papers/EC/EC/EC_2024_EC_086.png,EC,2024,EC,86,MCQ,D,1,
EC_2024_EC_087.png,GATE_ESE_Papers/EC/EC/EC_2024_EC_087.png,EC,2024,EC,87,MCQ,*,1,
EC_2024_EC_088.png,GATE_ESE_Papers/EC/EC/EC_2024_EC_088.png,EC,2024,EC,88,MCQ,D,1,
EC_2024_EC_089.png,GATE_ESE_Papers/EC/EC/EC_2024_EC_089.png,EC,2024,EC,89,MCQ,D,1,
EC_2024_EC_090.png,GATE_ESE_Papers/EC/EC/EC_2024_EC_090.png,EC,2024,EC,90,MCQ,C,1,
EC_2024_EC_091.png,GATE_ESE_Papers/EC/EC/EC_2024_EC_091.png,EC,2024,EC,91,MCQ,B,1,
EC_2024_EC_092.png,GATE_ESE_Papers/EC/EC/EC_2024_EC_092.png,EC,2024,EC,92,MCQ,D,1,
EC_2024_EC_093.png,GATE_ESE_Papers/EC/EC/EC_2024_EC_093.png,EC,2024,EC,93,MCQ,C,1,
EC_2024_EC_094.png,GATE_ESE_Papers/EC/EC/EC_2024_EC_094.png,EC,2024,EC,94,MCQ,A,1,
EC_2024_EC_095.png,GATE_ESE_Papers/EC/EC/EC_2024_EC_095.png,EC,2024,EC,95,MCQ,A,1,
EC_2024_EC_096.png,GATE_ESE_Papers/EC/EC/EC_2024_EC_096.png,EC,2024,EC,96,MCQ,D,1,
EC_2024_EC_097.png,GATE_ESE_Papers/EC/EC/EC_2024_EC_097.png,EC,2024,EC,97,MCQ,B,1,
EC_2024_EC_098.png,GATE_ESE_Papers/EC/EC/EC_2024_EC_098.png,EC,2024,EC,98,MCQ,B,1,
EC_2024_EC_099.png,GATE_ESE_Papers/EC/EC/EC_2024_EC_099.png,EC,2024,EC,99,MCQ,A,1,
EC_2024_EC_100.png,GATE_ESE_Papers/EC/EC/EC_2024_EC_100.png,EC,2024,EC,100,MCQ,C,1,
EC_2024_EC_101.png,GATE_ESE_Papers/EC/EC/EC_2024_EC_101.png,EC,2024,EC,101,MCQ,D,1,
EC_2024_EC_102.png,GATE_ESE_Papers/EC/EC/EC_2024_EC_102.png,EC,2024,EC,102,MCQ,C,1,
EC_2024_EC_103.png,GATE_ESE_Papers/EC/EC/EC_2024_EC_103.png,EC,2024,EC,103,MCQ,D,1,
EC_2024_EC_104.png,GATE_ESE_Papers/EC/EC/EC_2024_EC_104.png,EC,2024,EC,104,MCQ,C,1,
EC_2024_EC_105.png,GATE_ESE_Papers/EC/EC/EC_2024_EC_105.png,EC,2024,EC,105,MCQ,D,1,
EC_2024_EC_106.png,GATE_ESE_Papers/EC/EC/EC_2024_EC_106.png,EC,2024,EC,106,MCQ,B,1,
EC_2024_EC_107.png,GATE_ESE_Papers/EC/EC/EC_2024_EC_107.png,EC,2024,EC,107,MCQ,D,1,
EC_2024_EC_108.png,GATE_ESE_Papers/EC/EC/EC_2024_EC_108.png,EC,2024,EC,108,MCQ,B,1,
EC_2024_EC_109.png,GATE_ESE_Papers/EC/EC/EC_2024_EC_109.png,EC,2024,EC,109,MCQ,C,1,
EC_2024_EC_110.png,GATE_ESE_Papers/EC/EC/EC_2024_EC_110.png,EC,2024,EC,110,MCQ,C,1,
EC_2024_EC_111.png,GATE_ESE_Papers/EC/EC/EC_2024_EC_111.png,EC,2024,EC,111,MCQ,D,1,
EC_2024_EC_112.png,GATE_ESE_Papers/EC/EC/EC_2024_EC_112.png,EC,2024,EC,112,MCQ,D,1,
EC_2024_EC_113.png,GATE_ESE_Papers/EC/EC/EC_2024_EC_113.png,EC,2024,EC,113,MCQ,C,1,
EC_2024_EC_114.png,GATE_ESE_Papers/EC/EC/EC_2024_EC_114.png,EC,2024,EC,114,MCQ,C,1,
EC_2024_EC_115.png,GATE_ESE_Papers/EC/EC/EC_2024_EC_115.png,EC,2024,EC,115,MCQ,D,1,
EC_2024_EC_116.png,GATE_ESE_Papers/EC/EC/EC_2024_EC_116.png,EC,2024,EC,116,MCQ,A,1,
EC_2024_EC_117.png,GATE_ESE_Papers/EC/EC/EC_2024_EC_117.png,EC,2024,EC,117,MCQ,*,1,
EC_2024_EC_118.png,GATE_ESE_Papers/EC/EC/EC_2024_EC_118.png,EC,2024,EC,118,MCQ,C,1,
EC_2024_EC_119.png,GATE_ESE_Papers/EC/EC/EC_2024_EC_119.png,EC,2024,EC,119,MCQ,C,1,
EC_2024_EC_120.png,GATE_ESE_Papers/EC/EC/EC_2024_EC_120.png,EC,2024,EC,120,MCQ,C,1,
EC_2024_EC_121.png,GATE_ESE_Papers/EC/EC/EC_2024_EC_121.png,EC,2024,EC,121,MCQ,C,1,
EC_2024_EC_122.png,GATE_ESE_Papers/EC/EC/EC_2024_EC_122.png,EC,2024,EC,122,MCQ,A,1,
EC_2024_EC_123.png,GATE_ESE_Papers/EC/EC/EC_2024_EC_123.png,EC,2024,EC,123,MCQ,D,1,
EC_2024_EC_124.png,GATE_ESE_Papers/EC/EC/EC_2024_EC_124.png,EC,2024,EC,124,MCQ,D,1,
EC_2024_EC_125.png,GATE_ESE_Papers/EC/EC/EC_2024_EC_125.png,EC,2024,EC,125,MCQ,D,1,
EC_2024_EC_126.png,GATE_ESE_Papers/EC/EC/EC_2024_EC_126.png,EC,2024,EC,126,MCQ,C,1,
EC_2024_EC_127.png,GATE_ESE_Papers/EC/EC/EC_2024_EC_127.png,EC,2024,EC,127,MCQ,C,1,
EC_2024_EC_128.png,GATE_ESE_Papers/EC/EC/EC_2024_EC_128.png,EC,2024,EC,128,MCQ,D,1,
EC_2024_EC_129.png,GATE_ESE_Papers/EC/EC/EC_2024_EC_129.png,EC,2024,EC,129,MCQ,B,1,
EC_2024_EC_130.png,GATE_ESE_Papers/EC/EC/EC_2024_EC_130.png,EC,2024,EC,130,MCQ,A,1,
EC_2024_EC_131.png,GATE_ESE_Papers/EC/EC/EC_2024_EC_131.png,EC,2024,EC,131,MCQ,B,1,
EC_2024_EC_132.png,GATE_ESE_Papers/EC/EC/EC_2024_EC_132.png,EC,2024,EC,132,MCQ,C,1,
EC_2024_EC_133.png,GATE_ESE_Papers/EC/EC/EC_2024_EC_133.png,EC,2024,EC,133,MCQ,A,1,
EC_2024_EC_134.png,GATE_ESE_Papers/EC/EC/EC_2024_EC_134.png,EC,2024,EC,134,MCQ,B,1,
EC_2024_EC_135.png,GATE_ESE_Papers/EC/EC/EC_2024_EC_135.png,EC,2024,EC,135,MCQ,D,1,
EC_2024_EC_136.png,GATE_ESE_Papers/EC/EC/EC_2024_EC_136.png,EC,2024,EC,136,MCQ,B,1,
EC_2024_EC_137.png,GATE_ESE_Papers/EC/EC/EC_2024_EC_137.png,EC,2024,EC,137,MCQ,A,1,
EC_2024_EC_138.png,GATE_ESE_Papers/EC/EC/EC_2024_EC_138.png,EC,2024,EC,138,MCQ,A,1,
EC_2024_EC_139.png,GATE_ESE_Papers/EC/EC/EC_2024_EC_139.png,EC,2024,EC,139,MCQ,B,1,
EC_2024_EC_140.png,GATE_ESE_Papers/EC/EC/EC_2024_EC_140.png,EC,2024,EC,140,MCQ,D,1,
EC_2024_EC_141.png,GATE_ESE_Papers/EC/EC/EC_2024_EC_141.png,EC,2024,EC,141,MCQ,C,1,
EC_2024_EC_142.png,GATE_ESE_Papers/EC/EC/EC_2024_EC_142.png,EC,2024,EC,142,MCQ,D,1,
EC_2024_EC_143.png,GATE_ESE_Papers/EC/EC/EC_2024_EC_143.png,EC,2024,EC,143,MCQ,D,1,
EC_2024_EC_144.png,GATE_ESE_Papers/EC/EC/EC_2024_EC_144.png,EC,2024,EC,144,MCQ,D,1,
EC_2024_EC_145.png,GATE_ESE_Papers/EC/EC/EC_2024_EC_145.png,EC,2024,EC,145,MCQ,A,1,
EC_2024_EC_146.png,GATE_ESE_Papers/EC/EC/EC_2024_EC_146.png,EC,2024,EC,146,MCQ,D,1,
EC_2024_EC_147.png,GATE_ESE_Papers/EC/EC/EC_2024_EC_147.png,EC,2024,EC,147,MCQ,A,1,
EC_2024_EC_148.png,GATE_ESE_Papers/EC/EC/EC_2024_EC_148.png,EC,2024,EC,148,MCQ,A,1,
EC_2024_EC_149.png,GATE_ESE_Papers/EC/EC/EC_2024_EC_149.png,EC,2024,EC,149,MCQ,D,1,
EC_2024_EC_150.png,GATE_ESE_Papers/EC/EC/EC_2024_EC_150.png,EC,2024,EC,150,MCQ,B,1,
EC_2018_ESE_EC_001.png,GATE_ESE_Papers/EC/EC/EC_2018_ESE_EC_001.png,EC,2018,EC,1,MCQ,C,,
EC_2018_ESE_EC_002.png,GATE_ESE_Papers/EC/EC/EC_2018_ESE_EC_002.png,EC,2018,EC,2,MCQ,B,,
EC_2018_ESE_EC_003.png,GATE_ESE_Papers/EC/EC/EC_2018_ESE_EC_003.png,EC,2018,EC,3,MCQ,B,,
EC_2018_ESE_EC_004.png,GATE_ESE_Papers/EC/EC/EC_2018_ESE_EC_004.png,EC,2018,EC,4,MCQ,A,,
EC_2018_ESE_EC_005.png,GATE_ESE_Papers/EC/EC/EC_2018_ESE_EC_005.png,EC,2018,EC,5,MCQ,C,,
EC_2018_ESE_EC_006.png,GATE_ESE_Papers/EC/EC/EC_2018_ESE_EC_006.png,EC,2018,EC,6,MCQ,D,,
EC_2018_ESE_EC_007.png,GATE_ESE_Papers/EC/EC/EC_2018_ESE_EC_007.png,EC,2018,EC,7,MCQ,B,,
EC_2018_ESE_EC_008.png,GATE_ESE_Papers/EC/EC/EC_2018_ESE_EC_008.png,EC,2018,EC,8,MCQ,B,,
EC_2018_ESE_EC_009.png,GATE_ESE_Papers/EC/EC/EC_2018_ESE_EC_009.png,EC,2018,EC,9,MCQ,D,,
EC_2018_ESE_EC_010.png,GATE_ESE_Papers/EC/EC/EC_2018_ESE_EC_010.png,EC,2018,EC,10,MCQ,D,,
EC_2018_ESE_EC_011.png,GATE_ESE_Papers/EC/EC/EC_2018_ESE_EC_011.png,EC,2018,EC,11,MCQ,D,,
EC_2018_ESE_EC_012.png,GATE_ESE_Papers/EC/EC/EC_2018_ESE_EC_012.png,EC,2018,EC,12,MCQ,A,,
EC_2018_ESE_EC_013.png,GATE_ESE_Papers/EC/EC/EC_2018_ESE_EC_013.png,EC,2018,EC,13,MCQ,No option is correct,,
EC_2018_ESE_EC_014.png,GATE_ESE_Papers/EC/EC/EC_2018_ESE_EC_014.png,EC,2018,EC,14,MCQ,D,,
EC_2018_ESE_EC_015.png,GATE_ESE_Papers/EC/EC/EC_2018_ESE_EC_015.png,EC,2018,EC,15,MCQ,C,,
EC_2018_ESE_EC_016.png,GATE_ESE_Papers/EC/EC/EC_2018_ESE_EC_016.png,EC,2018,EC,16,MCQ,D,,
EC_2018_ESE_EC_017.png,GATE_ESE_Papers/EC/EC/EC_2018_ESE_EC_017.png,EC,2018,EC,17,MCQ,C,,
EC_2018_ESE_EC_018.png,GATE_ESE_Papers/EC/EC/EC_2018_ESE_EC_018.png,EC,2018,EC,18,MCQ,D,,
EC_2018_ESE_EC_019.png,GATE_ESE_Papers/EC/EC/EC_2018_ESE_EC_019.png,EC,2018,EC,19,MCQ,C,,
EC_2018_ESE_EC_020.png,GATE_ESE_Papers/EC/EC/EC_2018_ESE_EC_020.png,EC,2018,EC,20,MCQ,C,,
EC_2018_ESE_EC_021.png,GATE_ESE_Papers/EC/EC/EC_2018_ESE_EC_021.png,EC,2018,EC,21,MCQ,C,,
EC_2018_ESE_EC_022.png,GATE_ESE_Papers/EC/EC/EC_2018_ESE_EC_022.png,EC,2018,EC,22,MCQ,A,,
EC_2018_ESE_EC_023.png,GATE_ESE_Papers/EC/EC/EC_2018_ESE_EC_023.png,EC,2018,EC,23,MCQ,D,,
EC_2018_ESE_EC_024.png,GATE_ESE_Papers/EC/EC/EC_2018_ESE_EC_024.png,EC,2018,EC,24,MCQ,C,,
EC_2018_ESE_EC_025.png,GATE_ESE_Papers/EC/EC/EC_2018_ESE_EC_025.png,EC,2018,EC,25,MCQ,B,,
EC_2018_ESE_EC_026.png,GATE_ESE_Papers/EC/EC/EC_2018_ESE_EC_026.png,EC,2018,EC,26,MCQ,D,,
EC_2018_ESE_EC_027.png,GATE_ESE_Papers/EC/EC/EC_2018_ESE_EC_027.png,EC,2018,EC,27,MCQ,D,,
EC_2018_ESE_EC_028.png,GATE_ESE_Papers/EC/EC/EC_2018_ESE_EC_028.png,EC,2018,EC,28,MCQ,C,,
EC_2018_ESE_EC_029.png,GATE_ESE_Papers/EC/EC/EC_2018_ESE_EC_029.png,EC,2018,EC,29,MCQ,C,,
EC_2018_ESE_EC_030.png,GATE_ESE_Papers/EC/EC/EC_2018_ESE_EC_030.png,EC,2018,EC,30,MCQ,B,,
EC_2018_ESE_EC_031.png,GATE_ESE_Papers/EC/EC/EC_2018_ESE_EC_031.png,EC,2018,EC,31,MCQ,A,,
EC_2018_ESE_EC_032.png,GATE_ESE_Papers/EC/EC/EC_2018_ESE_EC_032.png,EC,2018,EC,32,MCQ,D,,
EC_2018_ESE_EC_033.png,GATE_ESE_Papers/EC/EC/EC_2018_ESE_EC_033.png,EC,2018,EC,33,MCQ,D,,
EC_2018_ESE_EC_034.png,GATE_ESE_Papers/EC/EC/EC_2018_ESE_EC_034.png,EC,2018,EC,34,MCQ,D,,
EC_2018_ESE_EC_035.png,GATE_ESE_Papers/EC/EC/EC_2018_ESE_EC_035.png,EC,2018,EC,35,MCQ,B,,
EC_2018_ESE_EC_036.png,GATE_ESE_Papers/EC/EC/EC_2018_ESE_EC_036.png,EC,2018,EC,36,MCQ,UNKNOWN,,
EC_2018_ESE_EC_037.png,GATE_ESE_Papers/EC/EC/EC_2018_ESE_EC_037.png,EC,2018,EC,37,MCQ,C,,
EC_2018_ESE_EC_038.png,GATE_ESE_Papers/EC/EC/EC_2018_ESE_EC_038.png,EC,2018,EC,38,MCQ,D,,
EC_2018_ESE_EC_039.png,GATE_ESE_Papers/EC/EC/EC_2018_ESE_EC_039.png,EC,2018,EC,39,MCQ,B,,
EC_2018_ESE_EC_040.png,GATE_ESE_Papers/EC/EC/EC_2018_ESE_EC_040.png,EC,2018,EC,40,MCQ,C,,
EC_2018_ESE_EC_041.png,GATE_ESE_Papers/EC/EC/EC_2018_ESE_EC_041.png,EC,2018,EC,41,MCQ,A,,
EC_2018_ESE_EC_042.png,GATE_ESE_Papers/EC/EC/EC_2018_ESE_EC_042.png,EC,2018,EC,42,MCQ,C,,
EC_2018_ESE_EC_043.png,GATE_ESE_Papers/EC/EC/EC_2018_ESE_EC_043.png,EC,2018,EC,43,MCQ,B,,
EC_2018_ESE_EC_044.png,GATE_ESE_Papers/EC/EC/EC_2018_ESE_EC_044.png,EC,2018,EC,44,MCQ,C,,
EC_2018_ESE_EC_045.png,GATE_ESE_Papers/EC/EC/EC_2018_ESE_EC_045.png,EC,2018,EC,45,MCQ,C,,
EC_2018_ESE_EC_046.png,GATE_ESE_Papers/EC/EC/EC_2018_ESE_EC_046.png,EC,2018,EC,46,MCQ,D,,
EC_2018_ESE_EC_047.png,GATE_ESE_Papers/EC/EC/EC_2018_ESE_EC_047.png,EC,2018,EC,47,MCQ,B,,
EC_2018_ESE_EC_048.png,GATE_ESE_Papers/EC/EC/EC_2018_ESE_EC_048.png,EC,2018,EC,48,MCQ,A,,
EC_2018_ESE_EC_049.png,GATE_ESE_Papers/EC/EC/EC_2018_ESE_EC_049.png,EC,2018,EC,49,MCQ,D,,
EC_2018_ESE_EC_050.png,GATE_ESE_Papers/EC/EC/EC_2018_ESE_EC_050.png,EC,2018,EC,50,MCQ,C,,
EC_2018_ESE_EC_051.png,GATE_ESE_Papers/EC/EC/EC_2018_ESE_EC_051.png,EC,2018,EC,51,MCQ,A,,
EC_2018_ESE_EC_052.png,GATE_ESE_Papers/EC/EC/EC_2018_ESE_EC_052.png,EC,2018,EC,52,MCQ,C,,
EC_2018_ESE_EC_053.png,GATE_ESE_Papers/EC/EC/EC_2018_ESE_EC_053.png,EC,2018,EC,53,MCQ,A,,
EC_2018_ESE_EC_054.png,GATE_ESE_Papers/EC/EC/EC_2018_ESE_EC_054.png,EC,2018,EC,54,MCQ,C,,
EC_2018_ESE_EC_055.png,GATE_ESE_Papers/EC/EC/EC_2018_ESE_EC_055.png,EC,2018,EC,55,MCQ,A,,
EC_2019_ESE_EC_001.png,GATE_ESE_Papers/EC/EC/EC_2019_ESE_EC_001.png,EC,2019,EC,1,MCQ,A,,
EC_2019_ESE_EC_002.png,GATE_ESE_Papers/EC/EC/EC_2019_ESE_EC_002.png,EC,2019,EC,2,MCQ,A,,
EC_2019_ESE_EC_003.png,GATE_ESE_Papers/EC/EC/EC_2019_ESE_EC_003.png,EC,2019,EC,3,MCQ,C,,
EC_2019_ESE_EC_004.png,GATE_ESE_Papers/EC/EC/EC_2019_ESE_EC_004.png,EC,2019,EC,4,MCQ,A,,
EC_2019_ESE_EC_005.png,GATE_ESE_Papers/EC/EC/EC_2019_ESE_EC_005.png,EC,2019,EC,5,MCQ,A,,
EC_2019_ESE_EC_006.png,GATE_ESE_Papers/EC/EC/EC_2019_ESE_EC_006.png,EC,2019,EC,6,MCQ,C,,
EC_2019_ESE_EC_007.png,GATE_ESE_Papers/EC/EC/EC_2019_ESE_EC_007.png,EC,2019,EC,7,MCQ,A,,
EC_2019_ESE_EC_008.png,GATE_ESE_Papers/EC/EC/EC_2019_ESE_EC_008.png,EC,2019,EC,8,MCQ,A,,
EC_2019_ESE_EC_009.png,GATE_ESE_Papers/EC/EC/EC_2019_ESE_EC_009.png,EC,2019,EC,9,MCQ,B,,
EC_2019_ESE_EC_010.png,GATE_ESE_Papers/EC/EC/EC_2019_ESE_EC_010.png,EC,2019,EC,10,MCQ,B,,
EC_2019_ESE_EC_011.png,GATE_ESE_Papers/EC/EC/EC_2019_ESE_EC_011.png,EC,2019,EC,11,MCQ,D,,
EC_2019_ESE_EC_012.png,GATE_ESE_Papers/EC/EC/EC_2019_ESE_EC_012.png,EC,2019,EC,12,MCQ,A,,
EC_2019_ESE_EC_013.png,GATE_ESE_Papers/EC/EC/EC_2019_ESE_EC_013.png,EC,2019,EC,13,MCQ,A,,
EC_2019_ESE_EC_014.png,GATE_ESE_Papers/EC/EC/EC_2019_ESE_EC_014.png,EC,2019,EC,14,MCQ,C,,
EC_2019_ESE_EC_015.png,GATE_ESE_Papers/EC/EC/EC_2019_ESE_EC_015.png,EC,2019,EC,15,MCQ,B,,
EC_2019_ESE_EC_016.png,GATE_ESE_Papers/EC/EC/EC_2019_ESE_EC_016.png,EC,2019,EC,16,MCQ,A,,
EC_2019_ESE_EC_017.png,GATE_ESE_Papers/EC/EC/EC_2019_ESE_EC_017.png,EC,2019,EC,17,MCQ,D,,
EC_2019_ESE_EC_018.png,GATE_ESE_Papers/EC/EC/EC_2019_ESE_EC_018.png,EC,2019,EC,18,MCQ,D,,
EC_2019_ESE_EC_019.png,GATE_ESE_Papers/EC/EC/EC_2019_ESE_EC_019.png,EC,2019,EC,19,MCQ,C,,
EC_2019_ESE_EC_020.png,GATE_ESE_Papers/EC/EC/EC_2019_ESE_EC_020.png,EC,2019,EC,20,MCQ,C,,
EC_2019_ESE_EC_021.png,GATE_ESE_Papers/EC/EC/EC_2019_ESE_EC_021.png,EC,2019,EC,21,MCQ,A,,
EC_2019_ESE_EC_022.png,GATE_ESE_Papers/EC/EC/EC_2019_ESE_EC_022.png,EC,2019,EC,22,MCQ,B,,
EC_2019_ESE_EC_023.png,GATE_ESE_Papers/EC/EC/EC_2019_ESE_EC_023.png,EC,2019,EC,23,MCQ,A,,
EC_2019_ESE_EC_024.png,GATE_ESE_Papers/EC/EC/EC_2019_ESE_EC_024.png,EC,2019,EC,24,MCQ,B,,
EC_2019_ESE_EC_025.png,GATE_ESE_Papers/EC/EC/EC_2019_ESE_EC_025.png,EC,2019,EC,25,MCQ,A,,
EC_2019_ESE_EC_026.png,GATE_ESE_Papers/EC/EC/EC_2019_ESE_EC_026.png,EC,2019,EC,26,MCQ,A,,
EC_2019_ESE_EC_027.png,GATE_ESE_Papers/EC/EC/EC_2019_ESE_EC_027.png,EC,2019,EC,27,MCQ,A,,
EC_2019_ESE_EC_028.png,GATE_ESE_Papers/EC/EC/EC_2019_ESE_EC_028.png,EC,2019,EC,28,MCQ,A,,
EC_2019_ESE_EC_029.png,GATE_ESE_Papers/EC/EC/EC_2019_ESE_EC_029.png,EC,2019,EC,29,MCQ,B,,
EC_2019_ESE_EC_030.png,GATE_ESE_Papers/EC/EC/EC_2019_ESE_EC_030.png,EC,2019,EC,30,MCQ,B,,
EC_2019_ESE_EC_031.png,GATE_ESE_Papers/EC/EC/EC_2019_ESE_EC_031.png,EC,2019,EC,31,MCQ,A,,
EC_2019_ESE_EC_032.png,GATE_ESE_Papers/EC/EC/EC_2019_ESE_EC_032.png,EC,2019,EC,32,MCQ,*,,
EC_2019_ESE_EC_033.png,GATE_ESE_Papers/EC/EC/EC_2019_ESE_EC_033.png,EC,2019,EC,33,MCQ,B,,
EC_2019_ESE_EC_034.png,GATE_ESE_Papers/EC/EC/EC_2019_ESE_EC_034.png,EC,2019,EC,34,MCQ,A,,
EC_2019_ESE_EC_035.png,GATE_ESE_Papers/EC/EC/EC_2019_ESE_EC_035.png,EC,2019,EC,35,MCQ,B,,
EC_2019_ESE_EC_036.png,GATE_ESE_Papers/EC/EC/EC_2019_ESE_EC_036.png,EC,2019,EC,36,MCQ,D,,
EC_2019_ESE_EC_037.png,GATE_ESE_Papers/EC/EC/EC_2019_ESE_EC_037.png,EC,2019,EC,37,MCQ,B,,
EC_2019_ESE_EC_038.png,GATE_ESE_Papers/EC/EC/EC_2019_ESE_EC_038.png,EC,2019,EC,38,MCQ,A,,
EC_2019_ESE_EC_039.png,GATE_ESE_Papers/EC/EC/EC_2019_ESE_EC_039.png,EC,2019,EC,39,MCQ,B,,
EC_2019_ESE_EC_040.png,GATE_ESE_Papers/EC/EC/EC_2019_ESE_EC_040.png,EC,2019,EC,40,MCQ,C,,
EC_2019_ESE_EC_041.png,GATE_ESE_Papers/EC/EC/EC_2019_ESE_EC_041.png,EC,2019,EC,41,MCQ,D,,
EC_2019_ESE_EC_042.png,GATE_ESE_Papers/EC/EC/EC_2019_ESE_EC_042.png,EC,2019,EC,42,MCQ,C,,
EC_2019_ESE_EC_043.png,GATE_ESE_Papers/EC/EC/EC_2019_ESE_EC_043.png,EC,2019,EC,43,MCQ,A,,
EC_2019_ESE_EC_044.png,GATE_ESE_Papers/EC/EC/EC_2019_ESE_EC_044.png,EC,2019,EC,44,MCQ,C,,
EC_2019_ESE_EC_045.png,GATE_ESE_Papers/EC/EC/EC_2019_ESE_EC_045.png,EC,2019,EC,45,MCQ,C,,
EC_2019_ESE_EC_046.png,GATE_ESE_Papers/EC/EC/EC_2019_ESE_EC_046.png,EC,2019,EC,46,MCQ,C,,
EC_2019_ESE_EC_047.png,GATE_ESE_Papers/EC/EC/EC_2019_ESE_EC_047.png,EC,2019,EC,47,MCQ,A,,
EC_2019_ESE_EC_048.png,GATE_ESE_Papers/EC/EC/EC_2019_ESE_EC_048.png,EC,2019,EC,48,MCQ,B,,
EC_2019_ESE_EC_049.png,GATE_ESE_Papers/EC/EC/EC_2019_ESE_EC_049.png,EC,2019,EC,49,MCQ,B,,
EC_2019_ESE_EC_050.png,GATE_ESE_Papers/EC/EC/EC_2019_ESE_EC_050.png,EC,2019,EC,50,MCQ,D,,
EC_2019_ESE_EC_051.png,GATE_ESE_Papers/EC/EC/EC_2019_ESE_EC_051.png,EC,2019,EC,51,MCQ,C,,
EC_2019_ESE_EC_052.png,GATE_ESE_Papers/EC/EC/EC_2019_ESE_EC_052.png,EC,2019,EC,52,MCQ,D,,
EC_2019_ESE_EC_053.png,GATE_ESE_Papers/EC/EC/EC_2019_ESE_EC_053.png,EC,2019,EC,53,MCQ,D,,
EC_2019_ESE_EC_054.png,GATE_ESE_Papers/EC/EC/EC_2019_ESE_EC_054.png,EC,2019,EC,54,MCQ,C,,
EC_2019_ESE_EC_055.png,GATE_ESE_Papers/EC/EC/EC_2019_ESE_EC_055.png,EC,2019,EC,55,MCQ,A,,
EC_2020_ESE_EC_001.png,GATE_ESE_Papers/EC/EC/EC_2020_ESE_EC_001.png,EC,2020,EC,1,MCQ,C,,
EC_2020_ESE_EC_002.png,GATE_ESE_Papers/EC/EC/EC_2020_ESE_EC_002.png,EC,2020,EC,2,MCQ,B,,
EC_2020_ESE_EC_003.png,GATE_ESE_Papers/EC/EC/EC_2020_ESE_EC_003.png,EC,2020,EC,3,MCQ,A,,
EC_2020_ESE_EC_004.png,GATE_ESE_Papers/EC/EC/EC_2020_ESE_EC_004.png,EC,2020,EC,4,MCQ,A,,
EC_2020_ESE_EC_005.png,GATE_ESE_Papers/EC/EC/EC_2020_ESE_EC_005.png,EC,2020,EC,5,MCQ,A,,
EC_2020_ESE_EC_006.png,GATE_ESE_Papers/EC/EC/EC_2020_ESE_EC_006.png,EC,2020,EC,6,MCQ,A,,
EC_2020_ESE_EC_007.png,GATE_ESE_Papers/EC/EC/EC_2020_ESE_EC_007.png,EC,2020,EC,7,MCQ,C,,
EC_2020_ESE_EC_008.png,GATE_ESE_Papers/EC/EC/EC_2020_ESE_EC_008.png,EC,2020,EC,8,MCQ,C,,
EC_2020_ESE_EC_009.png,GATE_ESE_Papers/EC/EC/EC_2020_ESE_EC_009.png,EC,2020,EC,9,MCQ,C,,
EC_2020_ESE_EC_010.png,GATE_ESE_Papers/EC/EC/EC_2020_ESE_EC_010.png,EC,2020,EC,10,MCQ,A,,
EC_2020_ESE_EC_011.png,GATE_ESE_Papers/EC/EC/EC_2020_ESE_EC_011.png,EC,2020,EC,11,MCQ,A,,
EC_2020_ESE_EC_012.png,GATE_ESE_Papers/EC/EC/EC_2020_ESE_EC_012.png,EC,2020,EC,12,MCQ,C,,
EC_2020_ESE_EC_013.png,GATE_ESE_Papers/EC/EC/EC_2020_ESE_EC_013.png,EC,2020,EC,13,MCQ,B,,
EC_2020_ESE_EC_014.png,GATE_ESE_Papers/EC/EC/EC_2020_ESE_EC_014.png,EC,2020,EC,14,MCQ,A,,
EC_2020_ESE_EC_015.png,GATE_ESE_Papers/EC/EC/EC_2020_ESE_EC_015.png,EC,2020,EC,15,MCQ,A,,
EC_2020_ESE_EC_016.png,GATE_ESE_Papers/EC/EC/EC_2020_ESE_EC_016.png,EC,2020,EC,16,MCQ,B,,
EC_2020_ESE_EC_017.png,GATE_ESE_Papers/EC/EC/EC_2020_ESE_EC_017.png,EC,2020,EC,17,MCQ,C,,
EC_2020_ESE_EC_018.png,GATE_ESE_Papers/EC/EC/EC_2020_ESE_EC_018.png,EC,2020,EC,18,MCQ,D,,
EC_2020_ESE_EC_019.png,GATE_ESE_Papers/EC/EC/EC_2020_ESE_EC_019.png,EC,2020,EC,19,MCQ,B,,
EC_2020_ESE_EC_020.png,GATE_ESE_Papers/EC/EC/EC_2020_ESE_EC_020.png,EC,2020,EC,20,MCQ,D,,
EC_2020_ESE_EC_021.png,GATE_ESE_Papers/EC/EC/EC_2020_ESE_EC_021.png,EC,2020,EC,21,MCQ,D,,
EC_2020_ESE_EC_022.png,GATE_ESE_Papers/EC/EC/EC_2020_ESE_EC_022.png,EC,2020,EC,22,MCQ,D,,
EC_2020_ESE_EC_023.png,GATE_ESE_Papers/EC/EC/EC_2020_ESE_EC_023.png,EC,2020,EC,23,MCQ,D,,
EC_2020_ESE_EC_024.png,GATE_ESE_Papers/EC/EC/EC_2020_ESE_EC_024.png,EC,2020,EC,24,MCQ,C,,
EC_2020_ESE_EC_025.png,GATE_ESE_Papers/EC/EC/EC_2020_ESE_EC_025.png,EC,2020,EC,25,MCQ,A,,
EC_2020_ESE_EC_026.png,GATE_ESE_Papers/EC/EC/EC_2020_ESE_EC_026.png,EC,2020,EC,26,MCQ,D,,
EC_2020_ESE_EC_027.png,GATE_ESE_Papers/EC/EC/EC_2020_ESE_EC_027.png,EC,2020,EC,27,MCQ,C,,
EC_2020_ESE_EC_028.png,GATE_ESE_Papers/EC/EC/EC_2020_ESE_EC_028.png,EC,2020,EC,28,MCQ,A,,
EC_2020_ESE_EC_029.png,GATE_ESE_Papers/EC/EC/EC_2020_ESE_EC_029.png,EC,2020,EC,29,MCQ,B,,
EC_2020_ESE_EC_030.png,GATE_ESE_Papers/EC/EC/EC_2020_ESE_EC_030.png,EC,2020,EC,30,MCQ,D,,
EC_2020_ESE_EC_031.png,GATE_ESE_Papers/EC/EC/EC_2020_ESE_EC_031.png,EC,2020,EC,31,MCQ,D,,
EC_2020_ESE_EC_032.png,GATE_ESE_Papers/EC/EC/EC_2020_ESE_EC_032.png,EC,2020,EC,32,MCQ,D,,
EC_2020_ESE_EC_033.png,GATE_ESE_Papers/EC/EC/EC_2020_ESE_EC_033.png,EC,2020,EC,33,MCQ,D,,
EC_2020_ESE_EC_034.png,GATE_ESE_Papers/EC/EC/EC_2020_ESE_EC_034.png,EC,2020,EC,34,MCQ,B,,
EC_2020_ESE_EC_035.png,GATE_ESE_Papers/EC/EC/EC_2020_ESE_EC_035.png,EC,2020,EC,35,MCQ,A,,
EC_2020_ESE_EC_036.png,GATE_ESE_Papers/EC/EC/EC_2020_ESE_EC_036.png,EC,2020,EC,36,MCQ,B,,
EC_2020_ESE_EC_037.png,GATE_ESE_Papers/EC/EC/EC_2020_ESE_EC_037.png,EC,2020,EC,37,MCQ,D,,
EC_2020_ESE_EC_038.png,GATE_ESE_Papers/EC/EC/EC_2020_ESE_EC_038.png,EC,2020,EC,38,MCQ,B,,
EC_2020_ESE_EC_039.png,GATE_ESE_Papers/EC/EC/EC_2020_ESE_EC_039.png,EC,2020,EC,39,MCQ,A,,
EC_2020_ESE_EC_040.png,GATE_ESE_Papers/EC/EC/EC_2020_ESE_EC_040.png,EC,2020,EC,40,MCQ,B,,
EC_2020_ESE_EC_041.png,GATE_ESE_Papers/EC/EC/EC_2020_ESE_EC_041.png,EC,2020,EC,41,MCQ,B,,
EC_2020_ESE_EC_042.png,GATE_ESE_Papers/EC/EC/EC_2020_ESE_EC_042.png,EC,2020,EC,42,MCQ,C,,
EC_2020_ESE_EC_043.png,GATE_ESE_Papers/EC/EC/EC_2020_ESE_EC_043.png,EC,2020,EC,43,MCQ,A,,
EC_2020_ESE_EC_044.png,GATE_ESE_Papers/EC/EC/EC_2020_ESE_EC_044.png,EC,2020,EC,44,MCQ,D,,
EC_2020_ESE_EC_045.png,GATE_ESE_Papers/EC/EC/EC_2020_ESE_EC_045.png,EC,2020,EC,45,MCQ,A,,
EC_2020_ESE_EC_046.png,GATE_ESE_Papers/EC/EC/EC_2020_ESE_EC_046.png,EC,2020,EC,46,MCQ,B,,
EC_2020_ESE_EC_047.png,GATE_ESE_Papers/EC/EC/EC_2020_ESE_EC_047.png,EC,2020,EC,47,MCQ,A,,
EC_2020_ESE_EC_048.png,GATE_ESE_Papers/EC/EC/EC_2020_ESE_EC_048.png,EC,2020,EC,48,MCQ,B,,
EC_2020_ESE_EC_049.png,GATE_ESE_Papers/EC/EC/EC_2020_ESE_EC_049.png,EC,2020,EC,49,MCQ,D,,
EC_2020_ESE_EC_050.png,GATE_ESE_Papers/EC/EC/EC_2020_ESE_EC_050.png,EC,2020,EC,50,MCQ,A,,
EC_2020_ESE_EC_051.png,GATE_ESE_Papers/EC/EC/EC_2020_ESE_EC_051.png,EC,2020,EC,51,MCQ,B,,
EC_2020_ESE_EC_052.png,GATE_ESE_Papers/EC/EC/EC_2020_ESE_EC_052.png,EC,2020,EC,52,MCQ,C,,
EC_2020_ESE_EC_053.png,GATE_ESE_Papers/EC/EC/EC_2020_ESE_EC_053.png,EC,2020,EC,53,MCQ,A,,
EC_2020_ESE_EC_054.png,GATE_ESE_Papers/EC/EC/EC_2020_ESE_EC_054.png,EC,2020,EC,54,MCQ,B,,
EC_2020_ESE_EC_055.png,GATE_ESE_Papers/EC/EC/EC_2020_ESE_EC_055.png,EC,2020,EC,55,MCQ,D,,
EC_2021_ESE_EC_001.png,GATE_ESE_Papers/EC/EC/EC_2021_ESE_EC_001.png,EC,2021,EC,1,MCQ,C,,
EC_2021_ESE_EC_002.png,GATE_ESE_Papers/EC/EC/EC_2021_ESE_EC_002.png,EC,2021,EC,2,MCQ,A,,
EC_2021_ESE_EC_003.png,GATE_ESE_Papers/EC/EC/EC_2021_ESE_EC_003.png,EC,2021,EC,3,MCQ,C,,
EC_2021_ESE_EC_004.png,GATE_ESE_Papers/EC/EC/EC_2021_ESE_EC_004.png,EC,2021,EC,4,MCQ,A,,
EC_2021_ESE_EC_005.png,GATE_ESE_Papers/EC/EC/EC_2021_ESE_EC_005.png,EC,2021,EC,5,MCQ,B,,
EC_2021_ESE_EC_006.png,GATE_ESE_Papers/EC/EC/EC_2021_ESE_EC_006.png,EC,2021,EC,6,MCQ,B,,
EC_2021_ESE_EC_007.png,GATE_ESE_Papers/EC/EC/EC_2021_ESE_EC_007.png,EC,2021,EC,7,MCQ,C,,
EC_2021_ESE_EC_008.png,GATE_ESE_Papers/EC/EC/EC_2021_ESE_EC_008.png,EC,2021,EC,8,MCQ,A,,
EC_2021_ESE_EC_009.png,GATE_ESE_Papers/EC/EC/EC_2021_ESE_EC_009.png,EC,2021,EC,9,MCQ,B,,
EC_2021_ESE_EC_010.png,GATE_ESE_Papers/EC/EC/EC_2021_ESE_EC_010.png,EC,2021,EC,10,MCQ,D,,
EC_2021_ESE_EC_011.png,GATE_ESE_Papers/EC/EC/EC_2021_ESE_EC_011.png,EC,2021,EC,11,MCQ,B,,
EC_2021_ESE_EC_012.png,GATE_ESE_Papers/EC/EC/EC_2021_ESE_EC_012.png,EC,2021,EC,12,MCQ,B,,
EC_2021_ESE_EC_013.png,GATE_ESE_Papers/EC/EC/EC_2021_ESE_EC_013.png,EC,2021,EC,13,MCQ,D,,
EC_2021_ESE_EC_014.png,GATE_ESE_Papers/EC/EC/EC_2021_ESE_EC_014.png,EC,2021,EC,14,MCQ,A,,
EC_2021_ESE_EC_015.png,GATE_ESE_Papers/EC/EC/EC_2021_ESE_EC_015.png,EC,2021,EC,15,MCQ,B,,
EC_2021_ESE_EC_016.png,GATE_ESE_Papers/EC/EC/EC_2021_ESE_EC_016.png,EC,2021,EC,16,MCQ,A,,
EC_2021_ESE_EC_017.png,GATE_ESE_Papers/EC/EC/EC_2021_ESE_EC_017.png,EC,2021,EC,17,MCQ,B,,
EC_2021_ESE_EC_018.png,GATE_ESE_Papers/EC/EC/EC_2021_ESE_EC_018.png,EC,2021,EC,18,MCQ,A,,
EC_2021_ESE_EC_019.png,GATE_ESE_Papers/EC/EC/EC_2021_ESE_EC_019.png,EC,2021,EC,19,MCQ,C,,
EC_2021_ESE_EC_020.png,GATE_ESE_Papers/EC/EC/EC_2021_ESE_EC_020.png,EC,2021,EC,20,MCQ,D,,
EC_2021_ESE_EC_021.png,GATE_ESE_Papers/EC/EC/EC_2021_ESE_EC_021.png,EC,2021,EC,21,MCQ,B,,
EC_2021_ESE_EC_022.png,GATE_ESE_Papers/EC/EC/EC_2021_ESE_EC_022.png,EC,2021,EC,22,MCQ,A,,
EC_2021_ESE_EC_023.png,GATE_ESE_Papers/EC/EC/EC_2021_ESE_EC_023.png,EC,2021,EC,23,MCQ,A,,
EC_2021_ESE_EC_024.png,GATE_ESE_Papers/EC/EC/EC_2021_ESE_EC_024.png,EC,2021,EC,24,MCQ,C,,
EC_2021_ESE_EC_025.png,GATE_ESE_Papers/EC/EC/EC_2021_ESE_EC_025.png,EC,2021,EC,25,MCQ,D,,
EC_2021_ESE_EC_026.png,GATE_ESE_Papers/EC/EC/EC_2021_ESE_EC_026.png,EC,2021,EC,26,MCQ,C,,
EC_2021_ESE_EC_027.png,GATE_ESE_Papers/EC/EC/EC_2021_ESE_EC_027.png,EC,2021,EC,27,MCQ,B,,
EC_2021_ESE_EC_028.png,GATE_ESE_Papers/EC/EC/EC_2021_ESE_EC_028.png,EC,2021,EC,28,MCQ,A,,
EC_2021_ESE_EC_029.png,GATE_ESE_Papers/EC/EC/EC_2021_ESE_EC_029.png,EC,2021,EC,29,MCQ,A,,
EC_2021_ESE_EC_030.png,GATE_ESE_Papers/EC/EC/EC_2021_ESE_EC_030.png,EC,2021,EC,30,MCQ,A,,
EC_2021_ESE_EC_031.png,GATE_ESE_Papers/EC/EC/EC_2021_ESE_EC_031.png,EC,2021,EC,31,MCQ,A,,
EC_2021_ESE_EC_032.png,GATE_ESE_Papers/EC/EC/EC_2021_ESE_EC_032.png,EC,2021,EC,32,MCQ,D,,
EC_2021_ESE_EC_033.png,GATE_ESE_Papers/EC/EC/EC_2021_ESE_EC_033.png,EC,2021,EC,33,MCQ,A,,
EC_2021_ESE_EC_034.png,GATE_ESE_Papers/EC/EC/EC_2021_ESE_EC_034.png,EC,2021,EC,34,MCQ,B,,
EC_2021_ESE_EC_035.png,GATE_ESE_Papers/EC/EC/EC_2021_ESE_EC_035.png,EC,2021,EC,35,MCQ,B,,
EC_2021_ESE_EC_036.png,GATE_ESE_Papers/EC/EC/EC_2021_ESE_EC_036.png,EC,2021,EC,36,MCQ,B,,
EC_2021_ESE_EC_037.png,GATE_ESE_Papers/EC/EC/EC_2021_ESE_EC_037.png,EC,2021,EC,37,MCQ,D,,
EC_2021_ESE_EC_038.png,GATE_ESE_Papers/EC/EC/EC_2021_ESE_EC_038.png,EC,2021,EC,38,MCQ,B,,
EC_2021_ESE_EC_039.png,GATE_ESE_Papers/EC/EC/EC_2021_ESE_EC_039.png,EC,2021,EC,39,MCQ,B,,
EC_2021_ESE_EC_040.png,GATE_ESE_Papers/EC/EC/EC_2021_ESE_EC_040.png,EC,2021,EC,40,MCQ,D,,
EC_2021_ESE_EC_041.png,GATE_ESE_Papers/EC/EC/EC_2021_ESE_EC_041.png,EC,2021,EC,41,MCQ,B,,
EC_2021_ESE_EC_042.png,GATE_ESE_Papers/EC/EC/EC_2021_ESE_EC_042.png,EC,2021,EC,42,MCQ,A,,
EC_2021_ESE_EC_043.png,GATE_ESE_Papers/EC/EC/EC_2021_ESE_EC_043.png,EC,2021,EC,43,MCQ,A,,
EC_2021_ESE_EC_044.png,GATE_ESE_Papers/EC/EC/EC_2021_ESE_EC_044.png,EC,2021,EC,44,MCQ,B,,
EC_2021_ESE_EC_045.png,GATE_ESE_Papers/EC/EC/EC_2021_ESE_EC_045.png,EC,2021,EC,45,MCQ,D,,
EC_2021_ESE_EC_046.png,GATE_ESE_Papers/EC/EC/EC_2021_ESE_EC_046.png,EC,2021,EC,46,MCQ,A,,
EC_2021_ESE_EC_047.png,GATE_ESE_Papers/EC/EC/EC_2021_ESE_EC_047.png,EC,2021,EC,47,MCQ,B,,
EC_2021_ESE_EC_048.png,GATE_ESE_Papers/EC/EC/EC_2021_ESE_EC_048.png,EC,2021,EC,48,MCQ,C,,
EC_2021_ESE_EC_049.png,GATE_ESE_Papers/EC/EC/EC_2021_ESE_EC_049.png,EC,2021,EC,49,MCQ,C,,
EC_2021_ESE_EC_050.png,GATE_ESE_Papers/EC/EC/EC_2021_ESE_EC_050.png,EC,2021,EC,50,MCQ,C,,
EC_2021_ESE_EC_051.png,GATE_ESE_Papers/EC/EC/EC_2021_ESE_EC_051.png,EC,2021,EC,51,MCQ,B,,
EC_2021_ESE_EC_052.png,GATE_ESE_Papers/EC/EC/EC_2021_ESE_EC_052.png,EC,2021,EC,52,MCQ,D,,
EC_2021_ESE_EC_053.png,GATE_ESE_Papers/EC/EC/EC_2021_ESE_EC_053.png,EC,2021,EC,53,MCQ,*,,
EC_2021_ESE_EC_054.png,GATE_ESE_Papers/EC/EC/EC_2021_ESE_EC_054.png,EC,2021,EC,54,MCQ,D,,
EC_2021_ESE_EC_055.png,GATE_ESE_Papers/EC/EC/EC_2021_ESE_EC_055.png,EC,2021,EC,55,MCQ,C,,
EC_2022_ESE_EC_001.png,GATE_ESE_Papers/EC/EC/EC_2022_ESE_EC_001.png,EC,2022,EC,1,MCQ,C,,
EC_2022_ESE_EC_002.png,GATE_ESE_Papers/EC/EC/EC_2022_ESE_EC_002.png,EC,2022,EC,2,MCQ,A,,
EC_2022_ESE_EC_003.png,GATE_ESE_Papers/EC/EC/EC_2022_ESE_EC_003.png,EC,2022,EC,3,MCQ,C,,
EC_2022_ESE_EC_004.png,GATE_ESE_Papers/EC/EC/EC_2022_ESE_EC_004.png,EC,2022,EC,4,MCQ,B,,
EC_2022_ESE_EC_005.png,GATE_ESE_Papers/EC/EC/EC_2022_ESE_EC_005.png,EC,2022,EC,5,MCQ,C,,
EC_2022_ESE_EC_006.png,GATE_ESE_Papers/EC/EC/EC_2022_ESE_EC_006.png,EC,2022,EC,6,MCQ,C,,
EC_2022_ESE_EC_007.png,GATE_ESE_Papers/EC/EC/EC_2022_ESE_EC_007.png,EC,2022,EC,7,MCQ,A,,
EC_2022_ESE_EC_008.png,GATE_ESE_Papers/EC/EC/EC_2022_ESE_EC_008.png,EC,2022,EC,8,MCQ,B,,
EC_2022_ESE_EC_009.png,GATE_ESE_Papers/EC/EC/EC_2022_ESE_EC_009.png,EC,2022,EC,9,MCQ,C,,
EC_2022_ESE_EC_010.png,GATE_ESE_Papers/EC/EC/EC_2022_ESE_EC_010.png,EC,2022,EC,10,MCQ,D,,
EC_2022_ESE_EC_011.png,GATE_ESE_Papers/EC/EC/EC_2022_ESE_EC_011.png,EC,2022,EC,11,MCQ,D,,
EC_2022_ESE_EC_012.png,GATE_ESE_Papers/EC/EC/EC_2022_ESE_EC_012.png,EC,2022,EC,12,MCQ,C,,
EC_2022_ESE_EC_013.png,GATE_ESE_Papers/EC/EC/EC_2022_ESE_EC_013.png,EC,2022,EC,13,MCQ,D,,
EC_2022_ESE_EC_014.png,GATE_ESE_Papers/EC/EC/EC_2022_ESE_EC_014.png,EC,2022,EC,14,MCQ,A,,
EC_2022_ESE_EC_015.png,GATE_ESE_Papers/EC/EC/EC_2022_ESE_EC_015.png,EC,2022,EC,15,MCQ,A,,
EC_2022_ESE_EC_016.png,GATE_ESE_Papers/EC/EC/EC_2022_ESE_EC_016.png,EC,2022,EC,16,MCQ,C,,
EC_2022_ESE_EC_017.png,GATE_ESE_Papers/EC/EC/EC_2022_ESE_EC_017.png,EC,2022,EC,17,MCQ,B,,
EC_2022_ESE_EC_018.png,GATE_ESE_Papers/EC/EC/EC_2022_ESE_EC_018.png,EC,2022,EC,18,MCQ,C,,
EC_2022_ESE_EC_019.png,GATE_ESE_Papers/EC/EC/EC_2022_ESE_EC_019.png,EC,2022,EC,19,MCQ,C,,
EC_2022_ESE_EC_020.png,GATE_ESE_Papers/EC/EC/EC_2022_ESE_EC_020.png,EC,2022,EC,20,MCQ,B,,
EC_2022_ESE_EC_021.png,GATE_ESE_Papers/EC/EC/EC_2022_ESE_EC_021.png,EC,2022,EC,21,MCQ,B,,
EC_2022_ESE_EC_022.png,GATE_ESE_Papers/EC/EC/EC_2022_ESE_EC_022.png,EC,2022,EC,22,MCQ,C,,
EC_2022_ESE_EC_023.png,GATE_ESE_Papers/EC/EC/EC_2022_ESE_EC_023.png,EC,2022,EC,23,MCQ,C,,
EC_2022_ESE_EC_024.png,GATE_ESE_Papers/EC/EC/EC_2022_ESE_EC_024.png,EC,2022,EC,24,MCQ,D,,
EC_2022_ESE_EC_025.png,GATE_ESE_Papers/EC/EC/EC_2022_ESE_EC_025.png,EC,2022,EC,25,MCQ,C,,
EC_2022_ESE_EC_026.png,GATE_ESE_Papers/EC/EC/EC_2022_ESE_EC_026.png,EC,2022,EC,26,MCQ,A,,
EC_2022_ESE_EC_027.png,GATE_ESE_Papers/EC/EC/EC_2022_ESE_EC_027.png,EC,2022,EC,27,MCQ,B,,
EC_2022_ESE_EC_028.png,GATE_ESE_Papers/EC/EC/EC_2022_ESE_EC_028.png,EC,2022,EC,28,MCQ,C,,
EC_2022_ESE_EC_029.png,GATE_ESE_Papers/EC/EC/EC_2022_ESE_EC_029.png,EC,2022,EC,29,MCQ,A,,
EC_2022_ESE_EC_030.png,GATE_ESE_Papers/EC/EC/EC_2022_ESE_EC_030.png,EC,2022,EC,30,MCQ,C,,
EC_2022_ESE_EC_031.png,GATE_ESE_Papers/EC/EC/EC_2022_ESE_EC_031.png,EC,2022,EC,31,MCQ,B,,
EC_2022_ESE_EC_032.png,GATE_ESE_Papers/EC/EC/EC_2022_ESE_EC_032.png,EC,2022,EC,32,MCQ,B,,
EC_2022_ESE_EC_033.png,GATE_ESE_Papers/EC/EC/EC_2022_ESE_EC_033.png,EC,2022,EC,33,MCQ,B,,
EC_2022_ESE_EC_034.png,GATE_ESE_Papers/EC/EC/EC_2022_ESE_EC_034.png,EC,2022,EC,34,MCQ,A,,
EC_2022_ESE_EC_035.png,GATE_ESE_Papers/EC/EC/EC_2022_ESE_EC_035.png,EC,2022,EC,35,MCQ,A,,
EC_2022_ESE_EC_036.png,GATE_ESE_Papers/EC/EC/EC_2022_ESE_EC_036.png,EC,2022,EC,36,MCQ,A,,
EC_2022_ESE_EC_037.png,GATE_ESE_Papers/EC/EC/EC_2022_ESE_EC_037.png,EC,2022,EC,37,MCQ,C,,
EC_2022_ESE_EC_038.png,GATE_ESE_Papers/EC/EC/EC_2022_ESE_EC_038.png,EC,2022,EC,38,MCQ,A,,
EC_2022_ESE_EC_039.png,GATE_ESE_Papers/EC/EC/EC_2022_ESE_EC_039.png,EC,2022,EC,39,MCQ,A,,
EC_2022_ESE_EC_040.png,GATE_ESE_Papers/EC/EC/EC_2022_ESE_EC_040.png,EC,2022,EC,40,MCQ,A,,
EC_2022_ESE_EC_041.png,GATE_ESE_Papers/EC/EC/EC_2022_ESE_EC_041.png,EC,2022,EC,41,MCQ,B,,
EC_2022_ESE_EC_042.png,GATE_ESE_Papers/EC/EC/EC_2022_ESE_EC_042.png,EC,2022,EC,42,MCQ,*,,
EC_2022_ESE_EC_043.png,GATE_ESE_Papers/EC/EC/EC_2022_ESE_EC_043.png,EC,2022,EC,43,MCQ,C,,
EC_2022_ESE_EC_044.png,GATE_ESE_Papers/EC/EC/EC_2022_ESE_EC_044.png,EC,2022,EC,44,MCQ,D,,
EC_2022_ESE_EC_045.png,GATE_ESE_Papers/EC/EC/EC_2022_ESE_EC_045.png,EC,2022,EC,45,MCQ,C,,
EC_2022_ESE_EC_046.png,GATE_ESE_Papers/EC/EC/EC_2022_ESE_EC_046.png,EC,2022,EC,46,MCQ,C,,
EC_2022_ESE_EC_047.png,GATE_ESE_Papers/EC/EC/EC_2022_ESE_EC_047.png,EC,2022,EC,47,MCQ,C,,
EC_2022_ESE_EC_048.png,GATE_ESE_Papers/EC/EC/EC_2022_ESE_EC_048.png,EC,2022,EC,48,MCQ,A,,
EC_2022_ESE_EC_049.png,GATE_ESE_Papers/EC/EC/EC_2022_ESE_EC_049.png,EC,2022,EC,49,MCQ,D,,
EC_2022_ESE_EC_050.png,GATE_ESE_Papers/EC/EC/EC_2022_ESE_EC_050.png,EC,2022,EC,50,MCQ,C,,
EC_2022_ESE_EC_051.png,GATE_ESE_Papers/EC/EC/EC_2022_ESE_EC_051.png,EC,2022,EC,51,MCQ,B,,
EC_2022_ESE_EC_052.png,GATE_ESE_Papers/EC/EC/EC_2022_ESE_EC_052.png,EC,2022,EC,52,MCQ,*,,
EC_2022_ESE_EC_053.png,GATE_ESE_Papers/EC/EC/EC_2022_ESE_EC_053.png,EC,2022,EC,53,MCQ,B,,
EC_2022_ESE_EC_054.png,GATE_ESE_Papers/EC/EC/EC_2022_ESE_EC_054.png,EC,2022,EC,54,MCQ,C,,
EC_2022_ESE_EC_055.png,GATE_ESE_Papers/EC/EC/EC_2022_ESE_EC_055.png,EC,2022,EC,55,MCQ,D,,
EC_2023_ESE_EC_001.png,GATE_ESE_Papers/EC/EC/EC_2023_ESE_EC_001.png,EC,2023,EC,1,MCQ,UNKNOWN,,
EC_2023_ESE_EC_002.png,GATE_ESE_Papers/EC/EC/EC_2023_ESE_EC_002.png,EC,2023,EC,2,MCQ,UNKNOWN,,
EC_2023_ESE_EC_003.png,GATE_ESE_Papers/EC/EC/EC_2023_ESE_EC_003.png,EC,2023,EC,3,MCQ,UNKNOWN,,
EC_2023_ESE_EC_004.png,GATE_ESE_Papers/EC/EC/EC_2023_ESE_EC_004.png,EC,2023,EC,4,MCQ,UNKNOWN,,
EC_2023_ESE_EC_005.png,GATE_ESE_Papers/EC/EC/EC_2023_ESE_EC_005.png,EC,2023,EC,5,MCQ,UNKNOWN,,
EC_2023_ESE_EC_006.png,GATE_ESE_Papers/EC/EC/EC_2023_ESE_EC_006.png,EC,2023,EC,6,MCQ,UNKNOWN,,
EC_2023_ESE_EC_007.png,GATE_ESE_Papers/EC/EC/EC_2023_ESE_EC_007.png,EC,2023,EC,7,MCQ,UNKNOWN,,
EC_2023_ESE_EC_008.png,GATE_ESE_Papers/EC/EC/EC_2023_ESE_EC_008.png,EC,2023,EC,8,MCQ,UNKNOWN,,
EC_2023_ESE_EC_009.png,GATE_ESE_Papers/EC/EC/EC_2023_ESE_EC_009.png,EC,2023,EC,9,MCQ,UNKNOWN,,
EC_2023_ESE_EC_010.png,GATE_ESE_Papers/EC/EC/EC_2023_ESE_EC_010.png,EC,2023,EC,10,MCQ,UNKNOWN,,
EC_2023_ESE_EC_011.png,GATE_ESE_Papers/EC/EC/EC_2023_ESE_EC_011.png,EC,2023,EC,11,MCQ,UNKNOWN,,
EC_2023_ESE_EC_012.png,GATE_ESE_Papers/EC/EC/EC_2023_ESE_EC_012.png,EC,2023,EC,12,MCQ,UNKNOWN,,
EC_2023_ESE_EC_013.png,GATE_ESE_Papers/EC/EC/EC_2023_ESE_EC_013.png,EC,2023,EC,13,MCQ,UNKNOWN,,
EC_2023_ESE_EC_014.png,GATE_ESE_Papers/EC/EC/EC_2023_ESE_EC_014.png,EC,2023,EC,14,MCQ,UNKNOWN,,
EC_2023_ESE_EC_015.png,GATE_ESE_Papers/EC/EC/EC_2023_ESE_EC_015.png,EC,2023,EC,15,MCQ,UNKNOWN,,
EC_2023_ESE_EC_016.png,GATE_ESE_Papers/EC/EC/EC_2023_ESE_EC_016.png,EC,2023,EC,16,MCQ,UNKNOWN,,
EC_2023_ESE_EC_017.png,GATE_ESE_Papers/EC/EC/EC_2023_ESE_EC_017.png,EC,2023,EC,17,MCQ,UNKNOWN,,
EC_2023_ESE_EC_018.png,GATE_ESE_Papers/EC/EC/EC_2023_ESE_EC_018.png,EC,2023,EC,18,MCQ,UNKNOWN,,
EC_2023_ESE_EC_019.png,GATE_ESE_Papers/EC/EC/EC_2023_ESE_EC_019.png,EC,2023,EC,19,MCQ,UNKNOWN,,
EC_2023_ESE_EC_020.png,GATE_ESE_Papers/EC/EC/EC_2023_ESE_EC_020.png,EC,2023,EC,20,MCQ,UNKNOWN,,
EC_2023_ESE_EC_021.png,GATE_ESE_Papers/EC/EC/EC_2023_ESE_EC_021.png,EC,2023,EC,21,MCQ,UNKNOWN,,
EC_2023_ESE_EC_022.png,GATE_ESE_Papers/EC/EC/EC_2023_ESE_EC_022.png,EC,2023,EC,22,MCQ,UNKNOWN,,
EC_2023_ESE_EC_023.png,GATE_ESE_Papers/EC/EC/EC_2023_ESE_EC_023.png,EC,2023,EC,23,MCQ,UNKNOWN,,
EC_2023_ESE_EC_024.png,GATE_ESE_Papers/EC/EC/EC_2023_ESE_EC_024.png,EC,2023,EC,24,MCQ,UNKNOWN,,
EC_2023_ESE_EC_025.png,GATE_ESE_Papers/EC/EC/EC_2023_ESE_EC_025.png,EC,2023,EC,25,MCQ,UNKNOWN,,
EC_2023_ESE_EC_026.png,GATE_ESE_Papers/EC/EC/EC_2023_ESE_EC_026.png,EC,2023,EC,26,MCQ,UNKNOWN,,
EC_2023_ESE_EC_027.png,GATE_ESE_Papers/EC/EC/EC_2023_ESE_EC_027.png,EC,2023,EC,27,MCQ,UNKNOWN,,
EC_2023_ESE_EC_028.png,GATE_ESE_Papers/EC/EC/EC_2023_ESE_EC_028.png,EC,2023,EC,28,MCQ,UNKNOWN,,
EC_2023_ESE_EC_029.png,GATE_ESE_Papers/EC/EC/EC_2023_ESE_EC_029.png,EC,2023,EC,29,MCQ,UNKNOWN,,
EC_2023_ESE_EC_030.png,GATE_ESE_Papers/EC/EC/EC_2023_ESE_EC_030.png,EC,2023,EC,30,MCQ,UNKNOWN,,
EC_2023_ESE_EC_031.png,GATE_ESE_Papers/EC/EC/EC_2023_ESE_EC_031.png,EC,2023,EC,31,MCQ,UNKNOWN,,
EC_2023_ESE_EC_032.png,GATE_ESE_Papers/EC/EC/EC_2023_ESE_EC_032.png,EC,2023,EC,32,MCQ,UNKNOWN,,
EC_2023_ESE_EC_033.png,GATE_ESE_Papers/EC/EC/EC_2023_ESE_EC_033.png,EC,2023,EC,33,MCQ,UNKNOWN,,
EC_2023_ESE_EC_034.png,GATE_ESE_Papers/EC/EC/EC_2023_ESE_EC_034.png,EC,2023,EC,34,MCQ,UNKNOWN,,
EC_2023_ESE_EC_035.png,GATE_ESE_Papers/EC/EC/EC_2023_ESE_EC_035.png,EC,2023,EC,35,MCQ,UNKNOWN,,
EC_2023_ESE_EC_036.png,GATE_ESE_Papers/EC/EC/EC_2023_ESE_EC_036.png,EC,2023,EC,36,MCQ,UNKNOWN,,
EC_2023_ESE_EC_037.png,GATE_ESE_Papers/EC/EC/EC_2023_ESE_EC_037.png,EC,2023,EC,37,MCQ,UNKNOWN,,
EC_2023_ESE_EC_038.png,GATE_ESE_Papers/EC/EC/EC_2023_ESE_EC_038.png,EC,2023,EC,38,MCQ,UNKNOWN,,
EC_2023_ESE_EC_039.png,GATE_ESE_Papers/EC/EC/EC_2023_ESE_EC_039.png,EC,2023,EC,39,MCQ,UNKNOWN,,
EC_2023_ESE_EC_040.png,GATE_ESE_Papers/EC/EC/EC_2023_ESE_EC_040.png,EC,2023,EC,40,MCQ,UNKNOWN,,
EC_2023_ESE_EC_041.png,GATE_ESE_Papers/EC/EC/EC_2023_ESE_EC_041.png,EC,2023,EC,41,MCQ,UNKNOWN,,
EC_2023_ESE_EC_042.png,GATE_ESE_Papers/EC/EC/EC_2023_ESE_EC_042.png,EC,2023,EC,42,MCQ,UNKNOWN,,
EC_2023_ESE_EC_043.png,GATE_ESE_Papers/EC/EC/EC_2023_ESE_EC_043.png,EC,2023,EC,43,MCQ,UNKNOWN,,
EC_2023_ESE_EC_044.png,GATE_ESE_Papers/EC/EC/EC_2023_ESE_EC_044.png,EC,2023,EC,44,MCQ,UNKNOWN,,
EC_2023_ESE_EC_045.png,GATE_ESE_Papers/EC/EC/EC_2023_ESE_EC_045.png,EC,2023,EC,45,MCQ,UNKNOWN,,
EC_2023_ESE_EC_046.png,GATE_ESE_Papers/EC/EC/EC_2023_ESE_EC_046.png,EC,2023,EC,46,MCQ,UNKNOWN,,
EC_2023_ESE_EC_047.png,GATE_ESE_Papers/EC/EC/EC_2023_ESE_EC_047.png,EC,2023,EC,47,MCQ,UNKNOWN,,
EC_2023_ESE_EC_048.png,GATE_ESE_Papers/EC/EC/EC_2023_ESE_EC_048.png,EC,2023,EC,48,MCQ,UNKNOWN,,
EC_2023_ESE_EC_049.png,GATE_ESE_Papers/EC/EC/EC_2023_ESE_EC_049.png,EC,2023,EC,49,MCQ,UNKNOWN,,
EC_2023_ESE_EC_050.png,GATE_ESE_Papers/EC/EC/EC_2023_ESE_EC_050.png,EC,2023,EC,50,MCQ,UNKNOWN,,
EC_2023_ESE_EC_051.png,GATE_ESE_Papers/EC/EC/EC_2023_ESE_EC_051.png,EC,2023,EC,51,MCQ,UNKNOWN,,
EC_2023_ESE_EC_052.png,GATE_ESE_Papers/EC/EC/EC_2023_ESE_EC_052.png,EC,2023,EC,52,MCQ,UNKNOWN,,
EC_2023_ESE_EC_053.png,GATE_ESE_Papers/EC/EC/EC_2023_ESE_EC_053.png,EC,2023,EC,53,MCQ,UNKNOWN,,
EC_2023_ESE_EC_054.png,GATE_ESE_Papers/EC/EC/EC_2023_ESE_EC_054.png,EC,2023,EC,54,MCQ,UNKNOWN,,
EC_2023_ESE_EC_055.png,GATE_ESE_Papers/EC/EC/EC_2023_ESE_EC_055.png,EC,2023,EC,55,MCQ,UNKNOWN,,
EC_2024_ESE_EC_001.png,GATE_ESE_Papers/EC/EC/EC_2024_ESE_EC_001.png,EC,2024,EC,1,MCQ,A,,
EC_2024_ESE_EC_002.png,GATE_ESE_Papers/EC/EC/EC_2024_ESE_EC_002.png,EC,2024,EC,2,MCQ,B,,
EC_2024_ESE_EC_003.png,GATE_ESE_Papers/EC/EC/EC_2024_ESE_EC_003.png,EC,2024,EC,3,MCQ,D,,
EC_2024_ESE_EC_004.png,GATE_ESE_Papers/EC/EC/EC_2024_ESE_EC_004.png,EC,2024,EC,4,MCQ,D,,
EC_2024_ESE_EC_005.png,GATE_ESE_Papers/EC/EC/EC_2024_ESE_EC_005.png,EC,2024,EC,5,MCQ,B,,
EC_2024_ESE_EC_006.png,GATE_ESE_Papers/EC/EC/EC_2024_ESE_EC_006.png,EC,2024,EC,6,MCQ,A,,
EC_2024_ESE_EC_007.png,GATE_ESE_Papers/EC/EC/EC_2024_ESE_EC_007.png,EC,2024,EC,7,MCQ,D,,
EC_2024_ESE_EC_008.png,GATE_ESE_Papers/EC/EC/EC_2024_ESE_EC_008.png,EC,2024,EC,8,MCQ,D,,
EC_2024_ESE_EC_009.png,GATE_ESE_Papers/EC/EC/EC_2024_ESE_EC_009.png,EC,2024,EC,9,MCQ,A,,
EC_2024_ESE_EC_010.png,GATE_ESE_Papers/EC/EC/EC_2024_ESE_EC_010.png,EC,2024,EC,10,MCQ,B,,
EC_2024_ESE_EC_011.png,GATE_ESE_Papers/EC/EC/EC_2024_ESE_EC_011.png,EC,2024,EC,11,MCQ,B,,
EC_2024_ESE_EC_012.png,GATE_ESE_Papers/EC/EC/EC_2024_ESE_EC_012.png,EC,2024,EC,12,MCQ,D,,
EC_2024_ESE_EC_013.png,GATE_ESE_Papers/EC/EC/EC_2024_ESE_EC_013.png,EC,2024,EC,13,MCQ,D,,
EC_2024_ESE_EC_014.png,GATE_ESE_Papers/EC/EC/EC_2024_ESE_EC_014.png,EC,2024,EC,14,MCQ,A,,
EC_2024_ESE_EC_015.png,GATE_ESE_Papers/EC/EC/EC_2024_ESE_EC_015.png,EC,2024,EC,15,MCQ,D,,
EC_2024_ESE_EC_016.png,GATE_ESE_Papers/EC/EC/EC_2024_ESE_EC_016.png,EC,2024,EC,16,MCQ,B,,
EC_2024_ESE_EC_017.png,GATE_ESE_Papers/EC/EC/EC_2024_ESE_EC_017.png,EC,2024,EC,17,MCQ,B,,
EC_2024_ESE_EC_018.png,GATE_ESE_Papers/EC/EC/EC_2024_ESE_EC_018.png,EC,2024,EC,18,MCQ,C,,
EC_2024_ESE_EC_019.png,GATE_ESE_Papers/EC/EC/EC_2024_ESE_EC_019.png,EC,2024,EC,19,MCQ,B,,
EC_2024_ESE_EC_020.png,GATE_ESE_Papers/EC/EC/EC_2024_ESE_EC_020.png,EC,2024,EC,20,MCQ,A,,
EC_2024_ESE_EC_021.png,GATE_ESE_Papers/EC/EC/EC_2024_ESE_EC_021.png,EC,2024,EC,21,MCQ,A,,
EC_2024_ESE_EC_022.png,GATE_ESE_Papers/EC/EC/EC_2024_ESE_EC_022.png,EC,2024,EC,22,MCQ,A,,
EC_2024_ESE_EC_023.png,GATE_ESE_Papers/EC/EC/EC_2024_ESE_EC_023.png,EC,2024,EC,23,MCQ,C,,
EC_2024_ESE_EC_024.png,GATE_ESE_Papers/EC/EC/EC_2024_ESE_EC_024.png,EC,2024,EC,24,MCQ,*,,
EC_2024_ESE_EC_025.png,GATE_ESE_Papers/EC/EC/EC_2024_ESE_EC_025.png,EC,2024,EC,25,MCQ,D,,
EC_2024_ESE_EC_026.png,GATE_ESE_Papers/EC/EC/EC_2024_ESE_EC_026.png,EC,2024,EC,26,MCQ,C,,
EC_2024_ESE_EC_027.png,GATE_ESE_Papers/EC/EC/EC_2024_ESE_EC_027.png,EC,2024,EC,27,MCQ,D,,
EC_2024_ESE_EC_028.png,GATE_ESE_Papers/EC/EC/EC_2024_ESE_EC_028.png,EC,2024,EC,28,MCQ,B,,
EC_2024_ESE_EC_029.png,GATE_ESE_Papers/EC/EC/EC_2024_ESE_EC_029.png,EC,2024,EC,29,MCQ,D,,
EC_2024_ESE_EC_030.png,GATE_ESE_Papers/EC/EC/EC_2024_ESE_EC_030.png,EC,2024,EC,30,MCQ,D,,
EC_2024_ESE_EC_031.png,GATE_ESE_Papers/EC/EC/EC_2024_ESE_EC_031.png,EC,2024,EC,31,MCQ,D,,
EC_2024_ESE_EC_032.png,GATE_ESE_Papers/EC/EC/EC_2024_ESE_EC_032.png,EC,2024,EC,32,MCQ,B,,
EC_2024_ESE_EC_033.png,GATE_ESE_Papers/EC/EC/EC_2024_ESE_EC_033.png,EC,2024,EC,33,MCQ,B,,
EC_2024_ESE_EC_034.png,GATE_ESE_Papers/EC/EC/EC_2024_ESE_EC_034.png,EC,2024,EC,34,MCQ,C,,
EC_2024_ESE_EC_035.png,GATE_ESE_Papers/EC/EC/EC_2024_ESE_EC_035.png,EC,2024,EC,35,MCQ,C,,
EC_2024_ESE_EC_036.png,GATE_ESE_Papers/EC/EC/EC_2024_ESE_EC_036.png,EC,2024,EC,36,MCQ,A,,
EC_2024_ESE_EC_037.png,GATE_ESE_Papers/EC/EC/EC_2024_ESE_EC_037.png,EC,2024,EC,37,MCQ,B,,
EC_2024_ESE_EC_038.png,GATE_ESE_Papers/EC/EC/EC_2024_ESE_EC_038.png,EC,2024,EC,38,MCQ,D,,
EC_2024_ESE_EC_039.png,GATE_ESE_Papers/EC/EC/EC_2024_ESE_EC_039.png,EC,2024,EC,39,MCQ,C,,
EC_2024_ESE_EC_040.png,GATE_ESE_Papers/EC/EC/EC_2024_ESE_EC_040.png,EC,2024,EC,40,MCQ,*,,
EC_2024_ESE_EC_041.png,GATE_ESE_Papers/EC/EC/EC_2024_ESE_EC_041.png,EC,2024,EC,41,MCQ,D,,
EC_2024_ESE_EC_042.png,GATE_ESE_Papers/EC/EC/EC_2024_ESE_EC_042.png,EC,2024,EC,42,MCQ,C,,
EC_2024_ESE_EC_043.png,GATE_ESE_Papers/EC/EC/EC_2024_ESE_EC_043.png,EC,2024,EC,43,MCQ,D,,
EC_2024_ESE_EC_044.png,GATE_ESE_Papers/EC/EC/EC_2024_ESE_EC_044.png,EC,2024,EC,44,MCQ,*,,
EC_2024_ESE_EC_045.png,GATE_ESE_Papers/EC/EC/EC_2024_ESE_EC_045.png,EC,2024,EC,45,MCQ,B,,
EC_2024_ESE_EC_046.png,GATE_ESE_Papers/EC/EC/EC_2024_ESE_EC_046.png,EC,2024,EC,46,MCQ,C,,
EC_2024_ESE_EC_047.png,GATE_ESE_Papers/EC/EC/EC_2024_ESE_EC_047.png,EC,2024,EC,47,MSQ,"C,D",,
EC_2024_ESE_EC_048.png,GATE_ESE_Papers/EC/EC/EC_2024_ESE_EC_048.png,EC,2024,EC,48,MCQ,D,,
EC_2024_ESE_EC_049.png,GATE_ESE_Papers/EC/EC/EC_2024_ESE_EC_049.png,EC,2024,EC,49,MCQ,A,,
EC_2024_ESE_EC_050.png,GATE_ESE_Papers/EC/EC/EC_2024_ESE_EC_050.png,EC,2024,EC,50,MCQ,C,,
EC_2024_ESE_EC_051.png,GATE_ESE_Papers/EC/EC/EC_2024_ESE_EC_051.png,EC,2024,EC,51,MCQ,C,,
EC_2024_ESE_EC_052.png,GATE_ESE_Papers/EC/EC/EC_2024_ESE_EC_052.png,EC,2024,EC,52,MCQ,B,,
EC_2024_ESE_EC_053.png,GATE_ESE_Papers/EC/EC/EC_2024_ESE_EC_053.png,EC,2024,EC,53,MCQ,D,,
EC_2024_ESE_EC_054.png,GATE_ESE_Papers/EC/EC/EC_2024_ESE_EC_054.png,EC,2024,EC,54,MCQ,C,,
EC_2024_ESE_EC_055.png,GATE_ESE_Papers/EC/EC/EC_2024_ESE_EC_055.png,EC,2024,EC,55,MCQ,C,,
