image_filename,relative_path,subject,year,section,question_no,question_type,correct_answer,marks,negative_marks
EE_2017_S1_EE_001.png,GATE_ESE_Papers/EE/EE/EE_2017_S1_EE_001.png,EE,2017,EE,1,MCQ,C,1,0.33
EE_2017_S1_EE_002.png,GATE_ESE_Papers/EE/EE/EE_2017_S1_EE_002.png,EE,2017,EE,2,MCQ,D,1,0.33
EE_2017_S1_EE_003.png,GATE_ESE_Papers/EE/EE/EE_2017_S1_EE_003.png,EE,2017,EE,3,MCQ,A,1,0.33
EE_2017_S1_EE_004.png,GATE_ESE_Papers/EE/EE/EE_2017_S1_EE_004.png,EE,2017,EE,4,MCQ,A,1,0.33
EE_2017_S1_EE_005.png,GATE_ESE_Papers/EE/EE/EE_2017_S1_EE_005.png,EE,2017,EE,5,MCQ,D,1,0.33
EE_2017_S1_EE_006.png,GATE_ESE_Papers/EE/EE/EE_2017_S1_EE_006.png,EE,2017,EE,6,MCQ,D,1,0.33
EE_2017_S1_EE_007.png,GATE_ESE_Papers/EE/EE/EE_2017_S1_EE_007.png,EE,2017,EE,7,MCQ,D,1,0.33
EE_2017_S1_EE_008.png,GATE_ESE_Papers/EE/EE/EE_2017_S1_EE_008.png,EE,2017,EE,8,MCQ,C,1,0.33
EE_2017_S1_EE_009.png,GATE_ESE_Papers/EE/EE/EE_2017_S1_EE_009.png,EE,2017,EE,9,MCQ,A,1,0.33
EE_2017_S1_EE_010.png,GATE_ESE_Papers/EE/EE/EE_2017_S1_EE_010.png,EE,2017,EE,10,MCQ,B,1,0.33
EE_2017_S1_EE_011.png,GATE_ESE_Papers/EE/EE/EE_2017_S1_EE_011.png,EE,2017,EE,11,MCQ,D,1,0.33
EE_2017_S1_EE_012.png,GATE_ESE_Papers/EE/EE/EE_2017_S1_EE_012.png,EE,2017,EE,12,MCQ,A,1,0.33
EE_2017_S1_EE_013.png,GATE_ESE_Papers/EE/EE/EE_2017_S1_EE_013.png,EE,2017,EE,13,MCQ,A,1,0.33
EE_2017_S1_EE_014.png,GATE_ESE_Papers/EE/EE/EE_2017_S1_EE_014.png,EE,2017,EE,14,MCQ,B,1,0.33
EE_2017_S1_EE_015.png,GATE_ESE_Papers/EE/EE/EE_2017_S1_EE_015.png,EE,2017,EE,15,MCQ,D,1,0.33
EE_2017_S1_EE_016.png,GATE_ESE_Papers/EE/EE/EE_2017_S1_EE_016.png,EE,2017,EE,16,NAT,Mark to all,1,0
EE_2017_S1_EE_017.png,GATE_ESE_Papers/EE/EE/EE_2017_S1_EE_017.png,EE,2017,EE,17,NAT,0.99 to 1.01,1,0
EE_2017_S1_EE_018.png,GATE_ESE_Papers/EE/EE/EE_2017_S1_EE_018.png,EE,2017,EE,18,NAT,248 to 252,1,0
EE_2017_S1_EE_019.png,GATE_ESE_Papers/EE/EE/EE_2017_S1_EE_019.png,EE,2017,EE,19,NAT,2.9 to 3.1,1,0
EE_2017_S1_EE_020.png,GATE_ESE_Papers/EE/EE/EE_2017_S1_EE_020.png,EE,2017,EE,20,NAT,835 to 842,1,0
EE_2017_S1_EE_021.png,GATE_ESE_Papers/EE/EE/EE_2017_S1_EE_021.png,EE,2017,EE,21,NAT,14 to 14,1,0
EE_2017_S1_EE_022.png,GATE_ESE_Papers/EE/EE/EE_2017_S1_EE_022.png,EE,2017,EE,22,NAT,1.01 to 1.06,1,0
EE_2017_S1_EE_023.png,GATE_ESE_Papers/EE/EE/EE_2017_S1_EE_023.png,EE,2017,EE,23,NAT,4 to 4.1,1,0
EE_2017_S1_EE_024.png,GATE_ESE_Papers/EE/EE/EE_2017_S1_EE_024.png,EE,2017,EE,24,NAT,196 to 200,1,0
EE_2017_S1_EE_025.png,GATE_ESE_Papers/EE/EE/EE_2017_S1_EE_025.png,EE,2017,EE,25,NAT,8.5 to 9.5,1,0
EE_2017_S1_EE_026.png,GATE_ESE_Papers/EE/EE/EE_2017_S1_EE_026.png,EE,2017,EE,26,MCQ,B,2,0.67
EE_2017_S1_EE_027.png,GATE_ESE_Papers/EE/EE/EE_2017_S1_EE_027.png,EE,2017,EE,27,MCQ,A,2,0.67
EE_2017_S1_EE_028.png,GATE_ESE_Papers/EE/EE/EE_2017_S1_EE_028.png,EE,2017,EE,28,MCQ,B,2,0.67
EE_2017_S1_EE_029.png,GATE_ESE_Papers/EE/EE/EE_2017_S1_EE_029.png,EE,2017,EE,29,MCQ,D,2,0.67
EE_2017_S1_EE_030.png,GATE_ESE_Papers/EE/EE/EE_2017_S1_EE_030.png,EE,2017,EE,30,MCQ,B,2,0.67
EE_2017_S1_EE_031.png,GATE_ESE_Papers/EE/EE/EE_2017_S1_EE_031.png,EE,2017,EE,31,MCQ,C,2,0.67
EE_2017_S1_EE_032.png,GATE_ESE_Papers/EE/EE/EE_2017_S1_EE_032.png,EE,2017,EE,32,MCQ,A,2,0.67
EE_2017_S1_EE_033.png,GATE_ESE_Papers/EE/EE/EE_2017_S1_EE_033.png,EE,2017,EE,33,MCQ,D,2,0.67
EE_2017_S1_EE_034.png,GATE_ESE_Papers/EE/EE/EE_2017_S1_EE_034.png,EE,2017,EE,34,MCQ,D,2,0.67
EE_2017_S1_EE_035.png,GATE_ESE_Papers/EE/EE/EE_2017_S1_EE_035.png,EE,2017,EE,35,MCQ,A,2,0.67
EE_2017_S1_EE_036.png,GATE_ESE_Papers/EE/EE/EE_2017_S1_EE_036.png,EE,2017,EE,36,MCQ,D,2,0.67
EE_2017_S1_EE_037.png,GATE_ESE_Papers/EE/EE/EE_2017_S1_EE_037.png,EE,2017,EE,37,MCQ,B,2,0.67
EE_2017_S1_EE_038.png,GATE_ESE_Papers/EE/EE/EE_2017_S1_EE_038.png,EE,2017,EE,38,MCQ,A,2,0.67
EE_2017_S1_EE_039.png,GATE_ESE_Papers/EE/EE/EE_2017_S1_EE_039.png,EE,2017,EE,39,MCQ,B,2,0.67
EE_2017_S1_EE_040.png,GATE_ESE_Papers/EE/EE/EE_2017_S1_EE_040.png,EE,2017,EE,40,MCQ,C,2,0.67
EE_2017_S1_EE_041.png,GATE_ESE_Papers/EE/EE/EE_2017_S1_EE_041.png,EE,2017,EE,41,MCQ,A,2,0.67
EE_2017_S1_EE_042.png,GATE_ESE_Papers/EE/EE/EE_2017_S1_EE_042.png,EE,2017,EE,42,NAT,10 to 10,2,0
EE_2017_S1_EE_043.png,GATE_ESE_Papers/EE/EE/EE_2017_S1_EE_043.png,EE,2017,EE,43,NAT,3 to 3.1,2,0
EE_2017_S1_EE_044.png,GATE_ESE_Papers/EE/EE/EE_2017_S1_EE_044.png,EE,2017,EE,44,NAT,0.65 to 0.75,2,0
EE_2017_S1_EE_045.png,GATE_ESE_Papers/EE/EE/EE_2017_S1_EE_045.png,EE,2017,EE,45,NAT,145 to 155,2,0
EE_2017_S1_EE_046.png,GATE_ESE_Papers/EE/EE/EE_2017_S1_EE_046.png,EE,2017,EE,46,NAT,0.7 to 0.79,2,0
EE_2017_S1_EE_047.png,GATE_ESE_Papers/EE/EE/EE_2017_S1_EE_047.png,EE,2017,EE,47,NAT,9.5 to 12,2,0
EE_2017_S1_EE_048.png,GATE_ESE_Papers/EE/EE/EE_2017_S1_EE_048.png,EE,2017,EE,48,NAT,620 to 630,2,0
EE_2017_S1_EE_049.png,GATE_ESE_Papers/EE/EE/EE_2017_S1_EE_049.png,EE,2017,EE,49,NAT,548 to 552,2,0
EE_2017_S1_EE_050.png,GATE_ESE_Papers/EE/EE/EE_2017_S1_EE_050.png,EE,2017,EE,50,NAT,0.550 to 0.556,2,0
EE_2017_S1_EE_051.png,GATE_ESE_Papers/EE/EE/EE_2017_S1_EE_051.png,EE,2017,EE,51,NAT,0.09 to 0.1,2,0
EE_2017_S1_EE_052.png,GATE_ESE_Papers/EE/EE/EE_2017_S1_EE_052.png,EE,2017,EE,52,NAT,170 to 174,2,0
EE_2017_S1_EE_053.png,GATE_ESE_Papers/EE/EE/EE_2017_S1_EE_053.png,EE,2017,EE,53,NAT,220 to 230,2,0
EE_2017_S1_EE_054.png,GATE_ESE_Papers/EE/EE/EE_2017_S1_EE_054.png,EE,2017,EE,54,NAT,0.1 to 0.1,2,0
EE_2017_S1_EE_055.png,GATE_ESE_Papers/EE/EE/EE_2017_S1_EE_055.png,EE,2017,EE,55,NAT,1.20 to 1.24,2,0
EE_2017_S1_GA_001.png,GATE_ESE_Papers/EE/GA/EE_2017_S1_GA_001.png,EE,2017,GA,1,MCQ,C,1,0.33
EE_2017_S1_GA_002.png,GATE_ESE_Papers/EE/GA/EE_2017_S1_GA_002.png,EE,2017,GA,2,MCQ,D,1,0.33
EE_2017_S1_GA_003.png,GATE_ESE_Papers/EE/GA/EE_2017_S1_GA_003.png,EE,2017,GA,3,MCQ,C,1,0.33
EE_2017_S1_GA_004.png,GATE_ESE_Papers/EE/GA/EE_2017_S1_GA_004.png,EE,2017,GA,4,MCQ,D,1,0.33
EE_2017_S1_GA_005.png,GATE_ESE_Papers/EE/GA/EE_2017_S1_GA_005.png,EE,2017,GA,5,MCQ,C,1,0.33
EE_2017_S1_GA_006.png,GATE_ESE_Papers/EE/GA/EE_2017_S1_GA_006.png,EE,2017,GA,6,MCQ,B,2,0.67
EE_2017_S1_GA_007.png,GATE_ESE_Papers/EE/GA/EE_2017_S1_GA_007.png,EE,2017,GA,7,MCQ,A,2,0.67
EE_2017_S1_GA_008.png,GATE_ESE_Papers/EE/GA/EE_2017_S1_GA_008.png,EE,2017,GA,8,MCQ,B,2,0.67
EE_2017_S1_GA_009.png,GATE_ESE_Papers/EE/GA/EE_2017_S1_GA_009.png,EE,2017,GA,9,MCQ,D,2,0.67
EE_2017_S1_GA_010.png,GATE_ESE_Papers/EE/GA/EE_2017_S1_GA_010.png,EE,2017,GA,10,MCQ,C,2,0.67
EE_2017_S2_EE_001.png,GATE_ESE_Papers/EE/EE/EE_2017_S2_EE_001.png,EE,2017,EE,1,MCQ,A,1,0.33
EE_2017_S2_EE_002.png,GATE_ESE_Papers/EE/EE/EE_2017_S2_EE_002.png,EE,2017,EE,2,MCQ,B,1,0.33
EE_2017_S2_EE_003.png,GATE_ESE_Papers/EE/EE/EE_2017_S2_EE_003.png,EE,2017,EE,3,MCQ,C,1,0.33
EE_2017_S2_EE_004.png,GATE_ESE_Papers/EE/EE/EE_2017_S2_EE_004.png,EE,2017,EE,4,MCQ,B,1,0.33
EE_2017_S2_EE_005.png,GATE_ESE_Papers/EE/EE/EE_2017_S2_EE_005.png,EE,2017,EE,5,MCQ,B,1,0.33
EE_2017_S2_EE_006.png,GATE_ESE_Papers/EE/EE/EE_2017_S2_EE_006.png,EE,2017,EE,6,MCQ,D,1,0.33
EE_2017_S2_EE_007.png,GATE_ESE_Papers/EE/EE/EE_2017_S2_EE_007.png,EE,2017,EE,7,MCQ,A,1,0.33
EE_2017_S2_EE_008.png,GATE_ESE_Papers/EE/EE/EE_2017_S2_EE_008.png,EE,2017,EE,8,MCQ,A,1,0.33
EE_2017_S2_EE_009.png,GATE_ESE_Papers/EE/EE/EE_2017_S2_EE_009.png,EE,2017,EE,9,MCQ,D,1,0.33
EE_2017_S2_EE_010.png,GATE_ESE_Papers/EE/EE/EE_2017_S2_EE_010.png,EE,2017,EE,10,MCQ,C,1,0.33
EE_2017_S2_EE_011.png,GATE_ESE_Papers/EE/EE/EE_2017_S2_EE_011.png,EE,2017,EE,11,MCQ,C,1,0.33
EE_2017_S2_EE_012.png,GATE_ESE_Papers/EE/EE/EE_2017_S2_EE_012.png,EE,2017,EE,12,MCQ,A,1,0.33
EE_2017_S2_EE_013.png,GATE_ESE_Papers/EE/EE/EE_2017_S2_EE_013.png,EE,2017,EE,13,MCQ,B,1,0.33
EE_2017_S2_EE_014.png,GATE_ESE_Papers/EE/EE/EE_2017_S2_EE_014.png,EE,2017,EE,14,MCQ,C,1,0.33
EE_2017_S2_EE_015.png,GATE_ESE_Papers/EE/EE/EE_2017_S2_EE_015.png,EE,2017,EE,15,MCQ,D,1,0.33
EE_2017_S2_EE_016.png,GATE_ESE_Papers/EE/EE/EE_2017_S2_EE_016.png,EE,2017,EE,16,NAT,0 to 0,1,0
EE_2017_S2_EE_017.png,GATE_ESE_Papers/EE/EE/EE_2017_S2_EE_017.png,EE,2017,EE,17,NAT,0.9 to 0.9,1,0
EE_2017_S2_EE_018.png,GATE_ESE_Papers/EE/EE/EE_2017_S2_EE_018.png,EE,2017,EE,18,NAT,40 to 40,1,0
EE_2017_S2_EE_019.png,GATE_ESE_Papers/EE/EE/EE_2017_S2_EE_019.png,EE,2017,EE,19,NAT,7 to 7,1,0
EE_2017_S2_EE_020.png,GATE_ESE_Papers/EE/EE/EE_2017_S2_EE_020.png,EE,2017,EE,20,NAT,5.7 to 5.8,1,0
EE_2017_S2_EE_021.png,GATE_ESE_Papers/EE/EE/EE_2017_S2_EE_021.png,EE,2017,EE,21,NAT,3 to 3,1,0
EE_2017_S2_EE_022.png,GATE_ESE_Papers/EE/EE/EE_2017_S2_EE_022.png,EE,2017,EE,22,NAT,99 to 101,1,0
EE_2017_S2_EE_023.png,GATE_ESE_Papers/EE/EE/EE_2017_S2_EE_023.png,EE,2017,EE,23,NAT,6 to 6,1,0
EE_2017_S2_EE_024.png,GATE_ESE_Papers/EE/EE/EE_2017_S2_EE_024.png,EE,2017,EE,24,NAT,404 to 409,1,0
EE_2017_S2_EE_025.png,GATE_ESE_Papers/EE/EE/EE_2017_S2_EE_025.png,EE,2017,EE,25,NAT,61 to 61,1,0
EE_2017_S2_EE_026.png,GATE_ESE_Papers/EE/EE/EE_2017_S2_EE_026.png,EE,2017,EE,26,MCQ,A,2,0.67
EE_2017_S2_EE_027.png,GATE_ESE_Papers/EE/EE/EE_2017_S2_EE_027.png,EE,2017,EE,27,MCQ,C,2,0.67
EE_2017_S2_EE_028.png,GATE_ESE_Papers/EE/EE/EE_2017_S2_EE_028.png,EE,2017,EE,28,MCQ,A,2,0.67
EE_2017_S2_EE_029.png,GATE_ESE_Papers/EE/EE/EE_2017_S2_EE_029.png,EE,2017,EE,29,MCQ,C,2,0.67
EE_2017_S2_EE_030.png,GATE_ESE_Papers/EE/EE/EE_2017_S2_EE_030.png,EE,2017,EE,30,MCQ,D,2,0.67
EE_2017_S2_EE_031.png,GATE_ESE_Papers/EE/EE/EE_2017_S2_EE_031.png,EE,2017,EE,31,MCQ,B,2,0.67
EE_2017_S2_EE_032.png,GATE_ESE_Papers/EE/EE/EE_2017_S2_EE_032.png,EE,2017,EE,32,MCQ,D,2,0.67
EE_2017_S2_EE_033.png,GATE_ESE_Papers/EE/EE/EE_2017_S2_EE_033.png,EE,2017,EE,33,MCQ,B,2,0.67
EE_2017_S2_EE_034.png,GATE_ESE_Papers/EE/EE/EE_2017_S2_EE_034.png,EE,2017,EE,34,MCQ,B,2,0.67
EE_2017_S2_EE_035.png,GATE_ESE_Papers/EE/EE/EE_2017_S2_EE_035.png,EE,2017,EE,35,MCQ,A,2,0.67
EE_2017_S2_EE_036.png,GATE_ESE_Papers/EE/EE/EE_2017_S2_EE_036.png,EE,2017,EE,36,MCQ,C,2,0.67
EE_2017_S2_EE_037.png,GATE_ESE_Papers/EE/EE/EE_2017_S2_EE_037.png,EE,2017,EE,37,MCQ,D,2,0.67
EE_2017_S2_EE_038.png,GATE_ESE_Papers/EE/EE/EE_2017_S2_EE_038.png,EE,2017,EE,38,MCQ,C,2,0.67
EE_2017_S2_EE_039.png,GATE_ESE_Papers/EE/EE/EE_2017_S2_EE_039.png,EE,2017,EE,39,MCQ,C,2,0.67
EE_2017_S2_EE_040.png,GATE_ESE_Papers/EE/EE/EE_2017_S2_EE_040.png,EE,2017,EE,40,MCQ,C,2,0.67
EE_2017_S2_EE_041.png,GATE_ESE_Papers/EE/EE/EE_2017_S2_EE_041.png,EE,2017,EE,41,MCQ,A,2,0.67
EE_2017_S2_EE_042.png,GATE_ESE_Papers/EE/EE/EE_2017_S2_EE_042.png,EE,2017,EE,42,NAT,1235 to 1250,2,0
EE_2017_S2_EE_043.png,GATE_ESE_Papers/EE/EE/EE_2017_S2_EE_043.png,EE,2017,EE,43,NAT,69 to 71,2,0
EE_2017_S2_EE_044.png,GATE_ESE_Papers/EE/EE/EE_2017_S2_EE_044.png,EE,2017,EE,44,NAT,-15 to -14,2,0
EE_2017_S2_EE_045.png,GATE_ESE_Papers/EE/EE/EE_2017_S2_EE_045.png,EE,2017,EE,45,NAT,37 to 39,2,0
EE_2017_S2_EE_046.png,GATE_ESE_Papers/EE/EE/EE_2017_S2_EE_046.png,EE,2017,EE,46,NAT,1.280 to 1.287,2,0
EE_2017_S2_EE_047.png,GATE_ESE_Papers/EE/EE/EE_2017_S2_EE_047.png,EE,2017,EE,47,NAT,10000 to 10000,2,0
EE_2017_S2_EE_048.png,GATE_ESE_Papers/EE/EE/EE_2017_S2_EE_048.png,EE,2017,EE,48,NAT,0.70 to 0.71,2,0
EE_2017_S2_EE_049.png,GATE_ESE_Papers/EE/EE/EE_2017_S2_EE_049.png,EE,2017,EE,49,NAT,6 to 6,2,0
EE_2017_S2_EE_050.png,GATE_ESE_Papers/EE/EE/EE_2017_S2_EE_050.png,EE,2017,EE,50,NAT,39 to 41,2,0
EE_2017_S2_EE_051.png,GATE_ESE_Papers/EE/EE/EE_2017_S2_EE_051.png,EE,2017,EE,51,NAT,0.271 to 0.301,2,0
EE_2017_S2_EE_052.png,GATE_ESE_Papers/EE/EE/EE_2017_S2_EE_052.png,EE,2017,EE,52,NAT,0.75 to 0.85,2,0
EE_2017_S2_EE_053.png,GATE_ESE_Papers/EE/EE/EE_2017_S2_EE_053.png,EE,2017,EE,53,NAT,395 to 405,2,0
EE_2017_S2_EE_054.png,GATE_ESE_Papers/EE/EE/EE_2017_S2_EE_054.png,EE,2017,EE,54,NAT,12.5 to 12.9,2,0
EE_2017_S2_EE_055.png,GATE_ESE_Papers/EE/EE/EE_2017_S2_EE_055.png,EE,2017,EE,55,NAT,9.50 to 10.50,2,0
EE_2017_S2_GA_001.png,GATE_ESE_Papers/EE/GA/EE_2017_S2_GA_001.png,EE,2017,GA,1,MCQ,D,1,0.33
EE_2017_S2_GA_002.png,GATE_ESE_Papers/EE/GA/EE_2017_S2_GA_002.png,EE,2017,GA,2,MCQ,B,1,0.33
EE_2017_S2_GA_003.png,GATE_ESE_Papers/EE/GA/EE_2017_S2_GA_003.png,EE,2017,GA,3,MCQ,A,1,0.33
EE_2017_S2_GA_004.png,GATE_ESE_Papers/EE/GA/EE_2017_S2_GA_004.png,EE,2017,GA,4,MCQ,B,1,0.33
EE_2017_S2_GA_005.png,GATE_ESE_Papers/EE/GA/EE_2017_S2_GA_005.png,EE,2017,GA,5,MCQ,D,1,0.33
EE_2017_S2_GA_006.png,GATE_ESE_Papers/EE/GA/EE_2017_S2_GA_006.png,EE,2017,GA,6,MCQ,B,2,0.67
EE_2017_S2_GA_007.png,GATE_ESE_Papers/EE/GA/EE_2017_S2_GA_007.png,EE,2017,GA,7,MCQ,B,2,0.67
EE_2017_S2_GA_008.png,GATE_ESE_Papers/EE/GA/EE_2017_S2_GA_008.png,EE,2017,GA,8,MCQ,A,2,0.67
EE_2017_S2_GA_009.png,GATE_ESE_Papers/EE/GA/EE_2017_S2_GA_009.png,EE,2017,GA,9,MCQ,C,2,0.67
EE_2017_S2_GA_010.png,GATE_ESE_Papers/EE/GA/EE_2017_S2_GA_010.png,EE,2017,GA,10,MCQ,C,2,0.67
EE_2018_GA_001.png,GATE_ESE_Papers/EE/GA/EE_2018_GA_001.png,EE,2018,GA,1,MCQ,A,1,0.33
EE_2018_GA_002.png,GATE_ESE_Papers/EE/GA/EE_2018_GA_002.png,EE,2018,GA,2,MCQ,D,1,0.33
EE_2018_GA_003.png,GATE_ESE_Papers/EE/GA/EE_2018_GA_003.png,EE,2018,GA,3,MCQ,D,1,0.33
EE_2018_GA_004.png,GATE_ESE_Papers/EE/GA/EE_2018_GA_004.png,EE,2018,GA,4,MCQ,C,1,0.33
EE_2018_GA_005.png,GATE_ESE_Papers/EE/GA/EE_2018_GA_005.png,EE,2018,GA,5,MCQ,A,1,0.33
EE_2018_GA_006.png,GATE_ESE_Papers/EE/GA/EE_2018_GA_006.png,EE,2018,GA,6,MCQ,C,2,0.67
EE_2018_GA_007.png,GATE_ESE_Papers/EE/GA/EE_2018_GA_007.png,EE,2018,GA,7,MCQ,C,2,0.67
EE_2018_GA_008.png,GATE_ESE_Papers/EE/GA/EE_2018_GA_008.png,EE,2018,GA,8,MCQ,Marks to All,2,0.67
EE_2018_GA_009.png,GATE_ESE_Papers/EE/GA/EE_2018_GA_009.png,EE,2018,GA,9,MCQ,C,2,0.67
EE_2018_GA_010.png,GATE_ESE_Papers/EE/GA/EE_2018_GA_010.png,EE,2018,GA,10,MCQ,C,2,0.67
EE_2018_EE_001.png,GATE_ESE_Papers/EE/EE/EE_2018_EE_001.png,EE,2018,EE,1,MCQ,A,1,0.33
EE_2018_EE_002.png,GATE_ESE_Papers/EE/EE/EE_2018_EE_002.png,EE,2018,EE,2,MCQ,B,1,0.33
EE_2018_EE_003.png,GATE_ESE_Papers/EE/EE/EE_2018_EE_003.png,EE,2018,EE,3,MCQ,C,1,0.33
EE_2018_EE_004.png,GATE_ESE_Papers/EE/EE/EE_2018_EE_004.png,EE,2018,EE,4,MCQ,B,1,0.33
EE_2018_EE_005.png,GATE_ESE_Papers/EE/EE/EE_2018_EE_005.png,EE,2018,EE,5,MCQ,D,1,0.33
EE_2018_EE_006.png,GATE_ESE_Papers/EE/EE/EE_2018_EE_006.png,EE,2018,EE,6,MCQ,B,1,0.33
EE_2018_EE_007.png,GATE_ESE_Papers/EE/EE/EE_2018_EE_007.png,EE,2018,EE,7,MCQ,B,1,0.33
EE_2018_EE_008.png,GATE_ESE_Papers/EE/EE/EE_2018_EE_008.png,EE,2018,EE,8,MCQ,C,1,0.33
EE_2018_EE_009.png,GATE_ESE_Papers/EE/EE/EE_2018_EE_009.png,EE,2018,EE,9,MCQ,C,1,0.33
EE_2018_EE_010.png,GATE_ESE_Papers/EE/EE/EE_2018_EE_010.png,EE,2018,EE,10,MCQ,D,1,0.33
EE_2018_EE_011.png,GATE_ESE_Papers/EE/EE/EE_2018_EE_011.png,EE,2018,EE,11,MCQ,D,1,0.33
EE_2018_EE_012.png,GATE_ESE_Papers/EE/EE/EE_2018_EE_012.png,EE,2018,EE,12,MCQ,A,1,0.33
EE_2018_EE_013.png,GATE_ESE_Papers/EE/EE/EE_2018_EE_013.png,EE,2018,EE,13,MCQ,A,1,0.33
EE_2018_EE_014.png,GATE_ESE_Papers/EE/EE/EE_2018_EE_014.png,EE,2018,EE,14,MCQ,D,1,0.33
EE_2018_EE_015.png,GATE_ESE_Papers/EE/EE/EE_2018_EE_015.png,EE,2018,EE,15,MCQ,B,1,0.33
EE_2018_EE_016.png,GATE_ESE_Papers/EE/EE/EE_2018_EE_016.png,EE,2018,EE,16,MCQ,A,1,0.33
EE_2018_EE_017.png,GATE_ESE_Papers/EE/EE/EE_2018_EE_017.png,EE,2018,EE,17,NAT,5.5 to 5.5,1,0
EE_2018_EE_018.png,GATE_ESE_Papers/EE/EE/EE_2018_EE_018.png,EE,2018,EE,18,NAT,0.49 to 0.51,1,0
EE_2018_EE_019.png,GATE_ESE_Papers/EE/EE/EE_2018_EE_019.png,EE,2018,EE,19,NAT,0.45 to 0.55,1,0
EE_2018_EE_020.png,GATE_ESE_Papers/EE/EE/EE_2018_EE_020.png,EE,2018,EE,20,NAT,7.0 to 7.0,1,0
EE_2018_EE_021.png,GATE_ESE_Papers/EE/EE/EE_2018_EE_021.png,EE,2018,EE,21,NAT,73.0 to 74.0,1,0
EE_2018_EE_022.png,GATE_ESE_Papers/EE/EE/EE_2018_EE_022.png,EE,2018,EE,22,NAT,3500.0 to 3500.0,1,0
EE_2018_EE_023.png,GATE_ESE_Papers/EE/EE/EE_2018_EE_023.png,EE,2018,EE,23,NAT,16.90 to 17.70,1,0
EE_2018_EE_024.png,GATE_ESE_Papers/EE/EE/EE_2018_EE_024.png,EE,2018,EE,24,NAT,600.0 to 600.0,1,0
EE_2018_EE_025.png,GATE_ESE_Papers/EE/EE/EE_2018_EE_025.png,EE,2018,EE,25,NAT,0.65 to 0.69,1,0
EE_2018_EE_026.png,GATE_ESE_Papers/EE/EE/EE_2018_EE_026.png,EE,2018,EE,26,MCQ,D,2,0.67
EE_2018_EE_027.png,GATE_ESE_Papers/EE/EE/EE_2018_EE_027.png,EE,2018,EE,27,MCQ,A,2,0.67
EE_2018_EE_028.png,GATE_ESE_Papers/EE/EE/EE_2018_EE_028.png,EE,2018,EE,28,MCQ,A,2,0.67
EE_2018_EE_029.png,GATE_ESE_Papers/EE/EE/EE_2018_EE_029.png,EE,2018,EE,29,MCQ,C,2,0.67
EE_2018_EE_030.png,GATE_ESE_Papers/EE/EE/EE_2018_EE_030.png,EE,2018,EE,30,MCQ,C,2,0.67
EE_2018_EE_031.png,GATE_ESE_Papers/EE/EE/EE_2018_EE_031.png,EE,2018,EE,31,MCQ,B,2,0.67
EE_2018_EE_032.png,GATE_ESE_Papers/EE/EE/EE_2018_EE_032.png,EE,2018,EE,32,MCQ,A,2,0.67
EE_2018_EE_033.png,GATE_ESE_Papers/EE/EE/EE_2018_EE_033.png,EE,2018,EE,33,MCQ,C,2,0.67
EE_2018_EE_034.png,GATE_ESE_Papers/EE/EE/EE_2018_EE_034.png,EE,2018,EE,34,MCQ,A,2,0.67
EE_2018_EE_035.png,GATE_ESE_Papers/EE/EE/EE_2018_EE_035.png,EE,2018,EE,35,MCQ,B,2,0.67
EE_2018_EE_036.png,GATE_ESE_Papers/EE/EE/EE_2018_EE_036.png,EE,2018,EE,36,MCQ,B,2,0.67
EE_2018_EE_037.png,GATE_ESE_Papers/EE/EE/EE_2018_EE_037.png,EE,2018,EE,37,MCQ,B,2,0.67
EE_2018_EE_038.png,GATE_ESE_Papers/EE/EE/EE_2018_EE_038.png,EE,2018,EE,38,MCQ,A,2,0.67
EE_2018_EE_039.png,GATE_ESE_Papers/EE/EE/EE_2018_EE_039.png,EE,2018,EE,39,MCQ,D,2,0.67
EE_2018_EE_040.png,GATE_ESE_Papers/EE/EE/EE_2018_EE_040.png,EE,2018,EE,40,NAT,9.5 to 10.5,2,0
EE_2018_EE_041.png,GATE_ESE_Papers/EE/EE/EE_2018_EE_041.png,EE,2018,EE,41,NAT,89.0 to 91.5,2,0
EE_2018_EE_042.png,GATE_ESE_Papers/EE/EE/EE_2018_EE_042.png,EE,2018,EE,42,NAT,0.0 to 0.0,2,0
EE_2018_EE_043.png,GATE_ESE_Papers/EE/EE/EE_2018_EE_043.png,EE,2018,EE,43,NAT,11.5 to 12.5,2,0
EE_2018_EE_044.png,GATE_ESE_Papers/EE/EE/EE_2018_EE_044.png,EE,2018,EE,44,NAT,0.9 to 1.1,2,0
EE_2018_EE_045.png,GATE_ESE_Papers/EE/EE/EE_2018_EE_045.png,EE,2018,EE,45,NAT,2.50 to 2.55,2,0
EE_2018_EE_046.png,GATE_ESE_Papers/EE/EE/EE_2018_EE_046.png,EE,2018,EE,46,NAT,8.0 to 8.0,2,0
EE_2018_EE_047.png,GATE_ESE_Papers/EE/EE/EE_2018_EE_047.png,EE,2018,EE,47,NAT,5.70 to 5.85,2,0
EE_2018_EE_048.png,GATE_ESE_Papers/EE/EE/EE_2018_EE_048.png,EE,2018,EE,48,NAT,10.0 to 10.0,2,0
EE_2018_EE_049.png,GATE_ESE_Papers/EE/EE/EE_2018_EE_049.png,EE,2018,EE,49,NAT,90.0 to 90.0,2,0
EE_2018_EE_050.png,GATE_ESE_Papers/EE/EE/EE_2018_EE_050.png,EE,2018,EE,50,NAT,11.50 to 13.50,2,0
EE_2018_EE_051.png,GATE_ESE_Papers/EE/EE/EE_2018_EE_051.png,EE,2018,EE,51,NAT,97.20 to 97.55,2,0
EE_2018_EE_052.png,GATE_ESE_Papers/EE/EE/EE_2018_EE_052.png,EE,2018,EE,52,NAT,823 to 827,2,0
EE_2018_EE_053.png,GATE_ESE_Papers/EE/EE/EE_2018_EE_053.png,EE,2018,EE,53,NAT,12.0 to 12.0,2,0
EE_2018_EE_054.png,GATE_ESE_Papers/EE/EE/EE_2018_EE_054.png,EE,2018,EE,54,NAT,0.104 to 0.112,2,0
EE_2018_EE_055.png,GATE_ESE_Papers/EE/EE/EE_2018_EE_055.png,EE,2018,EE,55,NAT,50.0 to 50.0,2,0
EE_2019_GA_001.png,GATE_ESE_Papers/EE/GA/EE_2019_GA_001.png,EE,2019,GA,1,MCQ,D,1,0.33
EE_2019_GA_002.png,GATE_ESE_Papers/EE/GA/EE_2019_GA_002.png,EE,2019,GA,2,MCQ,C,1,0.33
EE_2019_GA_003.png,GATE_ESE_Papers/EE/GA/EE_2019_GA_003.png,EE,2019,GA,3,MCQ,C,1,0.33
EE_2019_GA_004.png,GATE_ESE_Papers/EE/GA/EE_2019_GA_004.png,EE,2019,GA,4,MCQ,B,1,0.33
EE_2019_GA_005.png,GATE_ESE_Papers/EE/GA/EE_2019_GA_005.png,EE,2019,GA,5,MCQ,D,1,0.33
EE_2019_GA_006.png,GATE_ESE_Papers/EE/GA/EE_2019_GA_006.png,EE,2019,GA,6,MCQ,C,2,0.67
EE_2019_GA_007.png,GATE_ESE_Papers/EE/GA/EE_2019_GA_007.png,EE,2019,GA,7,MCQ,B,2,0.67
EE_2019_GA_008.png,GATE_ESE_Papers/EE/GA/EE_2019_GA_008.png,EE,2019,GA,8,MCQ,A,2,0.67
EE_2019_GA_009.png,GATE_ESE_Papers/EE/GA/EE_2019_GA_009.png,EE,2019,GA,9,MCQ,D,2,0.67
EE_2019_GA_010.png,GATE_ESE_Papers/EE/GA/EE_2019_GA_010.png,EE,2019,GA,10,MCQ,C,2,0.67
EE_2019_EE_001.png,GATE_ESE_Papers/EE/EE/EE_2019_EE_001.png,EE,2019,EE,1,MCQ,C,1,0.33
EE_2019_EE_002.png,GATE_ESE_Papers/EE/EE/EE_2019_EE_002.png,EE,2019,EE,2,MCQ,D,1,0.33
EE_2019_EE_003.png,GATE_ESE_Papers/EE/EE/EE_2019_EE_003.png,EE,2019,EE,3,MCQ,B,1,0.33
EE_2019_EE_004.png,GATE_ESE_Papers/EE/EE/EE_2019_EE_004.png,EE,2019,EE,4,MCQ,B,1,0.33
EE_2019_EE_005.png,GATE_ESE_Papers/EE/EE/EE_2019_EE_005.png,EE,2019,EE,5,MCQ,B,1,0.33
EE_2019_EE_006.png,GATE_ESE_Papers/EE/EE/EE_2019_EE_006.png,EE,2019,EE,6,MCQ,A,1,0.33
EE_2019_EE_007.png,GATE_ESE_Papers/EE/EE/EE_2019_EE_007.png,EE,2019,EE,7,MCQ,C,1,0.33
EE_2019_EE_008.png,GATE_ESE_Papers/EE/EE/EE_2019_EE_008.png,EE,2019,EE,8,MCQ,C,1,0.33
EE_2019_EE_009.png,GATE_ESE_Papers/EE/EE/EE_2019_EE_009.png,EE,2019,EE,9,MCQ,C,1,0.33
EE_2019_EE_010.png,GATE_ESE_Papers/EE/EE/EE_2019_EE_010.png,EE,2019,EE,10,MCQ,C,1,0.33
EE_2019_EE_011.png,GATE_ESE_Papers/EE/EE/EE_2019_EE_011.png,EE,2019,EE,11,MCQ,D,1,0.33
EE_2019_EE_012.png,GATE_ESE_Papers/EE/EE/EE_2019_EE_012.png,EE,2019,EE,12,MCQ,B,1,0.33
EE_2019_EE_013.png,GATE_ESE_Papers/EE/EE/EE_2019_EE_013.png,EE,2019,EE,13,MCQ,A,1,0.33
EE_2019_EE_014.png,GATE_ESE_Papers/EE/EE/EE_2019_EE_014.png,EE,2019,EE,14,MCQ,D,1,
EE_2019_EE_015.png,GATE_ESE_Papers/EE/EE/EE_2019_EE_015.png,EE,2019,EE,15,MCQ,C,1,0.33
EE_2019_EE_016.png,GATE_ESE_Papers/EE/EE/EE_2019_EE_016.png,EE,2019,EE,16,MCQ,B,1,0.33
EE_2019_EE_017.png,GATE_ESE_Papers/EE/EE/EE_2019_EE_017.png,EE,2019,EE,17,MCQ,D,1,0.33
EE_2019_EE_018.png,GATE_ESE_Papers/EE/EE/EE_2019_EE_018.png,EE,2019,EE,18,NAT,139 to 139,1,0
EE_2019_EE_019.png,GATE_ESE_Papers/EE/EE/EE_2019_EE_019.png,EE,2019,EE,19,NAT,1.3 to 1.5,1,0
EE_2019_EE_020.png,GATE_ESE_Papers/EE/EE/EE_2019_EE_020.png,EE,2019,EE,20,NAT,9 to 11,1,0
EE_2019_EE_021.png,GATE_ESE_Papers/EE/EE/EE_2019_EE_021.png,EE,2019,EE,21,NAT,0.095 to 0.105,1,0
EE_2019_EE_022.png,GATE_ESE_Papers/EE/EE/EE_2019_EE_022.png,EE,2019,EE,22,NAT,100 to 100,1,0
EE_2019_EE_023.png,GATE_ESE_Papers/EE/EE/EE_2019_EE_023.png,EE,2019,EE,23,NAT,100 to 100,1,0
EE_2019_EE_024.png,GATE_ESE_Papers/EE/EE/EE_2019_EE_024.png,EE,2019,EE,24,NAT,3 to 3,1,0
EE_2019_EE_025.png,GATE_ESE_Papers/EE/EE/EE_2019_EE_025.png,EE,2019,EE,25,NAT,111.0 to 115.0,1,0
EE_2019_EE_026.png,GATE_ESE_Papers/EE/EE/EE_2019_EE_026.png,EE,2019,EE,26,MCQ,C,2,0.67
EE_2019_EE_027.png,GATE_ESE_Papers/EE/EE/EE_2019_EE_027.png,EE,2019,EE,27,MCQ,A,2,0.67
EE_2019_EE_028.png,GATE_ESE_Papers/EE/EE/EE_2019_EE_028.png,EE,2019,EE,28,MCQ,D,2,0.67
EE_2019_EE_029.png,GATE_ESE_Papers/EE/EE/EE_2019_EE_029.png,EE,2019,EE,29,MCQ,B,2,0.67
EE_2019_EE_030.png,GATE_ESE_Papers/EE/EE/EE_2019_EE_030.png,EE,2019,EE,30,MCQ,B,2,0.67
EE_2019_EE_031.png,GATE_ESE_Papers/EE/EE/EE_2019_EE_031.png,EE,2019,EE,31,MCQ,A,2,0.67
EE_2019_EE_032.png,GATE_ESE_Papers/EE/EE/EE_2019_EE_032.png,EE,2019,EE,32,MCQ,D,2,0.67
EE_2019_EE_033.png,GATE_ESE_Papers/EE/EE/EE_2019_EE_033.png,EE,2019,EE,33,MCQ,C,2,0.67
EE_2019_EE_034.png,GATE_ESE_Papers/EE/EE/EE_2019_EE_034.png,EE,2019,EE,34,MCQ,B,2,0.67
EE_2019_EE_035.png,GATE_ESE_Papers/EE/EE/EE_2019_EE_035.png,EE,2019,EE,35,MCQ,A,2,0.67
EE_2019_EE_036.png,GATE_ESE_Papers/EE/EE/EE_2019_EE_036.png,EE,2019,EE,36,MCQ,C,2,0.67
EE_2019_EE_037.png,GATE_ESE_Papers/EE/EE/EE_2019_EE_037.png,EE,2019,EE,37,MCQ,AC,2,0.67
EE_2019_EE_038.png,GATE_ESE_Papers/EE/EE/EE_2019_EE_038.png,EE,2019,EE,38,MCQ,C,2,0.67
EE_2019_EE_039.png,GATE_ESE_Papers/EE/EE/EE_2019_EE_039.png,EE,2019,EE,39,NAT,45 to 45,2,0
EE_2019_EE_040.png,GATE_ESE_Papers/EE/EE/EE_2019_EE_040.png,EE,2019,EE,40,NAT,0.25 to 0.27,2,0
EE_2019_EE_041.png,GATE_ESE_Papers/EE/EE/EE_2019_EE_041.png,EE,2019,EE,41,NAT,0.45 to 0.47,2,0
EE_2019_EE_042.png,GATE_ESE_Papers/EE/EE/EE_2019_EE_042.png,EE,2019,EE,42,NAT,D,2,0
EE_2019_EE_043.png,GATE_ESE_Papers/EE/EE/EE_2019_EE_043.png,EE,2019,EE,43,NAT,585.0 to 590.0,2,0
EE_2019_EE_044.png,GATE_ESE_Papers/EE/EE/EE_2019_EE_044.png,EE,2019,EE,44,NAT,0.820 to 0.850,2,0
EE_2019_EE_045.png,GATE_ESE_Papers/EE/EE/EE_2019_EE_045.png,EE,2019,EE,45,NAT,7.10 to 7.30,2,0
EE_2019_EE_046.png,GATE_ESE_Papers/EE/EE/EE_2019_EE_046.png,EE,2019,EE,46,NAT,1564.00 to 1596.00,2,0
EE_2019_EE_047.png,GATE_ESE_Papers/EE/EE/EE_2019_EE_047.png,EE,2019,EE,47,NAT,13.00 to 16.00,2,0
EE_2019_EE_048.png,GATE_ESE_Papers/EE/EE/EE_2019_EE_048.png,EE,2019,EE,48,NAT,240.00 to 250.00,2,0
EE_2019_EE_049.png,GATE_ESE_Papers/EE/EE/EE_2019_EE_049.png,EE,2019,EE,49,NAT,414.00 to 423.00,2,0
EE_2019_EE_050.png,GATE_ESE_Papers/EE/EE/EE_2019_EE_050.png,EE,2019,EE,50,NAT,1.7 to 1.9,2,0
EE_2019_EE_051.png,GATE_ESE_Papers/EE/EE/EE_2019_EE_051.png,EE,2019,EE,51,NAT,19.0 to 22.0,2,0
EE_2019_EE_052.png,GATE_ESE_Papers/EE/EE/EE_2019_EE_052.png,EE,2019,EE,52,NAT,500 to 500,2,0
EE_2019_EE_053.png,GATE_ESE_Papers/EE/EE/EE_2019_EE_053.png,EE,2019,EE,53,NAT,24 to 24,2,0
EE_2019_EE_054.png,GATE_ESE_Papers/EE/EE/EE_2019_EE_054.png,EE,2019,EE,54,NAT,81.00 to 82.00,2,0
EE_2019_EE_055.png,GATE_ESE_Papers/EE/EE/EE_2019_EE_055.png,EE,2019,EE,55,NAT,0.75 to 0.80,2,0
EE_2020_GA_001.png,GATE_ESE_Papers/EE/GA/EE_2020_GA_001.png,EE,2020,GA,1,MCQ,C,1,0.33
EE_2020_GA_002.png,GATE_ESE_Papers/EE/GA/EE_2020_GA_002.png,EE,2020,GA,2,MCQ,B,1,0.33
EE_2020_GA_003.png,GATE_ESE_Papers/EE/GA/EE_2020_GA_003.png,EE,2020,GA,3,MCQ,C,1,0.33
EE_2020_GA_004.png,GATE_ESE_Papers/EE/GA/EE_2020_GA_004.png,EE,2020,GA,4,MCQ,B,1,0.33
EE_2020_GA_005.png,GATE_ESE_Papers/EE/GA/EE_2020_GA_005.png,EE,2020,GA,5,MCQ,C,1,0.33
EE_2020_GA_006.png,GATE_ESE_Papers/EE/GA/EE_2020_GA_006.png,EE,2020,GA,6,MCQ,B,2,0.67
EE_2020_GA_007.png,GATE_ESE_Papers/EE/GA/EE_2020_GA_007.png,EE,2020,GA,7,MCQ,C,2,0.67
EE_2020_GA_008.png,GATE_ESE_Papers/EE/GA/EE_2020_GA_008.png,EE,2020,GA,8,MCQ,C,2,0.67
EE_2020_GA_009.png,GATE_ESE_Papers/EE/GA/EE_2020_GA_009.png,EE,2020,GA,9,MCQ,A,2,0.67
EE_2020_GA_010.png,GATE_ESE_Papers/EE/GA/EE_2020_GA_010.png,EE,2020,GA,10,MCQ,C,2,0.67
EE_2020_EE_001.png,GATE_ESE_Papers/EE/EE/EE_2020_EE_001.png,EE,2020,EE,1,MCQ,A OR D,1,0.33
EE_2020_EE_002.png,GATE_ESE_Papers/EE/EE/EE_2020_EE_002.png,EE,2020,EE,2,MCQ,C,1,0.33
EE_2020_EE_003.png,GATE_ESE_Papers/EE/EE/EE_2020_EE_003.png,EE,2020,EE,3,MCQ,B,1,0.33
EE_2020_EE_004.png,GATE_ESE_Papers/EE/EE/EE_2020_EE_004.png,EE,2020,EE,4,MCQ,D,1,0.33
EE_2020_EE_005.png,GATE_ESE_Papers/EE/EE/EE_2020_EE_005.png,EE,2020,EE,5,MCQ,C,1,0.33
EE_2020_EE_006.png,GATE_ESE_Papers/EE/EE/EE_2020_EE_006.png,EE,2020,EE,6,MCQ,A,1,0.33
EE_2020_EE_007.png,GATE_ESE_Papers/EE/EE/EE_2020_EE_007.png,EE,2020,EE,7,MCQ,A,1,0.33
EE_2020_EE_008.png,GATE_ESE_Papers/EE/EE/EE_2020_EE_008.png,EE,2020,EE,8,MCQ,D,1,0.33
EE_2020_EE_009.png,GATE_ESE_Papers/EE/EE/EE_2020_EE_009.png,EE,2020,EE,9,MCQ,A,1,0.33
EE_2020_EE_010.png,GATE_ESE_Papers/EE/EE/EE_2020_EE_010.png,EE,2020,EE,10,MCQ,A,1,0.33
EE_2020_EE_011.png,GATE_ESE_Papers/EE/EE/EE_2020_EE_011.png,EE,2020,EE,11,MCQ,C,1,0.33
EE_2020_EE_012.png,GATE_ESE_Papers/EE/EE/EE_2020_EE_012.png,EE,2020,EE,12,MCQ,MTA,1,0
EE_2020_EE_013.png,GATE_ESE_Papers/EE/EE/EE_2020_EE_013.png,EE,2020,EE,13,MCQ,C,1,0.33
EE_2020_EE_014.png,GATE_ESE_Papers/EE/EE/EE_2020_EE_014.png,EE,2020,EE,14,MCQ,A,1,0.33
EE_2020_EE_015.png,GATE_ESE_Papers/EE/EE/EE_2020_EE_015.png,EE,2020,EE,15,MCQ,B,1,0.33
EE_2020_EE_016.png,GATE_ESE_Papers/EE/EE/EE_2020_EE_016.png,EE,2020,EE,16,NAT,0.8774 to 0.8952,1,0
EE_2020_EE_017.png,GATE_ESE_Papers/EE/EE/EE_2020_EE_017.png,EE,2020,EE,17,NAT,4.10 to 4.40,1,0
EE_2020_EE_018.png,GATE_ESE_Papers/EE/EE/EE_2020_EE_018.png,EE,2020,EE,18,NAT,1.700 to 1.750,1,0
EE_2020_EE_019.png,GATE_ESE_Papers/EE/EE/EE_2020_EE_019.png,EE,2020,EE,19,NAT,13.80 to 14.20,1,0
EE_2020_EE_020.png,GATE_ESE_Papers/EE/EE/EE_2020_EE_020.png,EE,2020,EE,20,NAT,3 to 3,1,0
EE_2020_EE_021.png,GATE_ESE_Papers/EE/EE/EE_2020_EE_021.png,EE,2020,EE,21,NAT,162.41 to 162.59,1,0
EE_2020_EE_022.png,GATE_ESE_Papers/EE/EE/EE_2020_EE_022.png,EE,2020,EE,22,NAT,19.90 to 20.20,1,0
EE_2020_EE_023.png,GATE_ESE_Papers/EE/EE/EE_2020_EE_023.png,EE,2020,EE,23,NAT,123.00 to 135.00,1,0
EE_2020_EE_024.png,GATE_ESE_Papers/EE/EE/EE_2020_EE_024.png,EE,2020,EE,24,NAT,2 to 2,1,0
EE_2020_EE_025.png,GATE_ESE_Papers/EE/EE/EE_2020_EE_025.png,EE,2020,EE,25,NAT,0 to 0,1,0
EE_2020_EE_026.png,GATE_ESE_Papers/EE/EE/EE_2020_EE_026.png,EE,2020,EE,26,MCQ,A,2,0.67
EE_2020_EE_027.png,GATE_ESE_Papers/EE/EE/EE_2020_EE_027.png,EE,2020,EE,27,MCQ,C,2,0.67
EE_2020_EE_028.png,GATE_ESE_Papers/EE/EE/EE_2020_EE_028.png,EE,2020,EE,28,MCQ,C,2,0.67
EE_2020_EE_029.png,GATE_ESE_Papers/EE/EE/EE_2020_EE_029.png,EE,2020,EE,29,MCQ,C,2,0.67
EE_2020_EE_030.png,GATE_ESE_Papers/EE/EE/EE_2020_EE_030.png,EE,2020,EE,30,MCQ,D,2,0.67
EE_2020_EE_031.png,GATE_ESE_Papers/EE/EE/EE_2020_EE_031.png,EE,2020,EE,31,MCQ,B,2,0.67
EE_2020_EE_032.png,GATE_ESE_Papers/EE/EE/EE_2020_EE_032.png,EE,2020,EE,32,MCQ,C,2,0.67
EE_2020_EE_033.png,GATE_ESE_Papers/EE/EE/EE_2020_EE_033.png,EE,2020,EE,33,MCQ,D,2,0.67
EE_2020_EE_034.png,GATE_ESE_Papers/EE/EE/EE_2020_EE_034.png,EE,2020,EE,34,MCQ,B,2,0.67
EE_2020_EE_035.png,GATE_ESE_Papers/EE/EE/EE_2020_EE_035.png,EE,2020,EE,35,MCQ,C,2,0.67
EE_2020_EE_036.png,GATE_ESE_Papers/EE/EE/EE_2020_EE_036.png,EE,2020,EE,36,MCQ,B,2,0.67
EE_2020_EE_037.png,GATE_ESE_Papers/EE/EE/EE_2020_EE_037.png,EE,2020,EE,37,MCQ,C,2,0.67
EE_2020_EE_038.png,GATE_ESE_Papers/EE/EE/EE_2020_EE_038.png,EE,2020,EE,38,MCQ,B,2,0.67
EE_2020_EE_039.png,GATE_ESE_Papers/EE/EE/EE_2020_EE_039.png,EE,2020,EE,39,MCQ,C,2,0.67
EE_2020_EE_040.png,GATE_ESE_Papers/EE/EE/EE_2020_EE_040.png,EE,2020,EE,40,MCQ,D,2,0.67
EE_2020_EE_041.png,GATE_ESE_Papers/EE/EE/EE_2020_EE_041.png,EE,2020,EE,41,MCQ,A,2,0.67
EE_2020_EE_042.png,GATE_ESE_Papers/EE/EE/EE_2020_EE_042.png,EE,2020,EE,42,MCQ,MTA,2,0
EE_2020_EE_043.png,GATE_ESE_Papers/EE/EE/EE_2020_EE_043.png,EE,2020,EE,43,MCQ,A,2,0.67
EE_2020_EE_044.png,GATE_ESE_Papers/EE/EE/EE_2020_EE_044.png,EE,2020,EE,44,NAT,-3.05 to -2.95,2,0
EE_2020_EE_045.png,GATE_ESE_Papers/EE/EE/EE_2020_EE_045.png,EE,2020,EE,45,NAT,54.00 to 56.00,2,0
EE_2020_EE_046.png,GATE_ESE_Papers/EE/EE/EE_2020_EE_046.png,EE,2020,EE,46,NAT,123.00 to 127.00,2,0
EE_2020_EE_047.png,GATE_ESE_Papers/EE/EE/EE_2020_EE_047.png,EE,2020,EE,47,NAT,1.11 to 1.13,2,0
EE_2020_EE_048.png,GATE_ESE_Papers/EE/EE/EE_2020_EE_048.png,EE,2020,EE,48,NAT,MTA,2,0
EE_2020_EE_049.png,GATE_ESE_Papers/EE/EE/EE_2020_EE_049.png,EE,2020,EE,49,NAT,1.01 to 1.03,2,0
EE_2020_EE_050.png,GATE_ESE_Papers/EE/EE/EE_2020_EE_050.png,EE,2020,EE,50,NAT,4.95 to 5.05,2,0
EE_2020_EE_051.png,GATE_ESE_Papers/EE/EE/EE_2020_EE_051.png,EE,2020,EE,51,NAT,4.51 to 5.10,2,0
EE_2020_EE_052.png,GATE_ESE_Papers/EE/EE/EE_2020_EE_052.png,EE,2020,EE,52,NAT,11.50 to 12.00,2,0
EE_2020_EE_053.png,GATE_ESE_Papers/EE/EE/EE_2020_EE_053.png,EE,2020,EE,53,NAT,MTA,2,0
EE_2020_EE_054.png,GATE_ESE_Papers/EE/EE/EE_2020_EE_054.png,EE,2020,EE,54,NAT,210 to 210,2,0
EE_2020_EE_055.png,GATE_ESE_Papers/EE/EE/EE_2020_EE_055.png,EE,2020,EE,55,NAT,138.10 to 139.20,2,0
EE_2021_GA_001.png,GATE_ESE_Papers/EE/GA/EE_2021_GA_001.png,EE,2021,GA,1,MCQ,C,1,0.33
EE_2021_GA_002.png,GATE_ESE_Papers/EE/GA/EE_2021_GA_002.png,EE,2021,GA,2,MCQ,C,1,0.33
EE_2021_GA_003.png,GATE_ESE_Papers/EE/GA/EE_2021_GA_003.png,EE,2021,GA,3,MCQ,D,1,0.33
EE_2021_GA_004.png,GATE_ESE_Papers/EE/GA/EE_2021_GA_004.png,EE,2021,GA,4,MCQ,D,1,0.33
EE_2021_GA_005.png,GATE_ESE_Papers/EE/GA/EE_2021_GA_005.png,EE,2021,GA,5,MCQ,C,1,0.33
EE_2021_GA_006.png,GATE_ESE_Papers/EE/GA/EE_2021_GA_006.png,EE,2021,GA,6,MCQ,D,2,0.67
EE_2021_GA_007.png,GATE_ESE_Papers/EE/GA/EE_2021_GA_007.png,EE,2021,GA,7,MCQ,C,2,0.67
EE_2021_GA_008.png,GATE_ESE_Papers/EE/GA/EE_2021_GA_008.png,EE,2021,GA,8,MCQ,D,2,0.67
EE_2021_GA_009.png,GATE_ESE_Papers/EE/GA/EE_2021_GA_009.png,EE,2021,GA,9,MCQ,D,2,0.67
EE_2021_GA_010.png,GATE_ESE_Papers/EE/GA/EE_2021_GA_010.png,EE,2021,GA,10,MCQ,A,2,0.67
EE_2021_EE_001.png,GATE_ESE_Papers/EE/EE/EE_2021_EE_001.png,EE,2021,EE,1,MCQ,B,1,0.33
EE_2021_EE_002.png,GATE_ESE_Papers/EE/EE/EE_2021_EE_002.png,EE,2021,EE,2,MCQ,D,1,0.33
EE_2021_EE_003.png,GATE_ESE_Papers/EE/EE/EE_2021_EE_003.png,EE,2021,EE,3,MCQ,C,1,0.33
EE_2021_EE_004.png,GATE_ESE_Papers/EE/EE/EE_2021_EE_004.png,EE,2021,EE,4,MCQ,B,1,0.33
EE_2021_EE_005.png,GATE_ESE_Papers/EE/EE/EE_2021_EE_005.png,EE,2021,EE,5,MCQ,A,1,0.33
EE_2021_EE_006.png,GATE_ESE_Papers/EE/EE/EE_2021_EE_006.png,EE,2021,EE,6,MCQ,D,1,0.33
EE_2021_EE_007.png,GATE_ESE_Papers/EE/EE/EE_2021_EE_007.png,EE,2021,EE,7,MCQ,C,1,0.33
EE_2021_EE_008.png,GATE_ESE_Papers/EE/EE/EE_2021_EE_008.png,EE,2021,EE,8,MCQ,B,1,0.33
EE_2021_EE_009.png,GATE_ESE_Papers/EE/EE/EE_2021_EE_009.png,EE,2021,EE,9,MCQ,A,1,0.33
EE_2021_EE_010.png,GATE_ESE_Papers/EE/EE/EE_2021_EE_010.png,EE,2021,EE,10,MCQ,B,1,0.33
EE_2021_EE_011.png,GATE_ESE_Papers/EE/EE/EE_2021_EE_011.png,EE,2021,EE,11,MCQ,C,1,0.33
EE_2021_EE_012.png,GATE_ESE_Papers/EE/EE/EE_2021_EE_012.png,EE,2021,EE,12,MCQ,B,1,0.33
EE_2021_EE_013.png,GATE_ESE_Papers/EE/EE/EE_2021_EE_013.png,EE,2021,EE,13,NAT,1 to 1,1,0.0
EE_2021_EE_014.png,GATE_ESE_Papers/EE/EE/EE_2021_EE_014.png,EE,2021,EE,14,NAT,20.00 to 20.00,1,0.0
EE_2021_EE_015.png,GATE_ESE_Papers/EE/EE/EE_2021_EE_015.png,EE,2021,EE,15,NAT,300 to 300,1,0.0
EE_2021_EE_016.png,GATE_ESE_Papers/EE/EE/EE_2021_EE_016.png,EE,2021,EE,16,NAT,-3.30 to -3.20,1,0.0
EE_2021_EE_017.png,GATE_ESE_Papers/EE/EE/EE_2021_EE_017.png,EE,2021,EE,17,NAT,8.90 to 9.10,1,0.0
EE_2021_EE_018.png,GATE_ESE_Papers/EE/EE/EE_2021_EE_018.png,EE,2021,EE,18,NAT,89.50 to 90.50,1,0.0
EE_2021_EE_019.png,GATE_ESE_Papers/EE/EE/EE_2021_EE_019.png,EE,2021,EE,19,NAT,59.00 to 61.00,1,0.0
EE_2021_EE_020.png,GATE_ESE_Papers/EE/EE/EE_2021_EE_020.png,EE,2021,EE,20,NAT,0.09 to 0.11,1,0.0
EE_2021_EE_021.png,GATE_ESE_Papers/EE/EE/EE_2021_EE_021.png,EE,2021,EE,21,NAT,2.30 to 2.50,1,0.0
EE_2021_EE_022.png,GATE_ESE_Papers/EE/EE/EE_2021_EE_022.png,EE,2021,EE,22,NAT,2.00 to 2.10,1,0.0
EE_2021_EE_023.png,GATE_ESE_Papers/EE/EE/EE_2021_EE_023.png,EE,2021,EE,23,NAT,16.70 to 17.70,1,0.0
EE_2021_EE_024.png,GATE_ESE_Papers/EE/EE/EE_2021_EE_024.png,EE,2021,EE,24,NAT,389 to 391,1,0.0
EE_2021_EE_025.png,GATE_ESE_Papers/EE/EE/EE_2021_EE_025.png,EE,2021,EE,25,NAT,29.00 to 31.00,1,0.0
EE_2021_EE_026.png,GATE_ESE_Papers/EE/EE/EE_2021_EE_026.png,EE,2021,EE,26,MCQ,B,2,0.67
EE_2021_EE_027.png,GATE_ESE_Papers/EE/EE/EE_2021_EE_027.png,EE,2021,EE,27,MCQ,C,2,0.67
EE_2021_EE_028.png,GATE_ESE_Papers/EE/EE/EE_2021_EE_028.png,EE,2021,EE,28,MCQ,C,2,0.67
EE_2021_EE_029.png,GATE_ESE_Papers/EE/EE/EE_2021_EE_029.png,EE,2021,EE,29,MCQ,C,2,0.67
EE_2021_EE_030.png,GATE_ESE_Papers/EE/EE/EE_2021_EE_030.png,EE,2021,EE,30,MCQ,A,2,0.67
EE_2021_EE_031.png,GATE_ESE_Papers/EE/EE/EE_2021_EE_031.png,EE,2021,EE,31,MCQ,B,2,0.67
EE_2021_EE_032.png,GATE_ESE_Papers/EE/EE/EE_2021_EE_032.png,EE,2021,EE,32,MCQ,A,2,0.67
EE_2021_EE_033.png,GATE_ESE_Papers/EE/EE/EE_2021_EE_033.png,EE,2021,EE,33,MCQ,B,2,0.67
EE_2021_EE_034.png,GATE_ESE_Papers/EE/EE/EE_2021_EE_034.png,EE,2021,EE,34,MCQ,A,2,0.67
EE_2021_EE_035.png,GATE_ESE_Papers/EE/EE/EE_2021_EE_035.png,EE,2021,EE,35,MCQ,C,2,0.67
EE_2021_EE_036.png,GATE_ESE_Papers/EE/EE/EE_2021_EE_036.png,EE,2021,EE,36,MCQ,D,2,0.67
EE_2021_EE_037.png,GATE_ESE_Papers/EE/EE/EE_2021_EE_037.png,EE,2021,EE,37,MCQ,C,2,0.67
EE_2021_EE_038.png,GATE_ESE_Papers/EE/EE/EE_2021_EE_038.png,EE,2021,EE,38,NAT,1 to 1,2,0.0
EE_2021_EE_039.png,GATE_ESE_Papers/EE/EE/EE_2021_EE_039.png,EE,2021,EE,39,NAT,1 to 1,2,0.0
EE_2021_EE_040.png,GATE_ESE_Papers/EE/EE/EE_2021_EE_040.png,EE,2021,EE,40,NAT,1.40 to 1.42,2,0.0
EE_2021_EE_041.png,GATE_ESE_Papers/EE/EE/EE_2021_EE_041.png,EE,2021,EE,41,NAT,100 to 100,2,0.0
EE_2021_EE_042.png,GATE_ESE_Papers/EE/EE/EE_2021_EE_042.png,EE,2021,EE,42,NAT,5 to 5,2,0.0
EE_2021_EE_043.png,GATE_ESE_Papers/EE/EE/EE_2021_EE_043.png,EE,2021,EE,43,NAT,1 to 1,2,0.0
EE_2021_EE_044.png,GATE_ESE_Papers/EE/EE/EE_2021_EE_044.png,EE,2021,EE,44,NAT,273.00 to 277.00,2,0.0
EE_2021_EE_045.png,GATE_ESE_Papers/EE/EE/EE_2021_EE_045.png,EE,2021,EE,45,NAT,0.50 to 0.54,2,0.0
EE_2021_EE_046.png,GATE_ESE_Papers/EE/EE/EE_2021_EE_046.png,EE,2021,EE,46,NAT,10.80 to 11.00,2,0.0
EE_2021_EE_047.png,GATE_ESE_Papers/EE/EE/EE_2021_EE_047.png,EE,2021,EE,47,NAT,9.50 to 9.60,2,0.0
EE_2021_EE_048.png,GATE_ESE_Papers/EE/EE/EE_2021_EE_048.png,EE,2021,EE,48,NAT,1.20 to 1.23,2,0.0
EE_2021_EE_049.png,GATE_ESE_Papers/EE/EE/EE_2021_EE_049.png,EE,2021,EE,49,NAT,1 to 1,2,0.0
EE_2021_EE_050.png,GATE_ESE_Papers/EE/EE/EE_2021_EE_050.png,EE,2021,EE,50,NAT,50.00 to 52.00,2,0.0
EE_2021_EE_051.png,GATE_ESE_Papers/EE/EE/EE_2021_EE_051.png,EE,2021,EE,51,NAT,12.30 to 12.60,2,0.0
EE_2021_EE_052.png,GATE_ESE_Papers/EE/EE/EE_2021_EE_052.png,EE,2021,EE,52,NAT,3150.00 to 3170.00,2,0.0
EE_2021_EE_053.png,GATE_ESE_Papers/EE/EE/EE_2021_EE_053.png,EE,2021,EE,53,NAT,1.55 to 1.65,2,0.0
EE_2021_EE_054.png,GATE_ESE_Papers/EE/EE/EE_2021_EE_054.png,EE,2021,EE,54,NAT,24 to 24,2,0.0
EE_2021_EE_055.png,GATE_ESE_Papers/EE/EE/EE_2021_EE_055.png,EE,2021,EE,55,NAT,50.00 to 52.00,2,0.0
EE_2022_GA_001.png,GATE_ESE_Papers/EE/GA/EE_2022_GA_001.png,EE,2022,GA,1,MCQ,D,1,0.33
EE_2022_GA_002.png,GATE_ESE_Papers/EE/GA/EE_2022_GA_002.png,EE,2022,GA,2,MCQ,A,1,0.33
EE_2022_GA_003.png,GATE_ESE_Papers/EE/GA/EE_2022_GA_003.png,EE,2022,GA,3,MCQ,A,1,0.33
EE_2022_GA_004.png,GATE_ESE_Papers/EE/GA/EE_2022_GA_004.png,EE,2022,GA,4,MCQ,A,1,0.33
EE_2022_GA_005.png,GATE_ESE_Papers/EE/GA/EE_2022_GA_005.png,EE,2022,GA,5,MCQ,C,1,0.33
EE_2022_GA_006.png,GATE_ESE_Papers/EE/GA/EE_2022_GA_006.png,EE,2022,GA,6,MCQ,C,2,0.67
EE_2022_GA_007.png,GATE_ESE_Papers/EE/GA/EE_2022_GA_007.png,EE,2022,GA,7,MCQ,A,2,0.67
EE_2022_GA_008.png,GATE_ESE_Papers/EE/GA/EE_2022_GA_008.png,EE,2022,GA,8,MCQ,B,2,0.67
EE_2022_GA_009.png,GATE_ESE_Papers/EE/GA/EE_2022_GA_009.png,EE,2022,GA,9,MCQ,A,2,0.67
EE_2022_GA_010.png,GATE_ESE_Papers/EE/GA/EE_2022_GA_010.png,EE,2022,GA,10,MCQ,C,2,0.67
EE_2022_EE_001.png,GATE_ESE_Papers/EE/EE/EE_2022_EE_001.png,EE,2022,EE,1,MCQ,B OR D,1,0.33
EE_2022_EE_002.png,GATE_ESE_Papers/EE/EE/EE_2022_EE_002.png,EE,2022,EE,2,MCQ,D,1,0.33
EE_2022_EE_003.png,GATE_ESE_Papers/EE/EE/EE_2022_EE_003.png,EE,2022,EE,3,MCQ,A,1,0.33
EE_2022_EE_004.png,GATE_ESE_Papers/EE/EE/EE_2022_EE_004.png,EE,2022,EE,4,MCQ,D,1,0.33
EE_2022_EE_005.png,GATE_ESE_Papers/EE/EE/EE_2022_EE_005.png,EE,2022,EE,5,MCQ,B,1,0.33
EE_2022_EE_006.png,GATE_ESE_Papers/EE/EE/EE_2022_EE_006.png,EE,2022,EE,6,MCQ,B,1,0.33
EE_2022_EE_007.png,GATE_ESE_Papers/EE/EE/EE_2022_EE_007.png,EE,2022,EE,7,MCQ,A,1,0.33
EE_2022_EE_008.png,GATE_ESE_Papers/EE/EE/EE_2022_EE_008.png,EE,2022,EE,8,MCQ,B,1,0.33
EE_2022_EE_009.png,GATE_ESE_Papers/EE/EE/EE_2022_EE_009.png,EE,2022,EE,9,MCQ,C,1,0.33
EE_2022_EE_010.png,GATE_ESE_Papers/EE/EE/EE_2022_EE_010.png,EE,2022,EE,10,MCQ,B,1,0.33
EE_2022_EE_011.png,GATE_ESE_Papers/EE/EE/EE_2022_EE_011.png,EE,2022,EE,11,MCQ,C,1,0.33
EE_2022_EE_012.png,GATE_ESE_Papers/EE/EE/EE_2022_EE_012.png,EE,2022,EE,12,MCQ,C,1,0.33
EE_2022_EE_013.png,GATE_ESE_Papers/EE/EE/EE_2022_EE_013.png,EE,2022,EE,13,MCQ,C,1,0.33
EE_2022_EE_014.png,GATE_ESE_Papers/EE/EE/EE_2022_EE_014.png,EE,2022,EE,14,MCQ,D,1,0.33
EE_2022_EE_015.png,GATE_ESE_Papers/EE/EE/EE_2022_EE_015.png,EE,2022,EE,15,MCQ,A,1,0.33
EE_2022_EE_016.png,GATE_ESE_Papers/EE/EE/EE_2022_EE_016.png,EE,2022,EE,16,NAT,10 to 10,1,0
EE_2022_EE_017.png,GATE_ESE_Papers/EE/EE/EE_2022_EE_017.png,EE,2022,EE,17,NAT,48 to 48,1,0
EE_2022_EE_018.png,GATE_ESE_Papers/EE/EE/EE_2022_EE_018.png,EE,2022,EE,18,NAT,250 to 250,1,0
EE_2022_EE_019.png,GATE_ESE_Papers/EE/EE/EE_2022_EE_019.png,EE,2022,EE,19,NAT,12.3 to 12.7,1,0
EE_2022_EE_020.png,GATE_ESE_Papers/EE/EE/EE_2022_EE_020.png,EE,2022,EE,20,NAT,13 to 13,1,0
EE_2022_EE_021.png,GATE_ESE_Papers/EE/EE/EE_2022_EE_021.png,EE,2022,EE,21,NAT,4.95 to 5.05,1,0
EE_2022_EE_022.png,GATE_ESE_Papers/EE/EE/EE_2022_EE_022.png,EE,2022,EE,22,NAT,795 to 805,1,0
EE_2022_EE_023.png,GATE_ESE_Papers/EE/EE/EE_2022_EE_023.png,EE,2022,EE,23,NAT,0.43 to 0.47,1,0
EE_2022_EE_024.png,GATE_ESE_Papers/EE/EE/EE_2022_EE_024.png,EE,2022,EE,24,NAT,20 to 20,1,0
EE_2022_EE_025.png,GATE_ESE_Papers/EE/EE/EE_2022_EE_025.png,EE,2022,EE,25,NAT,580 to 590,1,0
EE_2022_EE_026.png,GATE_ESE_Papers/EE/EE/EE_2022_EE_026.png,EE,2022,EE,26,MCQ,C,2,0.67
EE_2022_EE_027.png,GATE_ESE_Papers/EE/EE/EE_2022_EE_027.png,EE,2022,EE,27,MCQ,A,2,0.67
EE_2022_EE_028.png,GATE_ESE_Papers/EE/EE/EE_2022_EE_028.png,EE,2022,EE,28,MCQ,B,2,0.67
EE_2022_EE_029.png,GATE_ESE_Papers/EE/EE/EE_2022_EE_029.png,EE,2022,EE,29,MCQ,A,2,0.67
EE_2022_EE_030.png,GATE_ESE_Papers/EE/EE/EE_2022_EE_030.png,EE,2022,EE,30,MCQ,C,2,0.67
EE_2022_EE_031.png,GATE_ESE_Papers/EE/EE/EE_2022_EE_031.png,EE,2022,EE,31,MCQ,A,2,0.67
EE_2022_EE_032.png,GATE_ESE_Papers/EE/EE/EE_2022_EE_032.png,EE,2022,EE,32,MCQ,A,2,0.67
EE_2022_EE_033.png,GATE_ESE_Papers/EE/EE/EE_2022_EE_033.png,EE,2022,EE,33,MCQ,B,2,0.67
EE_2022_EE_034.png,GATE_ESE_Papers/EE/EE/EE_2022_EE_034.png,EE,2022,EE,34,MCQ,C,2,0.67
EE_2022_EE_035.png,GATE_ESE_Papers/EE/EE/EE_2022_EE_035.png,EE,2022,EE,35,MCQ,B,2,0.67
EE_2022_EE_036.png,GATE_ESE_Papers/EE/EE/EE_2022_EE_036.png,EE,2022,EE,36,MCQ,D,2,0.67
EE_2022_EE_037.png,GATE_ESE_Papers/EE/EE/EE_2022_EE_037.png,EE,2022,EE,37,MCQ,C,2,0.67
EE_2022_EE_038.png,GATE_ESE_Papers/EE/EE/EE_2022_EE_038.png,EE,2022,EE,38,MCQ,B,2,0.67
EE_2022_EE_039.png,GATE_ESE_Papers/EE/EE/EE_2022_EE_039.png,EE,2022,EE,39,MCQ,B,2,0.67
EE_2022_EE_040.png,GATE_ESE_Papers/EE/EE/EE_2022_EE_040.png,EE,2022,EE,40,MCQ,B,2,0.67
EE_2022_EE_041.png,GATE_ESE_Papers/EE/EE/EE_2022_EE_041.png,EE,2022,EE,41,MCQ,C,2,0.67
EE_2022_EE_042.png,GATE_ESE_Papers/EE/EE/EE_2022_EE_042.png,EE,2022,EE,42,MCQ,C,2,0.67
EE_2022_EE_043.png,GATE_ESE_Papers/EE/EE/EE_2022_EE_043.png,EE,2022,EE,43,MCQ,B,2,0.67
EE_2022_EE_044.png,GATE_ESE_Papers/EE/EE/EE_2022_EE_044.png,EE,2022,EE,44,NAT,0.99 to 1.01,2,0
EE_2022_EE_045.png,GATE_ESE_Papers/EE/EE/EE_2022_EE_045.png,EE,2022,EE,45,NAT,98 to 102,2,0
EE_2022_EE_046.png,GATE_ESE_Papers/EE/EE/EE_2022_EE_046.png,EE,2022,EE,46,NAT,188 to 192 OR 198 to 202,2,0
EE_2022_EE_047.png,GATE_ESE_Papers/EE/EE/EE_2022_EE_047.png,EE,2022,EE,47,NAT,74 to 76,2,0
EE_2022_EE_048.png,GATE_ESE_Papers/EE/EE/EE_2022_EE_048.png,EE,2022,EE,48,NAT,3170 to 3190,2,0
EE_2022_EE_049.png,GATE_ESE_Papers/EE/EE/EE_2022_EE_049.png,EE,2022,EE,49,NAT,17.3 to 18,2,0
EE_2022_EE_050.png,GATE_ESE_Papers/EE/EE/EE_2022_EE_050.png,EE,2022,EE,50,NAT,0.46 to 0.48,2,0
EE_2022_EE_051.png,GATE_ESE_Papers/EE/EE/EE_2022_EE_051.png,EE,2022,EE,51,NAT,165 to 171,2,0
EE_2022_EE_052.png,GATE_ESE_Papers/EE/EE/EE_2022_EE_052.png,EE,2022,EE,52,NAT,480 to 485,2,0
EE_2022_EE_053.png,GATE_ESE_Papers/EE/EE/EE_2022_EE_053.png,EE,2022,EE,53,NAT,675 to 700 OR 1725 to 1740,2,0
EE_2022_EE_054.png,GATE_ESE_Papers/EE/EE/EE_2022_EE_054.png,EE,2022,EE,54,NAT,240 to 248,2,0
EE_2022_EE_055.png,GATE_ESE_Papers/EE/EE/EE_2022_EE_055.png,EE,2022,EE,55,NAT,0.61 to 0.65,2,0
EE_2023_GA_001.png,GATE_ESE_Papers/EE/GA/EE_2023_GA_001.png,EE,2023,GA,1,MCQ,D,1,0.33
EE_2023_GA_002.png,GATE_ESE_Papers/EE/GA/EE_2023_GA_002.png,EE,2023,GA,2,MCQ,B,1,0.33
EE_2023_GA_003.png,GATE_ESE_Papers/EE/GA/EE_2023_GA_003.png,EE,2023,GA,3,MCQ,A,1,0.33
EE_2023_GA_004.png,GATE_ESE_Papers/EE/GA/EE_2023_GA_004.png,EE,2023,GA,4,MCQ,B,1,0.33
EE_2023_GA_005.png,GATE_ESE_Papers/EE/GA/EE_2023_GA_005.png,EE,2023,GA,5,MCQ,C,1,0.33
EE_2023_GA_006.png,GATE_ESE_Papers/EE/GA/EE_2023_GA_006.png,EE,2023,GA,6,MCQ,D,2,0.67
EE_2023_GA_007.png,GATE_ESE_Papers/EE/GA/EE_2023_GA_007.png,EE,2023,GA,7,MCQ,B,2,0.67
EE_2023_GA_008.png,GATE_ESE_Papers/EE/GA/EE_2023_GA_008.png,EE,2023,GA,8,MCQ,D,2,0.67
EE_2023_GA_009.png,GATE_ESE_Papers/EE/GA/EE_2023_GA_009.png,EE,2023,GA,9,MCQ,A,2,0.67
EE_2023_GA_010.png,GATE_ESE_Papers/EE/GA/EE_2023_GA_010.png,EE,2023,GA,10,MCQ,B,2,0.67
EE_2023_EE_001.png,GATE_ESE_Papers/EE/EE/EE_2023_EE_001.png,EE,2023,EE,1,MCQ,D,1,0.33
EE_2023_EE_002.png,GATE_ESE_Papers/EE/EE/EE_2023_EE_002.png,EE,2023,EE,2,MCQ,B,1,0.33
EE_2023_EE_003.png,GATE_ESE_Papers/EE/EE/EE_2023_EE_003.png,EE,2023,EE,3,MCQ,C,1,0.33
EE_2023_EE_004.png,GATE_ESE_Papers/EE/EE/EE_2023_EE_004.png,EE,2023,EE,4,MCQ,D,1,0.33
EE_2023_EE_005.png,GATE_ESE_Papers/EE/EE/EE_2023_EE_005.png,EE,2023,EE,5,MCQ,A,1,0.33
EE_2023_EE_006.png,GATE_ESE_Papers/EE/EE/EE_2023_EE_006.png,EE,2023,EE,6,MCQ,B,1,0.33
EE_2023_EE_007.png,GATE_ESE_Papers/EE/EE/EE_2023_EE_007.png,EE,2023,EE,7,MCQ,C,1,0.33
EE_2023_EE_008.png,GATE_ESE_Papers/EE/EE/EE_2023_EE_008.png,EE,2023,EE,8,MCQ,A,1,0.33
EE_2023_EE_009.png,GATE_ESE_Papers/EE/EE/EE_2023_EE_009.png,EE,2023,EE,9,MCQ,B,1,0.33
EE_2023_EE_010.png,GATE_ESE_Papers/EE/EE/EE_2023_EE_010.png,EE,2023,EE,10,MCQ,A,1,0.33
EE_2023_EE_011.png,GATE_ESE_Papers/EE/EE/EE_2023_EE_011.png,EE,2023,EE,11,MCQ,A,1,0.33
EE_2023_EE_012.png,GATE_ESE_Papers/EE/EE/EE_2023_EE_012.png,EE,2023,EE,12,MCQ,D,1,0.33
EE_2023_EE_013.png,GATE_ESE_Papers/EE/EE/EE_2023_EE_013.png,EE,2023,EE,13,MCQ,B,1,0.33
EE_2023_EE_014.png,GATE_ESE_Papers/EE/EE/EE_2023_EE_014.png,EE,2023,EE,14,MCQ,A,1,0.33
EE_2023_EE_015.png,GATE_ESE_Papers/EE/EE/EE_2023_EE_015.png,EE,2023,EE,15,MCQ,C,1,0.33
EE_2023_EE_016.png,GATE_ESE_Papers/EE/EE/EE_2023_EE_016.png,EE,2023,EE,16,MSQ,"A,D",1,0
EE_2023_EE_017.png,GATE_ESE_Papers/EE/EE/EE_2023_EE_017.png,EE,2023,EE,17,MSQ,B,1,0
EE_2023_EE_018.png,GATE_ESE_Papers/EE/EE/EE_2023_EE_018.png,EE,2023,EE,18,MSQ,"A,C",1,0
EE_2023_EE_019.png,GATE_ESE_Papers/EE/EE/EE_2023_EE_019.png,EE,2023,EE,19,NAT,7.9 to 8.1,1,0
EE_2023_EE_020.png,GATE_ESE_Papers/EE/EE/EE_2023_EE_020.png,EE,2023,EE,20,NAT,1340 to 1345,1,0
EE_2023_EE_021.png,GATE_ESE_Papers/EE/EE/EE_2023_EE_021.png,EE,2023,EE,21,NAT,4 to 4,1,0
EE_2023_EE_022.png,GATE_ESE_Papers/EE/EE/EE_2023_EE_022.png,EE,2023,EE,22,NAT,5.9 to 6.1,1,0
EE_2023_EE_023.png,GATE_ESE_Papers/EE/EE/EE_2023_EE_023.png,EE,2023,EE,23,NAT,83 to 84,1,0
EE_2023_EE_024.png,GATE_ESE_Papers/EE/EE/EE_2023_EE_024.png,EE,2023,EE,24,NAT,0.48 to 0.52,1,0
EE_2023_EE_025.png,GATE_ESE_Papers/EE/EE/EE_2023_EE_025.png,EE,2023,EE,25,NAT,0.9 to 1.1,1,0
EE_2023_EE_026.png,GATE_ESE_Papers/EE/EE/EE_2023_EE_026.png,EE,2023,EE,26,MCQ,D,2,0.67
EE_2023_EE_027.png,GATE_ESE_Papers/EE/EE/EE_2023_EE_027.png,EE,2023,EE,27,MCQ,D,2,0.67
EE_2023_EE_028.png,GATE_ESE_Papers/EE/EE/EE_2023_EE_028.png,EE,2023,EE,28,MCQ,B,2,0.67
EE_2023_EE_029.png,GATE_ESE_Papers/EE/EE/EE_2023_EE_029.png,EE,2023,EE,29,MCQ,C,2,0.67
EE_2023_EE_030.png,GATE_ESE_Papers/EE/EE/EE_2023_EE_030.png,EE,2023,EE,30,MCQ,C,2,0.67
EE_2023_EE_031.png,GATE_ESE_Papers/EE/EE/EE_2023_EE_031.png,EE,2023,EE,31,MCQ,D,2,0.67
EE_2023_EE_032.png,GATE_ESE_Papers/EE/EE/EE_2023_EE_032.png,EE,2023,EE,32,MSQ,"A,B,D",2,0
EE_2023_EE_033.png,GATE_ESE_Papers/EE/EE/EE_2023_EE_033.png,EE,2023,EE,33,MSQ,MTA,2,0
EE_2023_EE_034.png,GATE_ESE_Papers/EE/EE/EE_2023_EE_034.png,EE,2023,EE,34,MSQ,"B,C",2,0
EE_2023_EE_035.png,GATE_ESE_Papers/EE/EE/EE_2023_EE_035.png,EE,2023,EE,35,NAT,0.187 to 0.188,2,0
EE_2023_EE_036.png,GATE_ESE_Papers/EE/EE/EE_2023_EE_036.png,EE,2023,EE,36,NAT,2 to 2,2,0
EE_2023_EE_037.png,GATE_ESE_Papers/EE/EE/EE_2023_EE_037.png,EE,2023,EE,37,NAT,1.58 to 1.59,2,0
EE_2023_EE_038.png,GATE_ESE_Papers/EE/EE/EE_2023_EE_038.png,EE,2023,EE,38,NAT,760 to 760,2,0
EE_2023_EE_039.png,GATE_ESE_Papers/EE/EE/EE_2023_EE_039.png,EE,2023,EE,39,NAT,48 to 48,2,0
EE_2023_EE_040.png,GATE_ESE_Papers/EE/EE/EE_2023_EE_040.png,EE,2023,EE,40,NAT,0.037 to 0.039,2,0
EE_2023_EE_041.png,GATE_ESE_Papers/EE/EE/EE_2023_EE_041.png,EE,2023,EE,41,NAT,-12.1 to -11.9,2,0
EE_2023_EE_042.png,GATE_ESE_Papers/EE/EE/EE_2023_EE_042.png,EE,2023,EE,42,NAT,237 to 239,2,0
EE_2023_EE_043.png,GATE_ESE_Papers/EE/EE/EE_2023_EE_043.png,EE,2023,EE,43,NAT,2150 to 2250,2,0
EE_2023_EE_044.png,GATE_ESE_Papers/EE/EE/EE_2023_EE_044.png,EE,2023,EE,44,NAT,1.56 to 1.58,2,0
EE_2023_EE_045.png,GATE_ESE_Papers/EE/EE/EE_2023_EE_045.png,EE,2023,EE,45,NAT,7.1 to 7.5,2,0
EE_2023_EE_046.png,GATE_ESE_Papers/EE/EE/EE_2023_EE_046.png,EE,2023,EE,46,NAT,8 to 8,2,0
EE_2023_EE_047.png,GATE_ESE_Papers/EE/EE/EE_2023_EE_047.png,EE,2023,EE,47,NAT,2 to 2,2,0
EE_2023_EE_048.png,GATE_ESE_Papers/EE/EE/EE_2023_EE_048.png,EE,2023,EE,48,NAT,39 to 40.5,2,0
EE_2023_EE_049.png,GATE_ESE_Papers/EE/EE/EE_2023_EE_049.png,EE,2023,EE,49,NAT,245 to 255,2,0
EE_2023_EE_050.png,GATE_ESE_Papers/EE/EE/EE_2023_EE_050.png,EE,2023,EE,50,NAT,7.1 to 7.3,2,0
EE_2023_EE_051.png,GATE_ESE_Papers/EE/EE/EE_2023_EE_051.png,EE,2023,EE,51,NAT,2.49 to 2.51,2,0
EE_2023_EE_052.png,GATE_ESE_Papers/EE/EE/EE_2023_EE_052.png,EE,2023,EE,52,NAT,9 to 10,2,0
EE_2023_EE_053.png,GATE_ESE_Papers/EE/EE/EE_2023_EE_053.png,EE,2023,EE,53,NAT,80 to 80,2,0
EE_2023_EE_054.png,GATE_ESE_Papers/EE/EE/EE_2023_EE_054.png,EE,2023,EE,54,NAT,414 to 416,2,0
EE_2023_EE_055.png,GATE_ESE_Papers/EE/EE/EE_2023_EE_055.png,EE,2023,EE,55,NAT,10 to 10,2,0
EE_2024_GA_001.png,GATE_ESE_Papers/EE/GA/EE_2024_GA_001.png,EE,2024,GA,1,MCQ,D,1,0.33
EE_2024_GA_002.png,GATE_ESE_Papers/EE/GA/EE_2024_GA_002.png,EE,2024,GA,2,MCQ,A,1,0.33
EE_2024_GA_003.png,GATE_ESE_Papers/EE/GA/EE_2024_GA_003.png,EE,2024,GA,3,MCQ,A,1,0.33
EE_2024_GA_004.png,GATE_ESE_Papers/EE/GA/EE_2024_GA_004.png,EE,2024,GA,4,MCQ,B,1,0.33
EE_2024_GA_005.png,GATE_ESE_Papers/EE/GA/EE_2024_GA_005.png,EE,2024,GA,5,MCQ,C,1,0.33
EE_2024_GA_006.png,GATE_ESE_Papers/EE/GA/EE_2024_GA_006.png,EE,2024,GA,6,MCQ,C,2,0.67
EE_2024_GA_007.png,GATE_ESE_Papers/EE/GA/EE_2024_GA_007.png,EE,2024,GA,7,MCQ,C,2,0.67
EE_2024_GA_008.png,GATE_ESE_Papers/EE/GA/EE_2024_GA_008.png,EE,2024,GA,8,MCQ,B,2,0.67
EE_2024_GA_009.png,GATE_ESE_Papers/EE/GA/EE_2024_GA_009.png,EE,2024,GA,9,MCQ,C,2,0.67
EE_2024_GA_010.png,GATE_ESE_Papers/EE/GA/EE_2024_GA_010.png,EE,2024,GA,10,MCQ,A,2,0.67
EE_2024_EE_001.png,GATE_ESE_Papers/EE/EE/EE_2024_EE_001.png,EE,2024,EE,1,MCQ,B,1,0.33
EE_2024_EE_002.png,GATE_ESE_Papers/EE/EE/EE_2024_EE_002.png,EE,2024,EE,2,MCQ,B,1,0.33
EE_2024_EE_003.png,GATE_ESE_Papers/EE/EE/EE_2024_EE_003.png,EE,2024,EE,3,MCQ,B,1,0.33
EE_2024_EE_004.png,GATE_ESE_Papers/EE/EE/EE_2024_EE_004.png,EE,2024,EE,4,MCQ,A,1,0.33
EE_2024_EE_005.png,GATE_ESE_Papers/EE/EE/EE_2024_EE_005.png,EE,2024,EE,5,MCQ,B,1,0.33
EE_2024_EE_006.png,GATE_ESE_Papers/EE/EE/EE_2024_EE_006.png,EE,2024,EE,6,MCQ,C,1,0.33
EE_2024_EE_007.png,GATE_ESE_Papers/EE/EE/EE_2024_EE_007.png,EE,2024,EE,7,MCQ,D,1,0.33
EE_2024_EE_008.png,GATE_ESE_Papers/EE/EE/EE_2024_EE_008.png,EE,2024,EE,8,MCQ,B,1,0.33
EE_2024_EE_009.png,GATE_ESE_Papers/EE/EE/EE_2024_EE_009.png,EE,2024,EE,9,MCQ,B,1,0.33
EE_2024_EE_010.png,GATE_ESE_Papers/EE/EE/EE_2024_EE_010.png,EE,2024,EE,10,MCQ,A,1,0.33
EE_2024_EE_011.png,GATE_ESE_Papers/EE/EE/EE_2024_EE_011.png,EE,2024,EE,11,MCQ,A,1,0.33
EE_2024_EE_012.png,GATE_ESE_Papers/EE/EE/EE_2024_EE_012.png,EE,2024,EE,12,MCQ,B,1,0.33
EE_2024_EE_013.png,GATE_ESE_Papers/EE/EE/EE_2024_EE_013.png,EE,2024,EE,13,MCQ,D,1,0.33
EE_2024_EE_014.png,GATE_ESE_Papers/EE/EE/EE_2024_EE_014.png,EE,2024,EE,14,MCQ,A,1,0.33
EE_2024_EE_015.png,GATE_ESE_Papers/EE/EE/EE_2024_EE_015.png,EE,2024,EE,15,MCQ,C,1,0.33
EE_2024_EE_016.png,GATE_ESE_Papers/EE/EE/EE_2024_EE_016.png,EE,2024,EE,16,MCQ,A,1,0.33
EE_2024_EE_017.png,GATE_ESE_Papers/EE/EE/EE_2024_EE_017.png,EE,2024,EE,17,MCQ,A,1,0.33
EE_2024_EE_018.png,GATE_ESE_Papers/EE/EE/EE_2024_EE_018.png,EE,2024,EE,18,MSQ,"A,C",1,0
EE_2024_EE_019.png,GATE_ESE_Papers/EE/EE/EE_2024_EE_019.png,EE,2024,EE,19,MSQ,"A,C",1,0
EE_2024_EE_020.png,GATE_ESE_Papers/EE/EE/EE_2024_EE_020.png,EE,2024,EE,20,NAT,7 to 7,1,0
EE_2024_EE_021.png,GATE_ESE_Papers/EE/EE/EE_2024_EE_021.png,EE,2024,EE,21,NAT,5 to 5,1,0
EE_2024_EE_022.png,GATE_ESE_Papers/EE/EE/EE_2024_EE_022.png,EE,2024,EE,22,NAT,0.975 to 0.985,1,0
EE_2024_EE_023.png,GATE_ESE_Papers/EE/EE/EE_2024_EE_023.png,EE,2024,EE,23,NAT,0.380 to 0.400,1,0
EE_2024_EE_024.png,GATE_ESE_Papers/EE/EE/EE_2024_EE_024.png,EE,2024,EE,24,NAT,90 to 90,1,0
EE_2024_EE_025.png,GATE_ESE_Papers/EE/EE/EE_2024_EE_025.png,EE,2024,EE,25,NAT,66.25 to 66.75,1,0
EE_2024_EE_026.png,GATE_ESE_Papers/EE/EE/EE_2024_EE_026.png,EE,2024,EE,26,MCQ,A,2,0.67
EE_2024_EE_027.png,GATE_ESE_Papers/EE/EE/EE_2024_EE_027.png,EE,2024,EE,27,MCQ,A,2,0.67
EE_2024_EE_028.png,GATE_ESE_Papers/EE/EE/EE_2024_EE_028.png,EE,2024,EE,28,MCQ,C,2,0.67
EE_2024_EE_029.png,GATE_ESE_Papers/EE/EE/EE_2024_EE_029.png,EE,2024,EE,29,MCQ,C,2,0.67
EE_2024_EE_030.png,GATE_ESE_Papers/EE/EE/EE_2024_EE_030.png,EE,2024,EE,30,MCQ,A,2,0.67
EE_2024_EE_031.png,GATE_ESE_Papers/EE/EE/EE_2024_EE_031.png,EE,2024,EE,31,MCQ,B,2,0.67
EE_2024_EE_032.png,GATE_ESE_Papers/EE/EE/EE_2024_EE_032.png,EE,2024,EE,32,MCQ,B,2,0.67
EE_2024_EE_033.png,GATE_ESE_Papers/EE/EE/EE_2024_EE_033.png,EE,2024,EE,33,MCQ,A,2,0.67
EE_2024_EE_034.png,GATE_ESE_Papers/EE/EE/EE_2024_EE_034.png,EE,2024,EE,34,MCQ,A,2,0.67
EE_2024_EE_035.png,GATE_ESE_Papers/EE/EE/EE_2024_EE_035.png,EE,2024,EE,35,MCQ,C,2,0.67
EE_2024_EE_036.png,GATE_ESE_Papers/EE/EE/EE_2024_EE_036.png,EE,2024,EE,36,MCQ,A,2,0.67
EE_2024_EE_037.png,GATE_ESE_Papers/EE/EE/EE_2024_EE_037.png,EE,2024,EE,37,MCQ,A,2,0.67
EE_2024_EE_038.png,GATE_ESE_Papers/EE/EE/EE_2024_EE_038.png,EE,2024,EE,38,MCQ,A,2,0.67
EE_2024_EE_039.png,GATE_ESE_Papers/EE/EE/EE_2024_EE_039.png,EE,2024,EE,39,MCQ,B,2,0.67
EE_2024_EE_040.png,GATE_ESE_Papers/EE/EE/EE_2024_EE_040.png,EE,2024,EE,40,MCQ,C,2,0.67
EE_2024_EE_041.png,GATE_ESE_Papers/EE/EE/EE_2024_EE_041.png,EE,2024,EE,41,MSQ,"B,D",2,0
EE_2024_EE_042.png,GATE_ESE_Papers/EE/EE/EE_2024_EE_042.png,EE,2024,EE,42,MSQ,"A,D",2,0
EE_2024_EE_043.png,GATE_ESE_Papers/EE/EE/EE_2024_EE_043.png,EE,2024,EE,43,NAT,0 to 1,2,0
EE_2024_EE_044.png,GATE_ESE_Papers/EE/EE/EE_2024_EE_044.png,EE,2024,EE,44,NAT,2 to 2,2,0
EE_2024_EE_045.png,GATE_ESE_Papers/EE/EE/EE_2024_EE_045.png,EE,2024,EE,45,NAT,0 to 0,2,0
EE_2024_EE_046.png,GATE_ESE_Papers/EE/EE/EE_2024_EE_046.png,EE,2024,EE,46,NAT,2 to 2,2,0
EE_2024_EE_047.png,GATE_ESE_Papers/EE/EE/EE_2024_EE_047.png,EE,2024,EE,47,NAT,4.0 to 4.2,2,0
EE_2024_EE_048.png,GATE_ESE_Papers/EE/EE/EE_2024_EE_048.png,EE,2024,EE,48,NAT,78.0 to 81.0,2,0
EE_2024_EE_049.png,GATE_ESE_Papers/EE/EE/EE_2024_EE_049.png,EE,2024,EE,49,NAT,-2.00 to -1.94 OR 1.94 to 2.00,2,0
EE_2024_EE_050.png,GATE_ESE_Papers/EE/EE/EE_2024_EE_050.png,EE,2024,EE,50,NAT,1.7 to 1.9,2,0
EE_2024_EE_051.png,GATE_ESE_Papers/EE/EE/EE_2024_EE_051.png,EE,2024,EE,51,NAT,200 to 200,2,0
EE_2024_EE_052.png,GATE_ESE_Papers/EE/EE/EE_2024_EE_052.png,EE,2024,EE,52,NAT,3 to 3,2,0
EE_2024_EE_053.png,GATE_ESE_Papers/EE/EE/EE_2024_EE_053.png,EE,2024,EE,53,NAT,8.5 to 10.0,2,0
EE_2024_EE_054.png,GATE_ESE_Papers/EE/EE/EE_2024_EE_054.png,EE,2024,EE,54,NAT,216 to 216,2,0
EE_2024_EE_055.png,GATE_ESE_Papers/EE/EE/EE_2024_EE_055.png,EE,2024,EE,55,NAT,0.1 to 0.1,2,0
EE_2025_GA_001.png,GATE_ESE_Papers/EE/GA/EE_2025_GA_001.png,EE,2025,GA,1,MCQ,A,1,0.33
EE_2025_GA_002.png,GATE_ESE_Papers/EE/GA/EE_2025_GA_002.png,EE,2025,GA,2,MCQ,A,1,0.33
EE_2025_GA_003.png,GATE_ESE_Papers/EE/GA/EE_2025_GA_003.png,EE,2025,GA,3,MCQ,D,1,0.33
EE_2025_GA_004.png,GATE_ESE_Papers/EE/GA/EE_2025_GA_004.png,EE,2025,GA,4,MCQ,C,1,0.33
EE_2025_GA_005.png,GATE_ESE_Papers/EE/GA/EE_2025_GA_005.png,EE,2025,GA,5,MCQ,A,1,0.33
EE_2025_GA_006.png,GATE_ESE_Papers/EE/GA/EE_2025_GA_006.png,EE,2025,GA,6,MCQ,C,2,0.67
EE_2025_GA_007.png,GATE_ESE_Papers/EE/GA/EE_2025_GA_007.png,EE,2025,GA,7,MCQ,MTA,2,0
EE_2025_GA_008.png,GATE_ESE_Papers/EE/GA/EE_2025_GA_008.png,EE,2025,GA,8,MCQ,C,2,0.67
EE_2025_GA_009.png,GATE_ESE_Papers/EE/GA/EE_2025_GA_009.png,EE,2025,GA,9,MCQ,B,2,0.67
EE_2025_GA_010.png,GATE_ESE_Papers/EE/GA/EE_2025_GA_010.png,EE,2025,GA,10,MCQ,A,2,0.67
EE_2025_EE_001.png,GATE_ESE_Papers/EE/EE/EE_2025_EE_001.png,EE,2025,EE,1,MCQ,C,1,0.33
EE_2025_EE_002.png,GATE_ESE_Papers/EE/EE/EE_2025_EE_002.png,EE,2025,EE,2,MCQ,A,1,0.33
EE_2025_EE_003.png,GATE_ESE_Papers/EE/EE/EE_2025_EE_003.png,EE,2025,EE,3,MCQ,A,1,0.33
EE_2025_EE_004.png,GATE_ESE_Papers/EE/EE/EE_2025_EE_004.png,EE,2025,EE,4,MCQ,A,1,0.33
EE_2025_EE_005.png,GATE_ESE_Papers/EE/EE/EE_2025_EE_005.png,EE,2025,EE,5,MCQ,A,1,0.33
EE_2025_EE_006.png,GATE_ESE_Papers/EE/EE/EE_2025_EE_006.png,EE,2025,EE,6,MCQ,A,1,0.33
EE_2025_EE_007.png,GATE_ESE_Papers/EE/EE/EE_2025_EE_007.png,EE,2025,EE,7,MCQ,C,1,0.33
EE_2025_EE_008.png,GATE_ESE_Papers/EE/EE/EE_2025_EE_008.png,EE,2025,EE,8,MCQ,MTA,1,0
EE_2025_EE_009.png,GATE_ESE_Papers/EE/EE/EE_2025_EE_009.png,EE,2025,EE,9,MCQ,C,1,0.33
EE_2025_EE_010.png,GATE_ESE_Papers/EE/EE/EE_2025_EE_010.png,EE,2025,EE,10,MCQ,D,1,0.33
EE_2025_EE_011.png,GATE_ESE_Papers/EE/EE/EE_2025_EE_011.png,EE,2025,EE,11,MCQ,B,1,0.33
EE_2025_EE_012.png,GATE_ESE_Papers/EE/EE/EE_2025_EE_012.png,EE,2025,EE,12,MCQ,B,1,0.33
EE_2025_EE_013.png,GATE_ESE_Papers/EE/EE/EE_2025_EE_013.png,EE,2025,EE,13,MCQ,C,1,0.33
EE_2025_EE_014.png,GATE_ESE_Papers/EE/EE/EE_2025_EE_014.png,EE,2025,EE,14,MCQ,A,1,0.33
EE_2025_EE_015.png,GATE_ESE_Papers/EE/EE/EE_2025_EE_015.png,EE,2025,EE,15,MCQ,C,1,0.33
EE_2025_EE_016.png,GATE_ESE_Papers/EE/EE/EE_2025_EE_016.png,EE,2025,EE,16,MCQ,B,1,0.33
EE_2025_EE_017.png,GATE_ESE_Papers/EE/EE/EE_2025_EE_017.png,EE,2025,EE,17,MCQ,D,1,0.33
EE_2025_EE_018.png,GATE_ESE_Papers/EE/EE/EE_2025_EE_018.png,EE,2025,EE,18,MCQ,B,1,0.33
EE_2025_EE_019.png,GATE_ESE_Papers/EE/EE/EE_2025_EE_019.png,EE,2025,EE,19,MSQ,"B,D",1,0
EE_2025_EE_020.png,GATE_ESE_Papers/EE/EE/EE_2025_EE_020.png,EE,2025,EE,20,MSQ,D,1,0
EE_2025_EE_021.png,GATE_ESE_Papers/EE/EE/EE_2025_EE_021.png,EE,2025,EE,21,NAT,0.0 to 0.0,1,0
EE_2025_EE_022.png,GATE_ESE_Papers/EE/EE/EE_2025_EE_022.png,EE,2025,EE,22,NAT,29 to 29,1,0
EE_2025_EE_023.png,GATE_ESE_Papers/EE/EE/EE_2025_EE_023.png,EE,2025,EE,23,NAT,0.0 to 0.0,1,0
EE_2025_EE_024.png,GATE_ESE_Papers/EE/EE/EE_2025_EE_024.png,EE,2025,EE,24,NAT,35 to 35,1,0
EE_2025_EE_025.png,GATE_ESE_Papers/EE/EE/EE_2025_EE_025.png,EE,2025,EE,25,NAT,50 to 50,1,0
EE_2025_EE_026.png,GATE_ESE_Papers/EE/EE/EE_2025_EE_026.png,EE,2025,EE,26,MCQ,C,2,0.67
EE_2025_EE_027.png,GATE_ESE_Papers/EE/EE/EE_2025_EE_027.png,EE,2025,EE,27,MCQ,B,2,0.67
EE_2025_EE_028.png,GATE_ESE_Papers/EE/EE/EE_2025_EE_028.png,EE,2025,EE,28,MCQ,D,2,0.67
EE_2025_EE_029.png,GATE_ESE_Papers/EE/EE/EE_2025_EE_029.png,EE,2025,EE,29,MCQ,C,2,0.67
EE_2025_EE_030.png,GATE_ESE_Papers/EE/EE/EE_2025_EE_030.png,EE,2025,EE,30,MCQ,A,2,0.67
EE_2025_EE_031.png,GATE_ESE_Papers/EE/EE/EE_2025_EE_031.png,EE,2025,EE,31,MCQ,A,2,0.67
EE_2025_EE_032.png,GATE_ESE_Papers/EE/EE/EE_2025_EE_032.png,EE,2025,EE,32,MCQ,A,2,0.67
EE_2025_EE_033.png,GATE_ESE_Papers/EE/EE/EE_2025_EE_033.png,EE,2025,EE,33,MSQ,B,2,0
EE_2025_EE_034.png,GATE_ESE_Papers/EE/EE/EE_2025_EE_034.png,EE,2025,EE,34,MSQ,B,2,0
EE_2025_EE_035.png,GATE_ESE_Papers/EE/EE/EE_2025_EE_035.png,EE,2025,EE,35,MSQ,"B,D",2,0
EE_2025_EE_036.png,GATE_ESE_Papers/EE/EE/EE_2025_EE_036.png,EE,2025,EE,36,MSQ,"A,D",2,0
EE_2025_EE_037.png,GATE_ESE_Papers/EE/EE/EE_2025_EE_037.png,EE,2025,EE,37,MSQ,"B,D",2,0
EE_2025_EE_038.png,GATE_ESE_Papers/EE/EE/EE_2025_EE_038.png,EE,2025,EE,38,NAT,-19.90 to -19.70,2,0
EE_2025_EE_039.png,GATE_ESE_Papers/EE/EE/EE_2025_EE_039.png,EE,2025,EE,39,NAT,5.32 to 5.34,2,0
EE_2025_EE_040.png,GATE_ESE_Papers/EE/EE/EE_2025_EE_040.png,EE,2025,EE,40,NAT,692 to 693,2,0
EE_2025_EE_041.png,GATE_ESE_Papers/EE/EE/EE_2025_EE_041.png,EE,2025,EE,41,NAT,-1.7 to -1.5,2,0
EE_2025_EE_042.png,GATE_ESE_Papers/EE/EE/EE_2025_EE_042.png,EE,2025,EE,42,NAT,2 to 2,2,0
EE_2025_EE_043.png,GATE_ESE_Papers/EE/EE/EE_2025_EE_043.png,EE,2025,EE,43,NAT,2.0 to 2.0,2,0
EE_2025_EE_044.png,GATE_ESE_Papers/EE/EE/EE_2025_EE_044.png,EE,2025,EE,44,NAT,0.26 to 0.29,2,0
EE_2025_EE_045.png,GATE_ESE_Papers/EE/EE/EE_2025_EE_045.png,EE,2025,EE,45,NAT,27.19 to 27.39,2,0
EE_2025_EE_046.png,GATE_ESE_Papers/EE/EE/EE_2025_EE_046.png,EE,2025,EE,46,NAT,0.10 to 0.12,2,0
EE_2025_EE_047.png,GATE_ESE_Papers/EE/EE/EE_2025_EE_047.png,EE,2025,EE,47,NAT,4 to 8,2,0
EE_2025_EE_048.png,GATE_ESE_Papers/EE/EE/EE_2025_EE_048.png,EE,2025,EE,48,NAT,0.09 to 0.11,2,0
EE_2025_EE_049.png,GATE_ESE_Papers/EE/EE/EE_2025_EE_049.png,EE,2025,EE,49,NAT,1.11 to 1.13,2,0
EE_2025_EE_050.png,GATE_ESE_Papers/EE/EE/EE_2025_EE_050.png,EE,2025,EE,50,NAT,1.64 to 1.70,2,0
EE_2025_EE_051.png,GATE_ESE_Papers/EE/EE/EE_2025_EE_051.png,EE,2025,EE,51,NAT,39.50 to 41.50,2,0
EE_2025_EE_052.png,GATE_ESE_Papers/EE/EE/EE_2025_EE_052.png,EE,2025,EE,52,NAT,0.940 to 0.970,2,0
EE_2025_EE_053.png,GATE_ESE_Papers/EE/EE/EE_2025_EE_053.png,EE,2025,EE,53,NAT,50 to 50,2,0
EE_2025_EE_054.png,GATE_ESE_Papers/EE/EE/EE_2025_EE_054.png,EE,2025,EE,54,NAT,13 to 13,2,0
EE_2025_EE_055.png,GATE_ESE_Papers/EE/EE/EE_2025_EE_055.png,EE,2025,EE,55,NAT,113.00 to 116.00,2,0
EE_2026_GA_001.png,GATE_ESE_Papers/EE/GA/EE_2026_GA_001.png,EE,2026,GA,1,MCQ,A,1,0.33
EE_2026_GA_002.png,GATE_ESE_Papers/EE/GA/EE_2026_GA_002.png,EE,2026,GA,2,MCQ,A,1,0.33
EE_2026_GA_003.png,GATE_ESE_Papers/EE/GA/EE_2026_GA_003.png,EE,2026,GA,3,MCQ,A,1,0.33
EE_2026_GA_004.png,GATE_ESE_Papers/EE/GA/EE_2026_GA_004.png,EE,2026,GA,4,MCQ,C,1,0.33
EE_2026_GA_005.png,GATE_ESE_Papers/EE/GA/EE_2026_GA_005.png,EE,2026,GA,5,MCQ,B,1,0.33
EE_2026_GA_006.png,GATE_ESE_Papers/EE/GA/EE_2026_GA_006.png,EE,2026,GA,6,MCQ,A,2,0.67
EE_2026_GA_007.png,GATE_ESE_Papers/EE/GA/EE_2026_GA_007.png,EE,2026,GA,7,MCQ,B,2,0.67
EE_2026_GA_008.png,GATE_ESE_Papers/EE/GA/EE_2026_GA_008.png,EE,2026,GA,8,MCQ,A,2,0.67
EE_2026_GA_009.png,GATE_ESE_Papers/EE/GA/EE_2026_GA_009.png,EE,2026,GA,9,MCQ,B,2,0.67
EE_2026_GA_010.png,GATE_ESE_Papers/EE/GA/EE_2026_GA_010.png,EE,2026,GA,10,MCQ,D,2,0.67
EE_2026_EE_001.png,GATE_ESE_Papers/EE/EE/EE_2026_EE_001.png,EE,2026,EE,1,MCQ,C,1,0.33
EE_2026_EE_002.png,GATE_ESE_Papers/EE/EE/EE_2026_EE_002.png,EE,2026,EE,2,MCQ,D,1,0.33
EE_2026_EE_003.png,GATE_ESE_Papers/EE/EE/EE_2026_EE_003.png,EE,2026,EE,3,MCQ,A,1,0.33
EE_2026_EE_004.png,GATE_ESE_Papers/EE/EE/EE_2026_EE_004.png,EE,2026,EE,4,MCQ,A,1,0.33
EE_2026_EE_005.png,GATE_ESE_Papers/EE/EE/EE_2026_EE_005.png,EE,2026,EE,5,MCQ,C,1,0.33
EE_2026_EE_006.png,GATE_ESE_Papers/EE/EE/EE_2026_EE_006.png,EE,2026,EE,6,MCQ,B,1,0.33
EE_2026_EE_007.png,GATE_ESE_Papers/EE/EE/EE_2026_EE_007.png,EE,2026,EE,7,MCQ,C,1,0.33
EE_2026_EE_008.png,GATE_ESE_Papers/EE/EE/EE_2026_EE_008.png,EE,2026,EE,8,MCQ,B,1,0.33
EE_2026_EE_009.png,GATE_ESE_Papers/EE/EE/EE_2026_EE_009.png,EE,2026,EE,9,MCQ,D,1,0.33
EE_2026_EE_010.png,GATE_ESE_Papers/EE/EE/EE_2026_EE_010.png,EE,2026,EE,10,MCQ,B,1,0.33
EE_2026_EE_011.png,GATE_ESE_Papers/EE/EE/EE_2026_EE_011.png,EE,2026,EE,11,MCQ,A,1,0.33
EE_2026_EE_012.png,GATE_ESE_Papers/EE/EE/EE_2026_EE_012.png,EE,2026,EE,12,MCQ,C,1,0.33
EE_2026_EE_013.png,GATE_ESE_Papers/EE/EE/EE_2026_EE_013.png,EE,2026,EE,13,MCQ,B,1,0.33
EE_2026_EE_014.png,GATE_ESE_Papers/EE/EE/EE_2026_EE_014.png,EE,2026,EE,14,MCQ,B,1,0.33
EE_2026_EE_015.png,GATE_ESE_Papers/EE/EE/EE_2026_EE_015.png,EE,2026,EE,15,MCQ,A,1,0.33
EE_2026_EE_016.png,GATE_ESE_Papers/EE/EE/EE_2026_EE_016.png,EE,2026,EE,16,MCQ,B,1,0.33
EE_2026_EE_017.png,GATE_ESE_Papers/EE/EE/EE_2026_EE_017.png,EE,2026,EE,17,MCQ,C,1,0.33
EE_2026_EE_018.png,GATE_ESE_Papers/EE/EE/EE_2026_EE_018.png,EE,2026,EE,18,MCQ,B,1,0.33
EE_2026_EE_019.png,GATE_ESE_Papers/EE/EE/EE_2026_EE_019.png,EE,2026,EE,19,MCQ,A,1,0.33
EE_2026_EE_020.png,GATE_ESE_Papers/EE/EE/EE_2026_EE_020.png,EE,2026,EE,20,MSQ,"A,B,D",1,0
EE_2026_EE_021.png,GATE_ESE_Papers/EE/EE/EE_2026_EE_021.png,EE,2026,EE,21,MSQ,A,1,0
EE_2026_EE_022.png,GATE_ESE_Papers/EE/EE/EE_2026_EE_022.png,EE,2026,EE,22,NAT,0 to 0,1,0
EE_2026_EE_023.png,GATE_ESE_Papers/EE/EE/EE_2026_EE_023.png,EE,2026,EE,23,NAT,47.5 to 48.0,1,0
EE_2026_EE_024.png,GATE_ESE_Papers/EE/EE/EE_2026_EE_024.png,EE,2026,EE,24,NAT,32.3 to 32.5,1,0
EE_2026_EE_025.png,GATE_ESE_Papers/EE/EE/EE_2026_EE_025.png,EE,2026,EE,25,NAT,0 to 0,1,0
EE_2026_EE_026.png,GATE_ESE_Papers/EE/EE/EE_2026_EE_026.png,EE,2026,EE,26,MCQ,B,2,0.67
EE_2026_EE_027.png,GATE_ESE_Papers/EE/EE/EE_2026_EE_027.png,EE,2026,EE,27,MCQ,A,2,0.67
EE_2026_EE_028.png,GATE_ESE_Papers/EE/EE/EE_2026_EE_028.png,EE,2026,EE,28,MCQ,D,2,0.67
EE_2026_EE_029.png,GATE_ESE_Papers/EE/EE/EE_2026_EE_029.png,EE,2026,EE,29,MCQ,D,2,0.67
EE_2026_EE_030.png,GATE_ESE_Papers/EE/EE/EE_2026_EE_030.png,EE,2026,EE,30,MCQ,A,2,0.67
EE_2026_EE_031.png,GATE_ESE_Papers/EE/EE/EE_2026_EE_031.png,EE,2026,EE,31,MCQ,D,2,0.67
EE_2026_EE_032.png,GATE_ESE_Papers/EE/EE/EE_2026_EE_032.png,EE,2026,EE,32,MCQ,C,2,0.67
EE_2026_EE_033.png,GATE_ESE_Papers/EE/EE/EE_2026_EE_033.png,EE,2026,EE,33,MCQ,B,2,0.67
EE_2026_EE_034.png,GATE_ESE_Papers/EE/EE/EE_2026_EE_034.png,EE,2026,EE,34,MCQ,C,2,0.67
EE_2026_EE_035.png,GATE_ESE_Papers/EE/EE/EE_2026_EE_035.png,EE,2026,EE,35,MCQ,B,2,0.67
EE_2026_EE_036.png,GATE_ESE_Papers/EE/EE/EE_2026_EE_036.png,EE,2026,EE,36,MCQ,D,2,0.67
EE_2026_EE_037.png,GATE_ESE_Papers/EE/EE/EE_2026_EE_037.png,EE,2026,EE,37,MCQ,B,2,0.67
EE_2026_EE_038.png,GATE_ESE_Papers/EE/EE/EE_2026_EE_038.png,EE,2026,EE,38,MCQ,C,2,0.67
EE_2026_EE_039.png,GATE_ESE_Papers/EE/EE/EE_2026_EE_039.png,EE,2026,EE,39,MCQ,A,2,0.67
EE_2026_EE_040.png,GATE_ESE_Papers/EE/EE/EE_2026_EE_040.png,EE,2026,EE,40,MCQ,A,2,0.67
EE_2026_EE_041.png,GATE_ESE_Papers/EE/EE/EE_2026_EE_041.png,EE,2026,EE,41,MCQ,A,2,0.67
EE_2026_EE_042.png,GATE_ESE_Papers/EE/EE/EE_2026_EE_042.png,EE,2026,EE,42,MCQ,D,2,0.67
EE_2026_EE_043.png,GATE_ESE_Papers/EE/EE/EE_2026_EE_043.png,EE,2026,EE,43,MCQ,C,2,0.67
EE_2026_EE_044.png,GATE_ESE_Papers/EE/EE/EE_2026_EE_044.png,EE,2026,EE,44,MSQ,"A,D",2,0
EE_2026_EE_045.png,GATE_ESE_Papers/EE/EE/EE_2026_EE_045.png,EE,2026,EE,45,MSQ,"A,B,D",2,0
EE_2026_EE_046.png,GATE_ESE_Papers/EE/EE/EE_2026_EE_046.png,EE,2026,EE,46,MSQ,"A,B,C",2,0
EE_2026_EE_047.png,GATE_ESE_Papers/EE/EE/EE_2026_EE_047.png,EE,2026,EE,47,NAT,750 to 750,2,0
EE_2026_EE_048.png,GATE_ESE_Papers/EE/EE/EE_2026_EE_048.png,EE,2026,EE,48,NAT,MTA*,2,0
EE_2026_EE_049.png,GATE_ESE_Papers/EE/EE/EE_2026_EE_049.png,EE,2026,EE,49,NAT,0.09 to 0.09,2,0
EE_2026_EE_050.png,GATE_ESE_Papers/EE/EE/EE_2026_EE_050.png,EE,2026,EE,50,NAT,2.81 to 2.91,2,0
EE_2026_EE_051.png,GATE_ESE_Papers/EE/EE/EE_2026_EE_051.png,EE,2026,EE,51,NAT,1.04 to 1.14,2,0
EE_2026_EE_052.png,GATE_ESE_Papers/EE/EE/EE_2026_EE_052.png,EE,2026,EE,52,NAT,25.00 to 25.60,2,0
EE_2026_EE_053.png,GATE_ESE_Papers/EE/EE/EE_2026_EE_053.png,EE,2026,EE,53,NAT,0.38 to 0.42,2,0
EE_2026_EE_054.png,GATE_ESE_Papers/EE/EE/EE_2026_EE_054.png,EE,2026,EE,54,NAT,0.1 to 0.1,2,0
EE_2026_EE_055.png,GATE_ESE_Papers/EE/EE/EE_2026_EE_055.png,EE,2026,EE,55,NAT,0.25 to 0.25,2,0
EE_2017_EE_001.png,GATE_ESE_Papers/EE/EE/EE_2017_EE_001.png,EE,2017,EE,1,MCQ,A,1,
EE_2017_EE_002.png,GATE_ESE_Papers/EE/EE/EE_2017_EE_002.png,EE,2017,EE,2,MCQ,C,1,
EE_2017_EE_003.png,GATE_ESE_Papers/EE/EE/EE_2017_EE_003.png,EE,2017,EE,3,MCQ,C,1,
EE_2017_EE_004.png,GATE_ESE_Papers/EE/EE/EE_2017_EE_004.png,EE,2017,EE,4,MCQ,B,1,
EE_2017_EE_005.png,GATE_ESE_Papers/EE/EE/EE_2017_EE_005.png,EE,2017,EE,5,MCQ,D,1,
EE_2017_EE_006.png,GATE_ESE_Papers/EE/EE/EE_2017_EE_006.png,EE,2017,EE,6,MCQ,A,1,
EE_2017_EE_007.png,GATE_ESE_Papers/EE/EE/EE_2017_EE_007.png,EE,2017,EE,7,MCQ,C,1,
EE_2017_EE_008.png,GATE_ESE_Papers/EE/EE/EE_2017_EE_008.png,EE,2017,EE,8,MCQ,C,1,
EE_2017_EE_009.png,GATE_ESE_Papers/EE/EE/EE_2017_EE_009.png,EE,2017,EE,9,MCQ,B,1,
EE_2017_EE_010.png,GATE_ESE_Papers/EE/EE/EE_2017_EE_010.png,EE,2017,EE,10,MCQ,B,1,
EE_2017_EE_011.png,GATE_ESE_Papers/EE/EE/EE_2017_EE_011.png,EE,2017,EE,11,MCQ,C,1,
EE_2017_EE_012.png,GATE_ESE_Papers/EE/EE/EE_2017_EE_012.png,EE,2017,EE,12,MCQ,B,1,
EE_2017_EE_013.png,GATE_ESE_Papers/EE/EE/EE_2017_EE_013.png,EE,2017,EE,13,MCQ,B,1,
EE_2017_EE_014.png,GATE_ESE_Papers/EE/EE/EE_2017_EE_014.png,EE,2017,EE,14,MCQ,A,1,
EE_2017_EE_015.png,GATE_ESE_Papers/EE/EE/EE_2017_EE_015.png,EE,2017,EE,15,MCQ,A,1,
EE_2017_EE_016.png,GATE_ESE_Papers/EE/EE/EE_2017_EE_016.png,EE,2017,EE,16,MCQ,B,1,
EE_2017_EE_017.png,GATE_ESE_Papers/EE/EE/EE_2017_EE_017.png,EE,2017,EE,17,MCQ,B,1,
EE_2017_EE_018.png,GATE_ESE_Papers/EE/EE/EE_2017_EE_018.png,EE,2017,EE,18,MCQ,C,1,
EE_2017_EE_019.png,GATE_ESE_Papers/EE/EE/EE_2017_EE_019.png,EE,2017,EE,19,MCQ,A,1,
EE_2017_EE_020.png,GATE_ESE_Papers/EE/EE/EE_2017_EE_020.png,EE,2017,EE,20,MCQ,A,1,
EE_2017_EE_021.png,GATE_ESE_Papers/EE/EE/EE_2017_EE_021.png,EE,2017,EE,21,MCQ,A,1,
EE_2017_EE_022.png,GATE_ESE_Papers/EE/EE/EE_2017_EE_022.png,EE,2017,EE,22,MCQ,C,1,
EE_2017_EE_023.png,GATE_ESE_Papers/EE/EE/EE_2017_EE_023.png,EE,2017,EE,23,MCQ,C,1,
EE_2017_EE_024.png,GATE_ESE_Papers/EE/EE/EE_2017_EE_024.png,EE,2017,EE,24,MCQ,D,1,
EE_2017_EE_025.png,GATE_ESE_Papers/EE/EE/EE_2017_EE_025.png,EE,2017,EE,25,MCQ,A,1,
EE_2017_EE_026.png,GATE_ESE_Papers/EE/EE/EE_2017_EE_026.png,EE,2017,EE,26,MCQ,B,1,
EE_2017_EE_027.png,GATE_ESE_Papers/EE/EE/EE_2017_EE_027.png,EE,2017,EE,27,MCQ,B,1,
EE_2017_EE_028.png,GATE_ESE_Papers/EE/EE/EE_2017_EE_028.png,EE,2017,EE,28,MCQ,B,1,
EE_2017_EE_029.png,GATE_ESE_Papers/EE/EE/EE_2017_EE_029.png,EE,2017,EE,29,MCQ,C,1,
EE_2017_EE_030.png,GATE_ESE_Papers/EE/EE/EE_2017_EE_030.png,EE,2017,EE,30,MCQ,A,1,
EE_2017_EE_031.png,GATE_ESE_Papers/EE/EE/EE_2017_EE_031.png,EE,2017,EE,31,MCQ,A,1,
EE_2017_EE_032.png,GATE_ESE_Papers/EE/EE/EE_2017_EE_032.png,EE,2017,EE,32,MCQ,B,1,
EE_2017_EE_033.png,GATE_ESE_Papers/EE/EE/EE_2017_EE_033.png,EE,2017,EE,33,MCQ,B,1,
EE_2017_EE_034.png,GATE_ESE_Papers/EE/EE/EE_2017_EE_034.png,EE,2017,EE,34,MCQ,A,1,
EE_2017_EE_035.png,GATE_ESE_Papers/EE/EE/EE_2017_EE_035.png,EE,2017,EE,35,MCQ,D,1,
EE_2017_EE_036.png,GATE_ESE_Papers/EE/EE/EE_2017_EE_036.png,EE,2017,EE,36,MCQ,D,1,
EE_2017_EE_037.png,GATE_ESE_Papers/EE/EE/EE_2017_EE_037.png,EE,2017,EE,37,MCQ,B,1,
EE_2017_EE_038.png,GATE_ESE_Papers/EE/EE/EE_2017_EE_038.png,EE,2017,EE,38,MCQ,B,1,
EE_2017_EE_039.png,GATE_ESE_Papers/EE/EE/EE_2017_EE_039.png,EE,2017,EE,39,MCQ,D,1,
EE_2017_EE_040.png,GATE_ESE_Papers/EE/EE/EE_2017_EE_040.png,EE,2017,EE,40,MCQ,D,1,
EE_2017_EE_041.png,GATE_ESE_Papers/EE/EE/EE_2017_EE_041.png,EE,2017,EE,41,MCQ,D,1,
EE_2017_EE_042.png,GATE_ESE_Papers/EE/EE/EE_2017_EE_042.png,EE,2017,EE,42,MCQ,A,1,
EE_2017_EE_043.png,GATE_ESE_Papers/EE/EE/EE_2017_EE_043.png,EE,2017,EE,43,MCQ,C,1,
EE_2017_EE_044.png,GATE_ESE_Papers/EE/EE/EE_2017_EE_044.png,EE,2017,EE,44,MCQ,B,1,
EE_2017_EE_045.png,GATE_ESE_Papers/EE/EE/EE_2017_EE_045.png,EE,2017,EE,45,MCQ,B,1,
EE_2017_EE_046.png,GATE_ESE_Papers/EE/EE/EE_2017_EE_046.png,EE,2017,EE,46,MCQ,UNKNOWN,1,
EE_2017_EE_047.png,GATE_ESE_Papers/EE/EE/EE_2017_EE_047.png,EE,2017,EE,47,MCQ,B,1,
EE_2017_EE_048.png,GATE_ESE_Papers/EE/EE/EE_2017_EE_048.png,EE,2017,EE,48,MCQ,C,1,
EE_2017_EE_049.png,GATE_ESE_Papers/EE/EE/EE_2017_EE_049.png,EE,2017,EE,49,MCQ,*,1,
EE_2017_EE_050.png,GATE_ESE_Papers/EE/EE/EE_2017_EE_050.png,EE,2017,EE,50,MCQ,A,1,
EE_2017_EE_051.png,GATE_ESE_Papers/EE/EE/EE_2017_EE_051.png,EE,2017,EE,51,MCQ,A,1,
EE_2017_EE_052.png,GATE_ESE_Papers/EE/EE/EE_2017_EE_052.png,EE,2017,EE,52,MCQ,D,1,
EE_2017_EE_053.png,GATE_ESE_Papers/EE/EE/EE_2017_EE_053.png,EE,2017,EE,53,MCQ,C,1,
EE_2017_EE_054.png,GATE_ESE_Papers/EE/EE/EE_2017_EE_054.png,EE,2017,EE,54,MCQ,A,1,
EE_2017_EE_055.png,GATE_ESE_Papers/EE/EE/EE_2017_EE_055.png,EE,2017,EE,55,MCQ,B,1,
EE_2017_EE_056.png,GATE_ESE_Papers/EE/EE/EE_2017_EE_056.png,EE,2017,EE,56,MCQ,B,1,
EE_2017_EE_057.png,GATE_ESE_Papers/EE/EE/EE_2017_EE_057.png,EE,2017,EE,57,MCQ,D,1,
EE_2017_EE_058.png,GATE_ESE_Papers/EE/EE/EE_2017_EE_058.png,EE,2017,EE,58,MCQ,D,1,
EE_2017_EE_059.png,GATE_ESE_Papers/EE/EE/EE_2017_EE_059.png,EE,2017,EE,59,MCQ,D,1,
EE_2017_EE_060.png,GATE_ESE_Papers/EE/EE/EE_2017_EE_060.png,EE,2017,EE,60,MCQ,C,1,
EE_2017_EE_061.png,GATE_ESE_Papers/EE/EE/EE_2017_EE_061.png,EE,2017,EE,61,MCQ,D,1,
EE_2017_EE_062.png,GATE_ESE_Papers/EE/EE/EE_2017_EE_062.png,EE,2017,EE,62,MCQ,D,1,
EE_2017_EE_063.png,GATE_ESE_Papers/EE/EE/EE_2017_EE_063.png,EE,2017,EE,63,MCQ,B,1,
EE_2017_EE_064.png,GATE_ESE_Papers/EE/EE/EE_2017_EE_064.png,EE,2017,EE,64,MCQ,B,1,
EE_2017_EE_065.png,GATE_ESE_Papers/EE/EE/EE_2017_EE_065.png,EE,2017,EE,65,MCQ,B,1,
EE_2017_EE_066.png,GATE_ESE_Papers/EE/EE/EE_2017_EE_066.png,EE,2017,EE,66,MCQ,A,1,
EE_2017_EE_067.png,GATE_ESE_Papers/EE/EE/EE_2017_EE_067.png,EE,2017,EE,67,MCQ,B,1,
EE_2017_EE_068.png,GATE_ESE_Papers/EE/EE/EE_2017_EE_068.png,EE,2017,EE,68,MCQ,B,1,
EE_2017_EE_069.png,GATE_ESE_Papers/EE/EE/EE_2017_EE_069.png,EE,2017,EE,69,MCQ,D,1,
EE_2017_EE_070.png,GATE_ESE_Papers/EE/EE/EE_2017_EE_070.png,EE,2017,EE,70,MCQ,A,1,
EE_2017_EE_071.png,GATE_ESE_Papers/EE/EE/EE_2017_EE_071.png,EE,2017,EE,71,MCQ,A,1,
EE_2017_EE_072.png,GATE_ESE_Papers/EE/EE/EE_2017_EE_072.png,EE,2017,EE,72,MCQ,D,1,
EE_2017_EE_073.png,GATE_ESE_Papers/EE/EE/EE_2017_EE_073.png,EE,2017,EE,73,MCQ,C,1,
EE_2017_EE_074.png,GATE_ESE_Papers/EE/EE/EE_2017_EE_074.png,EE,2017,EE,74,MCQ,C,1,
EE_2017_EE_075.png,GATE_ESE_Papers/EE/EE/EE_2017_EE_075.png,EE,2017,EE,75,MCQ,C,1,
EE_2017_EE_076.png,GATE_ESE_Papers/EE/EE/EE_2017_EE_076.png,EE,2017,EE,76,MCQ,C,1,
EE_2017_EE_077.png,GATE_ESE_Papers/EE/EE/EE_2017_EE_077.png,EE,2017,EE,77,MCQ,C,1,
EE_2017_EE_078.png,GATE_ESE_Papers/EE/EE/EE_2017_EE_078.png,EE,2017,EE,78,MCQ,D,1,
EE_2017_EE_079.png,GATE_ESE_Papers/EE/EE/EE_2017_EE_079.png,EE,2017,EE,79,MCQ,C,1,
EE_2017_EE_080.png,GATE_ESE_Papers/EE/EE/EE_2017_EE_080.png,EE,2017,EE,80,MCQ,A,1,
EE_2017_EE_081.png,GATE_ESE_Papers/EE/EE/EE_2017_EE_081.png,EE,2017,EE,81,MCQ,B,1,
EE_2017_EE_082.png,GATE_ESE_Papers/EE/EE/EE_2017_EE_082.png,EE,2017,EE,82,MCQ,C,1,
EE_2017_EE_083.png,GATE_ESE_Papers/EE/EE/EE_2017_EE_083.png,EE,2017,EE,83,MCQ,A,1,
EE_2017_EE_084.png,GATE_ESE_Papers/EE/EE/EE_2017_EE_084.png,EE,2017,EE,84,MCQ,C,1,
EE_2017_EE_085.png,GATE_ESE_Papers/EE/EE/EE_2017_EE_085.png,EE,2017,EE,85,MCQ,D,1,
EE_2017_EE_086.png,GATE_ESE_Papers/EE/EE/EE_2017_EE_086.png,EE,2017,EE,86,MCQ,D,1,
EE_2017_EE_087.png,GATE_ESE_Papers/EE/EE/EE_2017_EE_087.png,EE,2017,EE,87,MCQ,D,1,
EE_2017_EE_088.png,GATE_ESE_Papers/EE/EE/EE_2017_EE_088.png,EE,2017,EE,88,MCQ,B,1,
EE_2017_EE_089.png,GATE_ESE_Papers/EE/EE/EE_2017_EE_089.png,EE,2017,EE,89,MCQ,C,1,
EE_2017_EE_090.png,GATE_ESE_Papers/EE/EE/EE_2017_EE_090.png,EE,2017,EE,90,MCQ,C,1,
EE_2017_EE_091.png,GATE_ESE_Papers/EE/EE/EE_2017_EE_091.png,EE,2017,EE,91,MCQ,C,1,
EE_2017_EE_092.png,GATE_ESE_Papers/EE/EE/EE_2017_EE_092.png,EE,2017,EE,92,MCQ,D,1,
EE_2017_EE_093.png,GATE_ESE_Papers/EE/EE/EE_2017_EE_093.png,EE,2017,EE,93,MCQ,A,1,
EE_2017_EE_094.png,GATE_ESE_Papers/EE/EE/EE_2017_EE_094.png,EE,2017,EE,94,MCQ,B,1,
EE_2017_EE_095.png,GATE_ESE_Papers/EE/EE/EE_2017_EE_095.png,EE,2017,EE,95,MCQ,A,1,
EE_2017_EE_096.png,GATE_ESE_Papers/EE/EE/EE_2017_EE_096.png,EE,2017,EE,96,MCQ,*,1,
EE_2017_EE_097.png,GATE_ESE_Papers/EE/EE/EE_2017_EE_097.png,EE,2017,EE,97,MCQ,A,1,
EE_2017_EE_098.png,GATE_ESE_Papers/EE/EE/EE_2017_EE_098.png,EE,2017,EE,98,MCQ,B,1,
EE_2017_EE_099.png,GATE_ESE_Papers/EE/EE/EE_2017_EE_099.png,EE,2017,EE,99,MCQ,C,1,
EE_2017_EE_100.png,GATE_ESE_Papers/EE/EE/EE_2017_EE_100.png,EE,2017,EE,100,MCQ,A,1,
EE_2017_EE_101.png,GATE_ESE_Papers/EE/EE/EE_2017_EE_101.png,EE,2017,EE,101,MCQ,UNKNOWN,1,
EE_2017_EE_102.png,GATE_ESE_Papers/EE/EE/EE_2017_EE_102.png,EE,2017,EE,102,MCQ,B,1,
EE_2017_EE_103.png,GATE_ESE_Papers/EE/EE/EE_2017_EE_103.png,EE,2017,EE,103,MCQ,C,1,
EE_2017_EE_104.png,GATE_ESE_Papers/EE/EE/EE_2017_EE_104.png,EE,2017,EE,104,MCQ,C,1,
EE_2017_EE_105.png,GATE_ESE_Papers/EE/EE/EE_2017_EE_105.png,EE,2017,EE,105,MCQ,B,1,
EE_2017_EE_106.png,GATE_ESE_Papers/EE/EE/EE_2017_EE_106.png,EE,2017,EE,106,MCQ,B,1,
EE_2017_EE_107.png,GATE_ESE_Papers/EE/EE/EE_2017_EE_107.png,EE,2017,EE,107,MCQ,C,1,
EE_2017_EE_108.png,GATE_ESE_Papers/EE/EE/EE_2017_EE_108.png,EE,2017,EE,108,MCQ,D,1,
EE_2017_EE_109.png,GATE_ESE_Papers/EE/EE/EE_2017_EE_109.png,EE,2017,EE,109,MCQ,A,1,
EE_2017_EE_110.png,GATE_ESE_Papers/EE/EE/EE_2017_EE_110.png,EE,2017,EE,110,MCQ,*,1,
EE_2017_EE_111.png,GATE_ESE_Papers/EE/EE/EE_2017_EE_111.png,EE,2017,EE,111,MCQ,C,1,
EE_2017_EE_112.png,GATE_ESE_Papers/EE/EE/EE_2017_EE_112.png,EE,2017,EE,112,MCQ,B,1,
EE_2017_EE_113.png,GATE_ESE_Papers/EE/EE/EE_2017_EE_113.png,EE,2017,EE,113,MCQ,B,1,
EE_2017_EE_114.png,GATE_ESE_Papers/EE/EE/EE_2017_EE_114.png,EE,2017,EE,114,MCQ,B,1,
EE_2017_EE_115.png,GATE_ESE_Papers/EE/EE/EE_2017_EE_115.png,EE,2017,EE,115,MCQ,B,1,
EE_2017_EE_116.png,GATE_ESE_Papers/EE/EE/EE_2017_EE_116.png,EE,2017,EE,116,MCQ,C,1,
EE_2017_EE_117.png,GATE_ESE_Papers/EE/EE/EE_2017_EE_117.png,EE,2017,EE,117,MCQ,C,1,
EE_2017_EE_118.png,GATE_ESE_Papers/EE/EE/EE_2017_EE_118.png,EE,2017,EE,118,MCQ,D,1,
EE_2017_EE_119.png,GATE_ESE_Papers/EE/EE/EE_2017_EE_119.png,EE,2017,EE,119,MCQ,C,1,
EE_2017_EE_120.png,GATE_ESE_Papers/EE/EE/EE_2017_EE_120.png,EE,2017,EE,120,MCQ,A,1,
EE_2017_EE_121.png,GATE_ESE_Papers/EE/EE/EE_2017_EE_121.png,EE,2017,EE,121,MCQ,C,1,
EE_2017_EE_122.png,GATE_ESE_Papers/EE/EE/EE_2017_EE_122.png,EE,2017,EE,122,MCQ,C,1,
EE_2017_EE_123.png,GATE_ESE_Papers/EE/EE/EE_2017_EE_123.png,EE,2017,EE,123,MCQ,A,1,
EE_2017_EE_124.png,GATE_ESE_Papers/EE/EE/EE_2017_EE_124.png,EE,2017,EE,124,MCQ,C,1,
EE_2017_EE_125.png,GATE_ESE_Papers/EE/EE/EE_2017_EE_125.png,EE,2017,EE,125,MCQ,C,1,
EE_2017_EE_126.png,GATE_ESE_Papers/EE/EE/EE_2017_EE_126.png,EE,2017,EE,126,MCQ,B,1,
EE_2017_EE_127.png,GATE_ESE_Papers/EE/EE/EE_2017_EE_127.png,EE,2017,EE,127,MCQ,B,1,
EE_2017_EE_128.png,GATE_ESE_Papers/EE/EE/EE_2017_EE_128.png,EE,2017,EE,128,MCQ,*,1,
EE_2017_EE_129.png,GATE_ESE_Papers/EE/EE/EE_2017_EE_129.png,EE,2017,EE,129,MCQ,C,1,
EE_2017_EE_130.png,GATE_ESE_Papers/EE/EE/EE_2017_EE_130.png,EE,2017,EE,130,MCQ,C,1,
EE_2017_EE_131.png,GATE_ESE_Papers/EE/EE/EE_2017_EE_131.png,EE,2017,EE,131,MCQ,C,1,
EE_2017_EE_132.png,GATE_ESE_Papers/EE/EE/EE_2017_EE_132.png,EE,2017,EE,132,MCQ,C,1,
EE_2017_EE_133.png,GATE_ESE_Papers/EE/EE/EE_2017_EE_133.png,EE,2017,EE,133,MCQ,B,1,
EE_2017_EE_134.png,GATE_ESE_Papers/EE/EE/EE_2017_EE_134.png,EE,2017,EE,134,MCQ,A,1,
EE_2017_EE_135.png,GATE_ESE_Papers/EE/EE/EE_2017_EE_135.png,EE,2017,EE,135,MCQ,C,1,
EE_2017_EE_136.png,GATE_ESE_Papers/EE/EE/EE_2017_EE_136.png,EE,2017,EE,136,MCQ,D,1,
EE_2017_EE_137.png,GATE_ESE_Papers/EE/EE/EE_2017_EE_137.png,EE,2017,EE,137,MCQ,A,1,
EE_2017_EE_138.png,GATE_ESE_Papers/EE/EE/EE_2017_EE_138.png,EE,2017,EE,138,MCQ,D,1,
EE_2017_EE_139.png,GATE_ESE_Papers/EE/EE/EE_2017_EE_139.png,EE,2017,EE,139,MCQ,D,1,
EE_2017_EE_140.png,GATE_ESE_Papers/EE/EE/EE_2017_EE_140.png,EE,2017,EE,140,MCQ,C,1,
EE_2017_EE_141.png,GATE_ESE_Papers/EE/EE/EE_2017_EE_141.png,EE,2017,EE,141,MCQ,D,1,
EE_2017_EE_142.png,GATE_ESE_Papers/EE/EE/EE_2017_EE_142.png,EE,2017,EE,142,MCQ,A,1,
EE_2017_EE_143.png,GATE_ESE_Papers/EE/EE/EE_2017_EE_143.png,EE,2017,EE,143,MCQ,A,1,
EE_2017_EE_144.png,GATE_ESE_Papers/EE/EE/EE_2017_EE_144.png,EE,2017,EE,144,MCQ,A,1,
EE_2017_EE_145.png,GATE_ESE_Papers/EE/EE/EE_2017_EE_145.png,EE,2017,EE,145,MCQ,C,1,
EE_2017_EE_146.png,GATE_ESE_Papers/EE/EE/EE_2017_EE_146.png,EE,2017,EE,146,MCQ,A,1,
EE_2017_EE_147.png,GATE_ESE_Papers/EE/EE/EE_2017_EE_147.png,EE,2017,EE,147,MCQ,D,1,
EE_2017_EE_148.png,GATE_ESE_Papers/EE/EE/EE_2017_EE_148.png,EE,2017,EE,148,MCQ,C,1,
EE_2017_EE_149.png,GATE_ESE_Papers/EE/EE/EE_2017_EE_149.png,EE,2017,EE,149,MCQ,A,1,
EE_2017_EE_150.png,GATE_ESE_Papers/EE/EE/EE_2017_EE_150.png,EE,2017,EE,150,MCQ,B,1,
EE_2018_EE_056.png,GATE_ESE_Papers/EE/EE/EE_2018_EE_056.png,EE,2018,EE,56,MCQ,A,1,
EE_2018_EE_057.png,GATE_ESE_Papers/EE/EE/EE_2018_EE_057.png,EE,2018,EE,57,MCQ,B,1,
EE_2018_EE_058.png,GATE_ESE_Papers/EE/EE/EE_2018_EE_058.png,EE,2018,EE,58,MCQ,A,1,
EE_2018_EE_059.png,GATE_ESE_Papers/EE/EE/EE_2018_EE_059.png,EE,2018,EE,59,MCQ,A,1,
EE_2018_EE_060.png,GATE_ESE_Papers/EE/EE/EE_2018_EE_060.png,EE,2018,EE,60,MCQ,D,1,
EE_2018_EE_061.png,GATE_ESE_Papers/EE/EE/EE_2018_EE_061.png,EE,2018,EE,61,MCQ,C,1,
EE_2018_EE_062.png,GATE_ESE_Papers/EE/EE/EE_2018_EE_062.png,EE,2018,EE,62,MCQ,A,1,
EE_2018_EE_063.png,GATE_ESE_Papers/EE/EE/EE_2018_EE_063.png,EE,2018,EE,63,MCQ,C,1,
EE_2018_EE_064.png,GATE_ESE_Papers/EE/EE/EE_2018_EE_064.png,EE,2018,EE,64,MCQ,D,1,
EE_2018_EE_065.png,GATE_ESE_Papers/EE/EE/EE_2018_EE_065.png,EE,2018,EE,65,MCQ,D,1,
EE_2018_EE_066.png,GATE_ESE_Papers/EE/EE/EE_2018_EE_066.png,EE,2018,EE,66,MCQ,C,1,
EE_2018_EE_067.png,GATE_ESE_Papers/EE/EE/EE_2018_EE_067.png,EE,2018,EE,67,MCQ,D,1,
EE_2018_EE_068.png,GATE_ESE_Papers/EE/EE/EE_2018_EE_068.png,EE,2018,EE,68,MCQ,C,1,
EE_2018_EE_069.png,GATE_ESE_Papers/EE/EE/EE_2018_EE_069.png,EE,2018,EE,69,MCQ,D,1,
EE_2018_EE_070.png,GATE_ESE_Papers/EE/EE/EE_2018_EE_070.png,EE,2018,EE,70,MCQ,D,1,
EE_2018_EE_071.png,GATE_ESE_Papers/EE/EE/EE_2018_EE_071.png,EE,2018,EE,71,MCQ,C,1,
EE_2018_EE_072.png,GATE_ESE_Papers/EE/EE/EE_2018_EE_072.png,EE,2018,EE,72,MCQ,D,1,
EE_2018_EE_073.png,GATE_ESE_Papers/EE/EE/EE_2018_EE_073.png,EE,2018,EE,73,MCQ,C,1,
EE_2018_EE_074.png,GATE_ESE_Papers/EE/EE/EE_2018_EE_074.png,EE,2018,EE,74,MCQ,C,1,
EE_2018_EE_075.png,GATE_ESE_Papers/EE/EE/EE_2018_EE_075.png,EE,2018,EE,75,MCQ,D,1,
EE_2018_EE_076.png,GATE_ESE_Papers/EE/EE/EE_2018_EE_076.png,EE,2018,EE,76,MCQ,A,1,
EE_2018_EE_077.png,GATE_ESE_Papers/EE/EE/EE_2018_EE_077.png,EE,2018,EE,77,MCQ,C,1,
EE_2018_EE_078.png,GATE_ESE_Papers/EE/EE/EE_2018_EE_078.png,EE,2018,EE,78,MCQ,C,1,
EE_2018_EE_079.png,GATE_ESE_Papers/EE/EE/EE_2018_EE_079.png,EE,2018,EE,79,MCQ,C,1,
EE_2018_EE_080.png,GATE_ESE_Papers/EE/EE/EE_2018_EE_080.png,EE,2018,EE,80,MCQ,C,1,
EE_2018_EE_081.png,GATE_ESE_Papers/EE/EE/EE_2018_EE_081.png,EE,2018,EE,81,MCQ,C,1,
EE_2018_EE_082.png,GATE_ESE_Papers/EE/EE/EE_2018_EE_082.png,EE,2018,EE,82,MCQ,C,1,
EE_2018_EE_083.png,GATE_ESE_Papers/EE/EE/EE_2018_EE_083.png,EE,2018,EE,83,MCQ,B,1,
EE_2018_EE_084.png,GATE_ESE_Papers/EE/EE/EE_2018_EE_084.png,EE,2018,EE,84,MCQ,D,1,
EE_2018_EE_085.png,GATE_ESE_Papers/EE/EE/EE_2018_EE_085.png,EE,2018,EE,85,MCQ,A,1,
EE_2018_EE_086.png,GATE_ESE_Papers/EE/EE/EE_2018_EE_086.png,EE,2018,EE,86,MCQ,B,1,
EE_2018_EE_087.png,GATE_ESE_Papers/EE/EE/EE_2018_EE_087.png,EE,2018,EE,87,MCQ,C,1,
EE_2018_EE_088.png,GATE_ESE_Papers/EE/EE/EE_2018_EE_088.png,EE,2018,EE,88,MCQ,A,1,
EE_2018_EE_089.png,GATE_ESE_Papers/EE/EE/EE_2018_EE_089.png,EE,2018,EE,89,MCQ,B,1,
EE_2018_EE_090.png,GATE_ESE_Papers/EE/EE/EE_2018_EE_090.png,EE,2018,EE,90,MCQ,C,1,
EE_2018_EE_091.png,GATE_ESE_Papers/EE/EE/EE_2018_EE_091.png,EE,2018,EE,91,MCQ,B,1,
EE_2018_EE_092.png,GATE_ESE_Papers/EE/EE/EE_2018_EE_092.png,EE,2018,EE,92,MCQ,D,1,
EE_2018_EE_093.png,GATE_ESE_Papers/EE/EE/EE_2018_EE_093.png,EE,2018,EE,93,MCQ,A,1,
EE_2018_EE_094.png,GATE_ESE_Papers/EE/EE/EE_2018_EE_094.png,EE,2018,EE,94,MCQ,D,1,
EE_2018_EE_095.png,GATE_ESE_Papers/EE/EE/EE_2018_EE_095.png,EE,2018,EE,95,MCQ,C,1,
EE_2018_EE_096.png,GATE_ESE_Papers/EE/EE/EE_2018_EE_096.png,EE,2018,EE,96,MCQ,C,1,
EE_2018_EE_097.png,GATE_ESE_Papers/EE/EE/EE_2018_EE_097.png,EE,2018,EE,97,MCQ,UNKNOWN,1,
EE_2018_EE_098.png,GATE_ESE_Papers/EE/EE/EE_2018_EE_098.png,EE,2018,EE,98,MCQ,D,1,
EE_2018_EE_099.png,GATE_ESE_Papers/EE/EE/EE_2018_EE_099.png,EE,2018,EE,99,MCQ,C,1,
EE_2018_EE_100.png,GATE_ESE_Papers/EE/EE/EE_2018_EE_100.png,EE,2018,EE,100,MCQ,D,1,
EE_2018_EE_101.png,GATE_ESE_Papers/EE/EE/EE_2018_EE_101.png,EE,2018,EE,101,MCQ,C,1,
EE_2018_EE_102.png,GATE_ESE_Papers/EE/EE/EE_2018_EE_102.png,EE,2018,EE,102,MCQ,B,1,
EE_2018_EE_103.png,GATE_ESE_Papers/EE/EE/EE_2018_EE_103.png,EE,2018,EE,103,MCQ,D,1,
EE_2018_EE_104.png,GATE_ESE_Papers/EE/EE/EE_2018_EE_104.png,EE,2018,EE,104,MCQ,D,1,
EE_2018_EE_105.png,GATE_ESE_Papers/EE/EE/EE_2018_EE_105.png,EE,2018,EE,105,MCQ,B,1,
EE_2018_EE_106.png,GATE_ESE_Papers/EE/EE/EE_2018_EE_106.png,EE,2018,EE,106,MCQ,A,1,
EE_2018_EE_107.png,GATE_ESE_Papers/EE/EE/EE_2018_EE_107.png,EE,2018,EE,107,MCQ,D,1,
EE_2018_EE_108.png,GATE_ESE_Papers/EE/EE/EE_2018_EE_108.png,EE,2018,EE,108,MCQ,C,1,
EE_2018_EE_109.png,GATE_ESE_Papers/EE/EE/EE_2018_EE_109.png,EE,2018,EE,109,MCQ,D,1,
EE_2018_EE_110.png,GATE_ESE_Papers/EE/EE/EE_2018_EE_110.png,EE,2018,EE,110,MCQ,C,1,
EE_2018_EE_111.png,GATE_ESE_Papers/EE/EE/EE_2018_EE_111.png,EE,2018,EE,111,MCQ,C,1,
EE_2018_EE_112.png,GATE_ESE_Papers/EE/EE/EE_2018_EE_112.png,EE,2018,EE,112,MCQ,C,1,
EE_2018_EE_113.png,GATE_ESE_Papers/EE/EE/EE_2018_EE_113.png,EE,2018,EE,113,MCQ,C,1,
EE_2018_EE_114.png,GATE_ESE_Papers/EE/EE/EE_2018_EE_114.png,EE,2018,EE,114,MCQ,C,1,
EE_2018_EE_115.png,GATE_ESE_Papers/EE/EE/EE_2018_EE_115.png,EE,2018,EE,115,MCQ,D,1,
EE_2018_EE_116.png,GATE_ESE_Papers/EE/EE/EE_2018_EE_116.png,EE,2018,EE,116,MCQ,C,1,
EE_2018_EE_117.png,GATE_ESE_Papers/EE/EE/EE_2018_EE_117.png,EE,2018,EE,117,MCQ,A,1,
EE_2018_EE_118.png,GATE_ESE_Papers/EE/EE/EE_2018_EE_118.png,EE,2018,EE,118,MCQ,D,1,
EE_2018_EE_119.png,GATE_ESE_Papers/EE/EE/EE_2018_EE_119.png,EE,2018,EE,119,MCQ,C,1,
EE_2018_EE_120.png,GATE_ESE_Papers/EE/EE/EE_2018_EE_120.png,EE,2018,EE,120,MCQ,D,1,
EE_2018_EE_121.png,GATE_ESE_Papers/EE/EE/EE_2018_EE_121.png,EE,2018,EE,121,MCQ,A,1,
EE_2018_EE_122.png,GATE_ESE_Papers/EE/EE/EE_2018_EE_122.png,EE,2018,EE,122,MCQ,C,1,
EE_2018_EE_123.png,GATE_ESE_Papers/EE/EE/EE_2018_EE_123.png,EE,2018,EE,123,MCQ,B,1,
EE_2018_EE_124.png,GATE_ESE_Papers/EE/EE/EE_2018_EE_124.png,EE,2018,EE,124,MCQ,A,1,
EE_2018_EE_125.png,GATE_ESE_Papers/EE/EE/EE_2018_EE_125.png,EE,2018,EE,125,MCQ,C,1,
EE_2018_EE_126.png,GATE_ESE_Papers/EE/EE/EE_2018_EE_126.png,EE,2018,EE,126,MCQ,B,1,
EE_2018_EE_127.png,GATE_ESE_Papers/EE/EE/EE_2018_EE_127.png,EE,2018,EE,127,MCQ,C,1,
EE_2018_EE_128.png,GATE_ESE_Papers/EE/EE/EE_2018_EE_128.png,EE,2018,EE,128,MCQ,A,1,
EE_2018_EE_129.png,GATE_ESE_Papers/EE/EE/EE_2018_EE_129.png,EE,2018,EE,129,MCQ,C,1,
EE_2018_EE_130.png,GATE_ESE_Papers/EE/EE/EE_2018_EE_130.png,EE,2018,EE,130,MCQ,C,1,
EE_2018_EE_131.png,GATE_ESE_Papers/EE/EE/EE_2018_EE_131.png,EE,2018,EE,131,MCQ,B,1,
EE_2018_EE_132.png,GATE_ESE_Papers/EE/EE/EE_2018_EE_132.png,EE,2018,EE,132,MCQ,D,1,
EE_2018_EE_133.png,GATE_ESE_Papers/EE/EE/EE_2018_EE_133.png,EE,2018,EE,133,MCQ,B,1,
EE_2018_EE_134.png,GATE_ESE_Papers/EE/EE/EE_2018_EE_134.png,EE,2018,EE,134,MCQ,A,1,
EE_2018_EE_135.png,GATE_ESE_Papers/EE/EE/EE_2018_EE_135.png,EE,2018,EE,135,MCQ,A,1,
EE_2018_EE_136.png,GATE_ESE_Papers/EE/EE/EE_2018_EE_136.png,EE,2018,EE,136,MCQ,A,1,
EE_2018_EE_137.png,GATE_ESE_Papers/EE/EE/EE_2018_EE_137.png,EE,2018,EE,137,MCQ,A,1,
EE_2018_EE_138.png,GATE_ESE_Papers/EE/EE/EE_2018_EE_138.png,EE,2018,EE,138,MCQ,B,1,
EE_2018_EE_139.png,GATE_ESE_Papers/EE/EE/EE_2018_EE_139.png,EE,2018,EE,139,MCQ,C,1,
EE_2018_EE_140.png,GATE_ESE_Papers/EE/EE/EE_2018_EE_140.png,EE,2018,EE,140,MCQ,D,1,
EE_2018_EE_141.png,GATE_ESE_Papers/EE/EE/EE_2018_EE_141.png,EE,2018,EE,141,MCQ,A,1,
EE_2018_EE_142.png,GATE_ESE_Papers/EE/EE/EE_2018_EE_142.png,EE,2018,EE,142,MCQ,A,1,
EE_2018_EE_143.png,GATE_ESE_Papers/EE/EE/EE_2018_EE_143.png,EE,2018,EE,143,MCQ,B,1,
EE_2018_EE_144.png,GATE_ESE_Papers/EE/EE/EE_2018_EE_144.png,EE,2018,EE,144,MCQ,A,1,
EE_2018_EE_145.png,GATE_ESE_Papers/EE/EE/EE_2018_EE_145.png,EE,2018,EE,145,MCQ,A,1,
EE_2018_EE_146.png,GATE_ESE_Papers/EE/EE/EE_2018_EE_146.png,EE,2018,EE,146,MCQ,D,1,
EE_2018_EE_147.png,GATE_ESE_Papers/EE/EE/EE_2018_EE_147.png,EE,2018,EE,147,MCQ,B,1,
EE_2018_EE_148.png,GATE_ESE_Papers/EE/EE/EE_2018_EE_148.png,EE,2018,EE,148,MCQ,B,1,
EE_2018_EE_149.png,GATE_ESE_Papers/EE/EE/EE_2018_EE_149.png,EE,2018,EE,149,MCQ,A,1,
EE_2018_EE_150.png,GATE_ESE_Papers/EE/EE/EE_2018_EE_150.png,EE,2018,EE,150,MCQ,A,1,
EE_2019_EE_056.png,GATE_ESE_Papers/EE/EE/EE_2019_EE_056.png,EE,2019,EE,56,MCQ,C,1,
EE_2019_EE_057.png,GATE_ESE_Papers/EE/EE/EE_2019_EE_057.png,EE,2019,EE,57,MCQ,A,1,
EE_2019_EE_058.png,GATE_ESE_Papers/EE/EE/EE_2019_EE_058.png,EE,2019,EE,58,MCQ,A,1,
EE_2019_EE_059.png,GATE_ESE_Papers/EE/EE/EE_2019_EE_059.png,EE,2019,EE,59,MCQ,B,1,
EE_2019_EE_060.png,GATE_ESE_Papers/EE/EE/EE_2019_EE_060.png,EE,2019,EE,60,MCQ,C,1,
EE_2019_EE_061.png,GATE_ESE_Papers/EE/EE/EE_2019_EE_061.png,EE,2019,EE,61,MCQ,D,1,
EE_2019_EE_062.png,GATE_ESE_Papers/EE/EE/EE_2019_EE_062.png,EE,2019,EE,62,MCQ,C,1,
EE_2019_EE_063.png,GATE_ESE_Papers/EE/EE/EE_2019_EE_063.png,EE,2019,EE,63,MCQ,C,1,
EE_2019_EE_064.png,GATE_ESE_Papers/EE/EE/EE_2019_EE_064.png,EE,2019,EE,64,MCQ,D,1,
EE_2019_EE_065.png,GATE_ESE_Papers/EE/EE/EE_2019_EE_065.png,EE,2019,EE,65,MCQ,C,1,
EE_2019_EE_066.png,GATE_ESE_Papers/EE/EE/EE_2019_EE_066.png,EE,2019,EE,66,MCQ,A,1,
EE_2019_EE_067.png,GATE_ESE_Papers/EE/EE/EE_2019_EE_067.png,EE,2019,EE,67,MCQ,A,1,
EE_2019_EE_068.png,GATE_ESE_Papers/EE/EE/EE_2019_EE_068.png,EE,2019,EE,68,MCQ,B,1,
EE_2019_EE_069.png,GATE_ESE_Papers/EE/EE/EE_2019_EE_069.png,EE,2019,EE,69,MCQ,C,1,
EE_2019_EE_070.png,GATE_ESE_Papers/EE/EE/EE_2019_EE_070.png,EE,2019,EE,70,MCQ,C,1,
EE_2019_EE_071.png,GATE_ESE_Papers/EE/EE/EE_2019_EE_071.png,EE,2019,EE,71,MCQ,D,1,
EE_2019_EE_072.png,GATE_ESE_Papers/EE/EE/EE_2019_EE_072.png,EE,2019,EE,72,MCQ,C,1,
EE_2019_EE_073.png,GATE_ESE_Papers/EE/EE/EE_2019_EE_073.png,EE,2019,EE,73,MCQ,C,1,
EE_2019_EE_074.png,GATE_ESE_Papers/EE/EE/EE_2019_EE_074.png,EE,2019,EE,74,MCQ,C,1,
EE_2019_EE_075.png,GATE_ESE_Papers/EE/EE/EE_2019_EE_075.png,EE,2019,EE,75,MCQ,B,1,
EE_2019_EE_076.png,GATE_ESE_Papers/EE/EE/EE_2019_EE_076.png,EE,2019,EE,76,MCQ,A,1,
EE_2019_EE_077.png,GATE_ESE_Papers/EE/EE/EE_2019_EE_077.png,EE,2019,EE,77,MCQ,C,1,
EE_2019_EE_078.png,GATE_ESE_Papers/EE/EE/EE_2019_EE_078.png,EE,2019,EE,78,MCQ,D,1,
EE_2019_EE_079.png,GATE_ESE_Papers/EE/EE/EE_2019_EE_079.png,EE,2019,EE,79,MCQ,B,1,
EE_2019_EE_080.png,GATE_ESE_Papers/EE/EE/EE_2019_EE_080.png,EE,2019,EE,80,MCQ,B,1,
EE_2019_EE_081.png,GATE_ESE_Papers/EE/EE/EE_2019_EE_081.png,EE,2019,EE,81,MCQ,C,1,
EE_2019_EE_082.png,GATE_ESE_Papers/EE/EE/EE_2019_EE_082.png,EE,2019,EE,82,MCQ,B,1,
EE_2019_EE_083.png,GATE_ESE_Papers/EE/EE/EE_2019_EE_083.png,EE,2019,EE,83,MCQ,D,1,
EE_2019_EE_084.png,GATE_ESE_Papers/EE/EE/EE_2019_EE_084.png,EE,2019,EE,84,MCQ,A,1,
EE_2019_EE_085.png,GATE_ESE_Papers/EE/EE/EE_2019_EE_085.png,EE,2019,EE,85,MCQ,C,1,
EE_2019_EE_086.png,GATE_ESE_Papers/EE/EE/EE_2019_EE_086.png,EE,2019,EE,86,MCQ,B,1,
EE_2019_EE_087.png,GATE_ESE_Papers/EE/EE/EE_2019_EE_087.png,EE,2019,EE,87,MCQ,UNKNOWN,1,
EE_2019_EE_088.png,GATE_ESE_Papers/EE/EE/EE_2019_EE_088.png,EE,2019,EE,88,MCQ,B,1,
EE_2019_EE_089.png,GATE_ESE_Papers/EE/EE/EE_2019_EE_089.png,EE,2019,EE,89,MCQ,B,1,
EE_2019_EE_090.png,GATE_ESE_Papers/EE/EE/EE_2019_EE_090.png,EE,2019,EE,90,MCQ,B,1,
EE_2019_EE_091.png,GATE_ESE_Papers/EE/EE/EE_2019_EE_091.png,EE,2019,EE,91,MCQ,D,1,
EE_2019_EE_092.png,GATE_ESE_Papers/EE/EE/EE_2019_EE_092.png,EE,2019,EE,92,MCQ,B,1,
EE_2019_EE_093.png,GATE_ESE_Papers/EE/EE/EE_2019_EE_093.png,EE,2019,EE,93,MCQ,C,1,
EE_2019_EE_094.png,GATE_ESE_Papers/EE/EE/EE_2019_EE_094.png,EE,2019,EE,94,MCQ,D,1,
EE_2019_EE_095.png,GATE_ESE_Papers/EE/EE/EE_2019_EE_095.png,EE,2019,EE,95,MCQ,C,1,
EE_2019_EE_096.png,GATE_ESE_Papers/EE/EE/EE_2019_EE_096.png,EE,2019,EE,96,MCQ,D,1,
EE_2019_EE_097.png,GATE_ESE_Papers/EE/EE/EE_2019_EE_097.png,EE,2019,EE,97,MCQ,D,1,
EE_2019_EE_098.png,GATE_ESE_Papers/EE/EE/EE_2019_EE_098.png,EE,2019,EE,98,MCQ,C,1,
EE_2019_EE_099.png,GATE_ESE_Papers/EE/EE/EE_2019_EE_099.png,EE,2019,EE,99,MCQ,D,1,
EE_2019_EE_100.png,GATE_ESE_Papers/EE/EE/EE_2019_EE_100.png,EE,2019,EE,100,MCQ,C,1,
EE_2019_EE_101.png,GATE_ESE_Papers/EE/EE/EE_2019_EE_101.png,EE,2019,EE,101,MCQ,C,1,
EE_2019_EE_102.png,GATE_ESE_Papers/EE/EE/EE_2019_EE_102.png,EE,2019,EE,102,MCQ,A,1,
EE_2019_EE_103.png,GATE_ESE_Papers/EE/EE/EE_2019_EE_103.png,EE,2019,EE,103,MCQ,B,1,
EE_2019_EE_104.png,GATE_ESE_Papers/EE/EE/EE_2019_EE_104.png,EE,2019,EE,104,MCQ,A,1,
EE_2019_EE_105.png,GATE_ESE_Papers/EE/EE/EE_2019_EE_105.png,EE,2019,EE,105,MCQ,B,1,
EE_2019_EE_106.png,GATE_ESE_Papers/EE/EE/EE_2019_EE_106.png,EE,2019,EE,106,MCQ,D,1,
EE_2019_EE_107.png,GATE_ESE_Papers/EE/EE/EE_2019_EE_107.png,EE,2019,EE,107,MCQ,D,1,
EE_2019_EE_108.png,GATE_ESE_Papers/EE/EE/EE_2019_EE_108.png,EE,2019,EE,108,MCQ,B,1,
EE_2019_EE_109.png,GATE_ESE_Papers/EE/EE/EE_2019_EE_109.png,EE,2019,EE,109,MCQ,C,1,
EE_2019_EE_110.png,GATE_ESE_Papers/EE/EE/EE_2019_EE_110.png,EE,2019,EE,110,MCQ,A,1,
EE_2019_EE_111.png,GATE_ESE_Papers/EE/EE/EE_2019_EE_111.png,EE,2019,EE,111,MCQ,D,1,
EE_2019_EE_112.png,GATE_ESE_Papers/EE/EE/EE_2019_EE_112.png,EE,2019,EE,112,MCQ,C,1,
EE_2019_EE_113.png,GATE_ESE_Papers/EE/EE/EE_2019_EE_113.png,EE,2019,EE,113,MCQ,D,1,
EE_2019_EE_114.png,GATE_ESE_Papers/EE/EE/EE_2019_EE_114.png,EE,2019,EE,114,MCQ,C,1,
EE_2019_EE_115.png,GATE_ESE_Papers/EE/EE/EE_2019_EE_115.png,EE,2019,EE,115,MCQ,A,1,
EE_2019_EE_116.png,GATE_ESE_Papers/EE/EE/EE_2019_EE_116.png,EE,2019,EE,116,MCQ,D,1,
EE_2019_EE_117.png,GATE_ESE_Papers/EE/EE/EE_2019_EE_117.png,EE,2019,EE,117,MCQ,A,1,
EE_2019_EE_118.png,GATE_ESE_Papers/EE/EE/EE_2019_EE_118.png,EE,2019,EE,118,MCQ,D,1,
EE_2019_EE_119.png,GATE_ESE_Papers/EE/EE/EE_2019_EE_119.png,EE,2019,EE,119,MCQ,B,1,
EE_2019_EE_120.png,GATE_ESE_Papers/EE/EE/EE_2019_EE_120.png,EE,2019,EE,120,MCQ,A,1,
EE_2019_EE_121.png,GATE_ESE_Papers/EE/EE/EE_2019_EE_121.png,EE,2019,EE,121,MCQ,B,1,
EE_2019_EE_122.png,GATE_ESE_Papers/EE/EE/EE_2019_EE_122.png,EE,2019,EE,122,MCQ,C,1,
EE_2019_EE_123.png,GATE_ESE_Papers/EE/EE/EE_2019_EE_123.png,EE,2019,EE,123,MCQ,D,1,
EE_2019_EE_124.png,GATE_ESE_Papers/EE/EE/EE_2019_EE_124.png,EE,2019,EE,124,MCQ,B,1,
EE_2019_EE_125.png,GATE_ESE_Papers/EE/EE/EE_2019_EE_125.png,EE,2019,EE,125,MCQ,C,1,
EE_2019_EE_126.png,GATE_ESE_Papers/EE/EE/EE_2019_EE_126.png,EE,2019,EE,126,MCQ,D,1,
EE_2019_EE_127.png,GATE_ESE_Papers/EE/EE/EE_2019_EE_127.png,EE,2019,EE,127,MCQ,D,1,
EE_2019_EE_128.png,GATE_ESE_Papers/EE/EE/EE_2019_EE_128.png,EE,2019,EE,128,MCQ,B,1,
EE_2019_EE_129.png,GATE_ESE_Papers/EE/EE/EE_2019_EE_129.png,EE,2019,EE,129,MCQ,C,1,
EE_2019_EE_130.png,GATE_ESE_Papers/EE/EE/EE_2019_EE_130.png,EE,2019,EE,130,MCQ,D,1,
EE_2019_EE_131.png,GATE_ESE_Papers/EE/EE/EE_2019_EE_131.png,EE,2019,EE,131,MCQ,B,1,
EE_2019_EE_132.png,GATE_ESE_Papers/EE/EE/EE_2019_EE_132.png,EE,2019,EE,132,MCQ,A,1,
EE_2019_EE_133.png,GATE_ESE_Papers/EE/EE/EE_2019_EE_133.png,EE,2019,EE,133,MCQ,B,1,
EE_2019_EE_134.png,GATE_ESE_Papers/EE/EE/EE_2019_EE_134.png,EE,2019,EE,134,MCQ,B,1,
EE_2019_EE_135.png,GATE_ESE_Papers/EE/EE/EE_2019_EE_135.png,EE,2019,EE,135,MCQ,C,1,
EE_2019_EE_136.png,GATE_ESE_Papers/EE/EE/EE_2019_EE_136.png,EE,2019,EE,136,MCQ,B,1,
EE_2019_EE_137.png,GATE_ESE_Papers/EE/EE/EE_2019_EE_137.png,EE,2019,EE,137,MCQ,A,1,
EE_2019_EE_138.png,GATE_ESE_Papers/EE/EE/EE_2019_EE_138.png,EE,2019,EE,138,MCQ,A,1,
EE_2019_EE_139.png,GATE_ESE_Papers/EE/EE/EE_2019_EE_139.png,EE,2019,EE,139,MCQ,A,1,
EE_2019_EE_140.png,GATE_ESE_Papers/EE/EE/EE_2019_EE_140.png,EE,2019,EE,140,MCQ,B,1,
EE_2019_EE_141.png,GATE_ESE_Papers/EE/EE/EE_2019_EE_141.png,EE,2019,EE,141,MCQ,C,1,
EE_2019_EE_142.png,GATE_ESE_Papers/EE/EE/EE_2019_EE_142.png,EE,2019,EE,142,MCQ,D,1,
EE_2019_EE_143.png,GATE_ESE_Papers/EE/EE/EE_2019_EE_143.png,EE,2019,EE,143,MCQ,B,1,
EE_2019_EE_144.png,GATE_ESE_Papers/EE/EE/EE_2019_EE_144.png,EE,2019,EE,144,MCQ,B,1,
EE_2019_EE_145.png,GATE_ESE_Papers/EE/EE/EE_2019_EE_145.png,EE,2019,EE,145,MCQ,B,1,
EE_2019_EE_146.png,GATE_ESE_Papers/EE/EE/EE_2019_EE_146.png,EE,2019,EE,146,MCQ,B,1,
EE_2019_EE_147.png,GATE_ESE_Papers/EE/EE/EE_2019_EE_147.png,EE,2019,EE,147,MCQ,C,1,
EE_2019_EE_148.png,GATE_ESE_Papers/EE/EE/EE_2019_EE_148.png,EE,2019,EE,148,MCQ,D,1,
EE_2019_EE_149.png,GATE_ESE_Papers/EE/EE/EE_2019_EE_149.png,EE,2019,EE,149,MCQ,B,1,
EE_2019_EE_150.png,GATE_ESE_Papers/EE/EE/EE_2019_EE_150.png,EE,2019,EE,150,MCQ,D,1,
EE_2020_EE_056.png,GATE_ESE_Papers/EE/EE/EE_2020_EE_056.png,EE,2020,EE,56,MCQ,*,1,
EE_2020_EE_057.png,GATE_ESE_Papers/EE/EE/EE_2020_EE_057.png,EE,2020,EE,57,MCQ,C,1,
EE_2020_EE_058.png,GATE_ESE_Papers/EE/EE/EE_2020_EE_058.png,EE,2020,EE,58,MCQ,B,1,
EE_2020_EE_059.png,GATE_ESE_Papers/EE/EE/EE_2020_EE_059.png,EE,2020,EE,59,MCQ,D,1,
EE_2020_EE_060.png,GATE_ESE_Papers/EE/EE/EE_2020_EE_060.png,EE,2020,EE,60,MCQ,C,1,
EE_2020_EE_061.png,GATE_ESE_Papers/EE/EE/EE_2020_EE_061.png,EE,2020,EE,61,MCQ,A,1,
EE_2020_EE_062.png,GATE_ESE_Papers/EE/EE/EE_2020_EE_062.png,EE,2020,EE,62,MCQ,A,1,
EE_2020_EE_063.png,GATE_ESE_Papers/EE/EE/EE_2020_EE_063.png,EE,2020,EE,63,MCQ,C,1,
EE_2020_EE_064.png,GATE_ESE_Papers/EE/EE/EE_2020_EE_064.png,EE,2020,EE,64,MCQ,B,1,
EE_2020_EE_065.png,GATE_ESE_Papers/EE/EE/EE_2020_EE_065.png,EE,2020,EE,65,MCQ,UNKNOWN,1,
EE_2020_EE_066.png,GATE_ESE_Papers/EE/EE/EE_2020_EE_066.png,EE,2020,EE,66,MCQ,B,1,
EE_2020_EE_067.png,GATE_ESE_Papers/EE/EE/EE_2020_EE_067.png,EE,2020,EE,67,MCQ,UNKNOWN,1,
EE_2020_EE_068.png,GATE_ESE_Papers/EE/EE/EE_2020_EE_068.png,EE,2020,EE,68,MCQ,A,1,
EE_2020_EE_069.png,GATE_ESE_Papers/EE/EE/EE_2020_EE_069.png,EE,2020,EE,69,MCQ,B,1,
EE_2020_EE_070.png,GATE_ESE_Papers/EE/EE/EE_2020_EE_070.png,EE,2020,EE,70,MCQ,A,1,
EE_2020_EE_071.png,GATE_ESE_Papers/EE/EE/EE_2020_EE_071.png,EE,2020,EE,71,MCQ,C,1,
EE_2020_EE_072.png,GATE_ESE_Papers/EE/EE/EE_2020_EE_072.png,EE,2020,EE,72,MCQ,C,1,
EE_2020_EE_073.png,GATE_ESE_Papers/EE/EE/EE_2020_EE_073.png,EE,2020,EE,73,MCQ,A,1,
EE_2020_EE_074.png,GATE_ESE_Papers/EE/EE/EE_2020_EE_074.png,EE,2020,EE,74,MCQ,B,1,
EE_2020_EE_075.png,GATE_ESE_Papers/EE/EE/EE_2020_EE_075.png,EE,2020,EE,75,MCQ,D,1,
EE_2020_EE_076.png,GATE_ESE_Papers/EE/EE/EE_2020_EE_076.png,EE,2020,EE,76,MCQ,D,1,
EE_2020_EE_077.png,GATE_ESE_Papers/EE/EE/EE_2020_EE_077.png,EE,2020,EE,77,MCQ,B,1,
EE_2020_EE_078.png,GATE_ESE_Papers/EE/EE/EE_2020_EE_078.png,EE,2020,EE,78,MCQ,*,1,
EE_2020_EE_079.png,GATE_ESE_Papers/EE/EE/EE_2020_EE_079.png,EE,2020,EE,79,MCQ,B,1,
EE_2020_EE_080.png,GATE_ESE_Papers/EE/EE/EE_2020_EE_080.png,EE,2020,EE,80,MCQ,*,1,
EE_2020_EE_081.png,GATE_ESE_Papers/EE/EE/EE_2020_EE_081.png,EE,2020,EE,81,MCQ,A,1,
EE_2020_EE_082.png,GATE_ESE_Papers/EE/EE/EE_2020_EE_082.png,EE,2020,EE,82,MCQ,D,1,
EE_2020_EE_083.png,GATE_ESE_Papers/EE/EE/EE_2020_EE_083.png,EE,2020,EE,83,MCQ,*,1,
EE_2020_EE_084.png,GATE_ESE_Papers/EE/EE/EE_2020_EE_084.png,EE,2020,EE,84,MCQ,*,1,
EE_2020_EE_085.png,GATE_ESE_Papers/EE/EE/EE_2020_EE_085.png,EE,2020,EE,85,MCQ,A,1,
EE_2020_EE_086.png,GATE_ESE_Papers/EE/EE/EE_2020_EE_086.png,EE,2020,EE,86,MCQ,B,1,
EE_2020_EE_087.png,GATE_ESE_Papers/EE/EE/EE_2020_EE_087.png,EE,2020,EE,87,MCQ,A,1,
EE_2020_EE_088.png,GATE_ESE_Papers/EE/EE/EE_2020_EE_088.png,EE,2020,EE,88,MCQ,D,1,
EE_2020_EE_089.png,GATE_ESE_Papers/EE/EE/EE_2020_EE_089.png,EE,2020,EE,89,MCQ,B,1,
EE_2020_EE_090.png,GATE_ESE_Papers/EE/EE/EE_2020_EE_090.png,EE,2020,EE,90,MCQ,A,1,
EE_2020_EE_091.png,GATE_ESE_Papers/EE/EE/EE_2020_EE_091.png,EE,2020,EE,91,MCQ,A,1,
EE_2020_EE_092.png,GATE_ESE_Papers/EE/EE/EE_2020_EE_092.png,EE,2020,EE,92,MCQ,B,1,
EE_2020_EE_093.png,GATE_ESE_Papers/EE/EE/EE_2020_EE_093.png,EE,2020,EE,93,MCQ,D,1,
EE_2020_EE_094.png,GATE_ESE_Papers/EE/EE/EE_2020_EE_094.png,EE,2020,EE,94,MCQ,B,1,
EE_2020_EE_095.png,GATE_ESE_Papers/EE/EE/EE_2020_EE_095.png,EE,2020,EE,95,MCQ,C,1,
EE_2020_EE_096.png,GATE_ESE_Papers/EE/EE/EE_2020_EE_096.png,EE,2020,EE,96,MCQ,C,1,
EE_2020_EE_097.png,GATE_ESE_Papers/EE/EE/EE_2020_EE_097.png,EE,2020,EE,97,MCQ,B,1,
EE_2020_EE_098.png,GATE_ESE_Papers/EE/EE/EE_2020_EE_098.png,EE,2020,EE,98,MCQ,B,1,
EE_2020_EE_099.png,GATE_ESE_Papers/EE/EE/EE_2020_EE_099.png,EE,2020,EE,99,MCQ,D,1,
EE_2020_EE_100.png,GATE_ESE_Papers/EE/EE/EE_2020_EE_100.png,EE,2020,EE,100,MCQ,D,1,
EE_2020_EE_101.png,GATE_ESE_Papers/EE/EE/EE_2020_EE_101.png,EE,2020,EE,101,MCQ,A,1,
EE_2020_EE_102.png,GATE_ESE_Papers/EE/EE/EE_2020_EE_102.png,EE,2020,EE,102,MCQ,C,1,
EE_2020_EE_103.png,GATE_ESE_Papers/EE/EE/EE_2020_EE_103.png,EE,2020,EE,103,MCQ,C,1,
EE_2020_EE_104.png,GATE_ESE_Papers/EE/EE/EE_2020_EE_104.png,EE,2020,EE,104,MCQ,C,1,
EE_2020_EE_105.png,GATE_ESE_Papers/EE/EE/EE_2020_EE_105.png,EE,2020,EE,105,MCQ,D,1,
EE_2020_EE_106.png,GATE_ESE_Papers/EE/EE/EE_2020_EE_106.png,EE,2020,EE,106,MCQ,A,1,
EE_2020_EE_107.png,GATE_ESE_Papers/EE/EE/EE_2020_EE_107.png,EE,2020,EE,107,MCQ,A,1,
EE_2020_EE_108.png,GATE_ESE_Papers/EE/EE/EE_2020_EE_108.png,EE,2020,EE,108,MCQ,B,1,
EE_2020_EE_109.png,GATE_ESE_Papers/EE/EE/EE_2020_EE_109.png,EE,2020,EE,109,MCQ,C,1,
EE_2020_EE_110.png,GATE_ESE_Papers/EE/EE/EE_2020_EE_110.png,EE,2020,EE,110,MCQ,C,1,
EE_2020_EE_111.png,GATE_ESE_Papers/EE/EE/EE_2020_EE_111.png,EE,2020,EE,111,MCQ,A,1,
EE_2020_EE_112.png,GATE_ESE_Papers/EE/EE/EE_2020_EE_112.png,EE,2020,EE,112,MCQ,C,1,
EE_2020_EE_113.png,GATE_ESE_Papers/EE/EE/EE_2020_EE_113.png,EE,2020,EE,113,MCQ,B,1,
EE_2020_EE_114.png,GATE_ESE_Papers/EE/EE/EE_2020_EE_114.png,EE,2020,EE,114,MCQ,A,1,
EE_2020_EE_115.png,GATE_ESE_Papers/EE/EE/EE_2020_EE_115.png,EE,2020,EE,115,MCQ,C,1,
EE_2020_EE_116.png,GATE_ESE_Papers/EE/EE/EE_2020_EE_116.png,EE,2020,EE,116,MCQ,A,1,
EE_2020_EE_117.png,GATE_ESE_Papers/EE/EE/EE_2020_EE_117.png,EE,2020,EE,117,MCQ,A,1,
EE_2020_EE_118.png,GATE_ESE_Papers/EE/EE/EE_2020_EE_118.png,EE,2020,EE,118,MCQ,C,1,
EE_2020_EE_119.png,GATE_ESE_Papers/EE/EE/EE_2020_EE_119.png,EE,2020,EE,119,MCQ,D,1,
EE_2020_EE_120.png,GATE_ESE_Papers/EE/EE/EE_2020_EE_120.png,EE,2020,EE,120,MCQ,B,1,
EE_2020_EE_121.png,GATE_ESE_Papers/EE/EE/EE_2020_EE_121.png,EE,2020,EE,121,MCQ,D,1,
EE_2020_EE_122.png,GATE_ESE_Papers/EE/EE/EE_2020_EE_122.png,EE,2020,EE,122,MCQ,D,1,
EE_2020_EE_123.png,GATE_ESE_Papers/EE/EE/EE_2020_EE_123.png,EE,2020,EE,123,MCQ,B,1,
EE_2020_EE_124.png,GATE_ESE_Papers/EE/EE/EE_2020_EE_124.png,EE,2020,EE,124,MCQ,B,1,
EE_2020_EE_125.png,GATE_ESE_Papers/EE/EE/EE_2020_EE_125.png,EE,2020,EE,125,MCQ,*,1,
EE_2020_EE_126.png,GATE_ESE_Papers/EE/EE/EE_2020_EE_126.png,EE,2020,EE,126,MCQ,D,1,
EE_2020_EE_127.png,GATE_ESE_Papers/EE/EE/EE_2020_EE_127.png,EE,2020,EE,127,MCQ,C,1,
EE_2020_EE_128.png,GATE_ESE_Papers/EE/EE/EE_2020_EE_128.png,EE,2020,EE,128,MCQ,C,1,
EE_2020_EE_129.png,GATE_ESE_Papers/EE/EE/EE_2020_EE_129.png,EE,2020,EE,129,MCQ,D,1,
EE_2020_EE_130.png,GATE_ESE_Papers/EE/EE/EE_2020_EE_130.png,EE,2020,EE,130,MCQ,D,1,
EE_2020_EE_131.png,GATE_ESE_Papers/EE/EE/EE_2020_EE_131.png,EE,2020,EE,131,MCQ,B,1,
EE_2020_EE_132.png,GATE_ESE_Papers/EE/EE/EE_2020_EE_132.png,EE,2020,EE,132,MCQ,D,1,
EE_2020_EE_133.png,GATE_ESE_Papers/EE/EE/EE_2020_EE_133.png,EE,2020,EE,133,MCQ,C,1,
EE_2020_EE_134.png,GATE_ESE_Papers/EE/EE/EE_2020_EE_134.png,EE,2020,EE,134,MCQ,B,1,
EE_2020_EE_135.png,GATE_ESE_Papers/EE/EE/EE_2020_EE_135.png,EE,2020,EE,135,MCQ,B,1,
EE_2020_EE_136.png,GATE_ESE_Papers/EE/EE/EE_2020_EE_136.png,EE,2020,EE,136,MCQ,C,1,
EE_2020_EE_137.png,GATE_ESE_Papers/EE/EE/EE_2020_EE_137.png,EE,2020,EE,137,MCQ,C,1,
EE_2020_EE_138.png,GATE_ESE_Papers/EE/EE/EE_2020_EE_138.png,EE,2020,EE,138,MCQ,B,1,
EE_2020_EE_139.png,GATE_ESE_Papers/EE/EE/EE_2020_EE_139.png,EE,2020,EE,139,MCQ,D,1,
EE_2020_EE_140.png,GATE_ESE_Papers/EE/EE/EE_2020_EE_140.png,EE,2020,EE,140,MCQ,B,1,
EE_2020_EE_141.png,GATE_ESE_Papers/EE/EE/EE_2020_EE_141.png,EE,2020,EE,141,MCQ,C,1,
EE_2020_EE_142.png,GATE_ESE_Papers/EE/EE/EE_2020_EE_142.png,EE,2020,EE,142,MCQ,B,1,
EE_2020_EE_143.png,GATE_ESE_Papers/EE/EE/EE_2020_EE_143.png,EE,2020,EE,143,MCQ,D,1,
EE_2020_EE_144.png,GATE_ESE_Papers/EE/EE/EE_2020_EE_144.png,EE,2020,EE,144,MCQ,C,1,
EE_2020_EE_145.png,GATE_ESE_Papers/EE/EE/EE_2020_EE_145.png,EE,2020,EE,145,MCQ,B,1,
EE_2020_EE_146.png,GATE_ESE_Papers/EE/EE/EE_2020_EE_146.png,EE,2020,EE,146,MCQ,C,1,
EE_2020_EE_147.png,GATE_ESE_Papers/EE/EE/EE_2020_EE_147.png,EE,2020,EE,147,MCQ,B,1,
EE_2020_EE_148.png,GATE_ESE_Papers/EE/EE/EE_2020_EE_148.png,EE,2020,EE,148,MCQ,B,1,
EE_2020_EE_149.png,GATE_ESE_Papers/EE/EE/EE_2020_EE_149.png,EE,2020,EE,149,MCQ,C,1,
EE_2020_EE_150.png,GATE_ESE_Papers/EE/EE/EE_2020_EE_150.png,EE,2020,EE,150,MCQ,D,1,
EE_2021_EE_056.png,GATE_ESE_Papers/EE/EE/EE_2021_EE_056.png,EE,2021,EE,56,MCQ,B,1,
EE_2021_EE_057.png,GATE_ESE_Papers/EE/EE/EE_2021_EE_057.png,EE,2021,EE,57,MCQ,A,1,
EE_2021_EE_058.png,GATE_ESE_Papers/EE/EE/EE_2021_EE_058.png,EE,2021,EE,58,MCQ,A,1,
EE_2021_EE_059.png,GATE_ESE_Papers/EE/EE/EE_2021_EE_059.png,EE,2021,EE,59,MCQ,A,1,
EE_2021_EE_060.png,GATE_ESE_Papers/EE/EE/EE_2021_EE_060.png,EE,2021,EE,60,MCQ,B,1,
EE_2021_EE_061.png,GATE_ESE_Papers/EE/EE/EE_2021_EE_061.png,EE,2021,EE,61,MCQ,C,1,
EE_2021_EE_062.png,GATE_ESE_Papers/EE/EE/EE_2021_EE_062.png,EE,2021,EE,62,MCQ,C,1,
EE_2021_EE_063.png,GATE_ESE_Papers/EE/EE/EE_2021_EE_063.png,EE,2021,EE,63,MCQ,C,1,
EE_2021_EE_064.png,GATE_ESE_Papers/EE/EE/EE_2021_EE_064.png,EE,2021,EE,64,MCQ,A,1,
EE_2021_EE_065.png,GATE_ESE_Papers/EE/EE/EE_2021_EE_065.png,EE,2021,EE,65,MCQ,A,1,
EE_2021_EE_066.png,GATE_ESE_Papers/EE/EE/EE_2021_EE_066.png,EE,2021,EE,66,MCQ,*,1,
EE_2021_EE_067.png,GATE_ESE_Papers/EE/EE/EE_2021_EE_067.png,EE,2021,EE,67,MCQ,C,1,
EE_2021_EE_068.png,GATE_ESE_Papers/EE/EE/EE_2021_EE_068.png,EE,2021,EE,68,MCQ,C,1,
EE_2021_EE_069.png,GATE_ESE_Papers/EE/EE/EE_2021_EE_069.png,EE,2021,EE,69,MCQ,A,1,
EE_2021_EE_070.png,GATE_ESE_Papers/EE/EE/EE_2021_EE_070.png,EE,2021,EE,70,MCQ,D,1,
EE_2021_EE_071.png,GATE_ESE_Papers/EE/EE/EE_2021_EE_071.png,EE,2021,EE,71,MCQ,B,1,
EE_2021_EE_072.png,GATE_ESE_Papers/EE/EE/EE_2021_EE_072.png,EE,2021,EE,72,MCQ,D,1,
EE_2021_EE_073.png,GATE_ESE_Papers/EE/EE/EE_2021_EE_073.png,EE,2021,EE,73,MCQ,B,1,
EE_2021_EE_074.png,GATE_ESE_Papers/EE/EE/EE_2021_EE_074.png,EE,2021,EE,74,MCQ,D,1,
EE_2021_EE_075.png,GATE_ESE_Papers/EE/EE/EE_2021_EE_075.png,EE,2021,EE,75,MCQ,C,1,
EE_2021_EE_076.png,GATE_ESE_Papers/EE/EE/EE_2021_EE_076.png,EE,2021,EE,76,MCQ,D,1,
EE_2021_EE_077.png,GATE_ESE_Papers/EE/EE/EE_2021_EE_077.png,EE,2021,EE,77,MCQ,D,1,
EE_2021_EE_078.png,GATE_ESE_Papers/EE/EE/EE_2021_EE_078.png,EE,2021,EE,78,MCQ,C,1,
EE_2021_EE_079.png,GATE_ESE_Papers/EE/EE/EE_2021_EE_079.png,EE,2021,EE,79,MCQ,D,1,
EE_2021_EE_080.png,GATE_ESE_Papers/EE/EE/EE_2021_EE_080.png,EE,2021,EE,80,MCQ,C,1,
EE_2021_EE_081.png,GATE_ESE_Papers/EE/EE/EE_2021_EE_081.png,EE,2021,EE,81,MCQ,A,1,
EE_2021_EE_082.png,GATE_ESE_Papers/EE/EE/EE_2021_EE_082.png,EE,2021,EE,82,MCQ,B,1,
EE_2021_EE_083.png,GATE_ESE_Papers/EE/EE/EE_2021_EE_083.png,EE,2021,EE,83,MCQ,C,1,
EE_2021_EE_084.png,GATE_ESE_Papers/EE/EE/EE_2021_EE_084.png,EE,2021,EE,84,MCQ,A,1,
EE_2021_EE_085.png,GATE_ESE_Papers/EE/EE/EE_2021_EE_085.png,EE,2021,EE,85,MCQ,A,1,
EE_2021_EE_086.png,GATE_ESE_Papers/EE/EE/EE_2021_EE_086.png,EE,2021,EE,86,MCQ,C,1,
EE_2021_EE_087.png,GATE_ESE_Papers/EE/EE/EE_2021_EE_087.png,EE,2021,EE,87,MCQ,C,1,
EE_2021_EE_088.png,GATE_ESE_Papers/EE/EE/EE_2021_EE_088.png,EE,2021,EE,88,MCQ,D,1,
EE_2021_EE_089.png,GATE_ESE_Papers/EE/EE/EE_2021_EE_089.png,EE,2021,EE,89,MCQ,A,1,
EE_2021_EE_090.png,GATE_ESE_Papers/EE/EE/EE_2021_EE_090.png,EE,2021,EE,90,MCQ,A,1,
EE_2021_EE_091.png,GATE_ESE_Papers/EE/EE/EE_2021_EE_091.png,EE,2021,EE,91,MCQ,D,1,
EE_2021_EE_092.png,GATE_ESE_Papers/EE/EE/EE_2021_EE_092.png,EE,2021,EE,92,MCQ,B,1,
EE_2021_EE_093.png,GATE_ESE_Papers/EE/EE/EE_2021_EE_093.png,EE,2021,EE,93,MCQ,B,1,
EE_2021_EE_094.png,GATE_ESE_Papers/EE/EE/EE_2021_EE_094.png,EE,2021,EE,94,MCQ,C,1,
EE_2021_EE_095.png,GATE_ESE_Papers/EE/EE/EE_2021_EE_095.png,EE,2021,EE,95,MCQ,D,1,
EE_2021_EE_096.png,GATE_ESE_Papers/EE/EE/EE_2021_EE_096.png,EE,2021,EE,96,MCQ,*,1,
EE_2021_EE_097.png,GATE_ESE_Papers/EE/EE/EE_2021_EE_097.png,EE,2021,EE,97,MCQ,A,1,
EE_2021_EE_098.png,GATE_ESE_Papers/EE/EE/EE_2021_EE_098.png,EE,2021,EE,98,MCQ,B,1,
EE_2021_EE_099.png,GATE_ESE_Papers/EE/EE/EE_2021_EE_099.png,EE,2021,EE,99,MCQ,D,1,
EE_2021_EE_100.png,GATE_ESE_Papers/EE/EE/EE_2021_EE_100.png,EE,2021,EE,100,MCQ,B,1,
EE_2021_EE_101.png,GATE_ESE_Papers/EE/EE/EE_2021_EE_101.png,EE,2021,EE,101,MCQ,A,1,
EE_2021_EE_102.png,GATE_ESE_Papers/EE/EE/EE_2021_EE_102.png,EE,2021,EE,102,MCQ,B,1,
EE_2021_EE_103.png,GATE_ESE_Papers/EE/EE/EE_2021_EE_103.png,EE,2021,EE,103,MCQ,B,1,
EE_2021_EE_104.png,GATE_ESE_Papers/EE/EE/EE_2021_EE_104.png,EE,2021,EE,104,MCQ,C,1,
EE_2021_EE_105.png,GATE_ESE_Papers/EE/EE/EE_2021_EE_105.png,EE,2021,EE,105,MCQ,B,1,
EE_2021_EE_106.png,GATE_ESE_Papers/EE/EE/EE_2021_EE_106.png,EE,2021,EE,106,MCQ,C,1,
EE_2021_EE_107.png,GATE_ESE_Papers/EE/EE/EE_2021_EE_107.png,EE,2021,EE,107,MCQ,A,1,
EE_2021_EE_108.png,GATE_ESE_Papers/EE/EE/EE_2021_EE_108.png,EE,2021,EE,108,MCQ,B,1,
EE_2021_EE_109.png,GATE_ESE_Papers/EE/EE/EE_2021_EE_109.png,EE,2021,EE,109,MCQ,A,1,
EE_2021_EE_110.png,GATE_ESE_Papers/EE/EE/EE_2021_EE_110.png,EE,2021,EE,110,MCQ,C,1,
EE_2021_EE_111.png,GATE_ESE_Papers/EE/EE/EE_2021_EE_111.png,EE,2021,EE,111,MCQ,A,1,
EE_2021_EE_112.png,GATE_ESE_Papers/EE/EE/EE_2021_EE_112.png,EE,2021,EE,112,MCQ,A,1,
EE_2021_EE_113.png,GATE_ESE_Papers/EE/EE/EE_2021_EE_113.png,EE,2021,EE,113,MCQ,B,1,
EE_2021_EE_114.png,GATE_ESE_Papers/EE/EE/EE_2021_EE_114.png,EE,2021,EE,114,MCQ,C,1,
EE_2021_EE_115.png,GATE_ESE_Papers/EE/EE/EE_2021_EE_115.png,EE,2021,EE,115,MCQ,A,1,
EE_2021_EE_116.png,GATE_ESE_Papers/EE/EE/EE_2021_EE_116.png,EE,2021,EE,116,MCQ,A,1,
EE_2021_EE_117.png,GATE_ESE_Papers/EE/EE/EE_2021_EE_117.png,EE,2021,EE,117,MCQ,A,1,
EE_2021_EE_118.png,GATE_ESE_Papers/EE/EE/EE_2021_EE_118.png,EE,2021,EE,118,MCQ,B,1,
EE_2021_EE_119.png,GATE_ESE_Papers/EE/EE/EE_2021_EE_119.png,EE,2021,EE,119,MCQ,*,1,
EE_2021_EE_120.png,GATE_ESE_Papers/EE/EE/EE_2021_EE_120.png,EE,2021,EE,120,MCQ,B,1,
EE_2021_EE_121.png,GATE_ESE_Papers/EE/EE/EE_2021_EE_121.png,EE,2021,EE,121,MCQ,A,1,
EE_2021_EE_122.png,GATE_ESE_Papers/EE/EE/EE_2021_EE_122.png,EE,2021,EE,122,MCQ,A,1,
EE_2021_EE_123.png,GATE_ESE_Papers/EE/EE/EE_2021_EE_123.png,EE,2021,EE,123,MCQ,D,1,
EE_2021_EE_124.png,GATE_ESE_Papers/EE/EE/EE_2021_EE_124.png,EE,2021,EE,124,MCQ,A,1,
EE_2021_EE_125.png,GATE_ESE_Papers/EE/EE/EE_2021_EE_125.png,EE,2021,EE,125,MCQ,D,1,
EE_2021_EE_126.png,GATE_ESE_Papers/EE/EE/EE_2021_EE_126.png,EE,2021,EE,126,MCQ,A,1,
EE_2021_EE_127.png,GATE_ESE_Papers/EE/EE/EE_2021_EE_127.png,EE,2021,EE,127,MCQ,D,1,
EE_2021_EE_128.png,GATE_ESE_Papers/EE/EE/EE_2021_EE_128.png,EE,2021,EE,128,MCQ,A,1,
EE_2021_EE_129.png,GATE_ESE_Papers/EE/EE/EE_2021_EE_129.png,EE,2021,EE,129,MCQ,D,1,
EE_2021_EE_130.png,GATE_ESE_Papers/EE/EE/EE_2021_EE_130.png,EE,2021,EE,130,MCQ,D,1,
EE_2021_EE_131.png,GATE_ESE_Papers/EE/EE/EE_2021_EE_131.png,EE,2021,EE,131,MCQ,A,1,
EE_2021_EE_132.png,GATE_ESE_Papers/EE/EE/EE_2021_EE_132.png,EE,2021,EE,132,MCQ,D,1,
EE_2021_EE_133.png,GATE_ESE_Papers/EE/EE/EE_2021_EE_133.png,EE,2021,EE,133,MCQ,A,1,
EE_2021_EE_134.png,GATE_ESE_Papers/EE/EE/EE_2021_EE_134.png,EE,2021,EE,134,MCQ,B,1,
EE_2021_EE_135.png,GATE_ESE_Papers/EE/EE/EE_2021_EE_135.png,EE,2021,EE,135,MCQ,A,1,
EE_2021_EE_136.png,GATE_ESE_Papers/EE/EE/EE_2021_EE_136.png,EE,2021,EE,136,MCQ,D,1,
EE_2021_EE_137.png,GATE_ESE_Papers/EE/EE/EE_2021_EE_137.png,EE,2021,EE,137,MCQ,C,1,
EE_2021_EE_138.png,GATE_ESE_Papers/EE/EE/EE_2021_EE_138.png,EE,2021,EE,138,MCQ,A,1,
EE_2021_EE_139.png,GATE_ESE_Papers/EE/EE/EE_2021_EE_139.png,EE,2021,EE,139,MCQ,C,1,
EE_2021_EE_140.png,GATE_ESE_Papers/EE/EE/EE_2021_EE_140.png,EE,2021,EE,140,MCQ,B,1,
EE_2021_EE_141.png,GATE_ESE_Papers/EE/EE/EE_2021_EE_141.png,EE,2021,EE,141,MCQ,C,1,
EE_2021_EE_142.png,GATE_ESE_Papers/EE/EE/EE_2021_EE_142.png,EE,2021,EE,142,MCQ,A,1,
EE_2021_EE_143.png,GATE_ESE_Papers/EE/EE/EE_2021_EE_143.png,EE,2021,EE,143,MCQ,A,1,
EE_2021_EE_144.png,GATE_ESE_Papers/EE/EE/EE_2021_EE_144.png,EE,2021,EE,144,MCQ,A,1,
EE_2021_EE_145.png,GATE_ESE_Papers/EE/EE/EE_2021_EE_145.png,EE,2021,EE,145,MCQ,B,1,
EE_2021_EE_146.png,GATE_ESE_Papers/EE/EE/EE_2021_EE_146.png,EE,2021,EE,146,MCQ,B,1,
EE_2021_EE_147.png,GATE_ESE_Papers/EE/EE/EE_2021_EE_147.png,EE,2021,EE,147,MCQ,D,1,
EE_2021_EE_148.png,GATE_ESE_Papers/EE/EE/EE_2021_EE_148.png,EE,2021,EE,148,MCQ,C,1,
EE_2021_EE_149.png,GATE_ESE_Papers/EE/EE/EE_2021_EE_149.png,EE,2021,EE,149,MCQ,B,1,
EE_2021_EE_150.png,GATE_ESE_Papers/EE/EE/EE_2021_EE_150.png,EE,2021,EE,150,MCQ,A,1,
EE_2022_EE_056.png,GATE_ESE_Papers/EE/EE/EE_2022_EE_056.png,EE,2022,EE,56,MCQ,C,1,
EE_2022_EE_057.png,GATE_ESE_Papers/EE/EE/EE_2022_EE_057.png,EE,2022,EE,57,MCQ,A,1,
EE_2022_EE_058.png,GATE_ESE_Papers/EE/EE/EE_2022_EE_058.png,EE,2022,EE,58,MCQ,A,1,
EE_2022_EE_059.png,GATE_ESE_Papers/EE/EE/EE_2022_EE_059.png,EE,2022,EE,59,MCQ,C,1,
EE_2022_EE_060.png,GATE_ESE_Papers/EE/EE/EE_2022_EE_060.png,EE,2022,EE,60,MCQ,B,1,
EE_2022_EE_061.png,GATE_ESE_Papers/EE/EE/EE_2022_EE_061.png,EE,2022,EE,61,MCQ,C,1,
EE_2022_EE_062.png,GATE_ESE_Papers/EE/EE/EE_2022_EE_062.png,EE,2022,EE,62,MCQ,A,1,
EE_2022_EE_063.png,GATE_ESE_Papers/EE/EE/EE_2022_EE_063.png,EE,2022,EE,63,MCQ,D,1,
EE_2022_EE_064.png,GATE_ESE_Papers/EE/EE/EE_2022_EE_064.png,EE,2022,EE,64,MCQ,C,1,
EE_2022_EE_065.png,GATE_ESE_Papers/EE/EE/EE_2022_EE_065.png,EE,2022,EE,65,MCQ,C,1,
EE_2022_EE_066.png,GATE_ESE_Papers/EE/EE/EE_2022_EE_066.png,EE,2022,EE,66,MCQ,A,1,
EE_2022_EE_067.png,GATE_ESE_Papers/EE/EE/EE_2022_EE_067.png,EE,2022,EE,67,MCQ,D,1,
EE_2022_EE_068.png,GATE_ESE_Papers/EE/EE/EE_2022_EE_068.png,EE,2022,EE,68,MCQ,B,1,
EE_2022_EE_069.png,GATE_ESE_Papers/EE/EE/EE_2022_EE_069.png,EE,2022,EE,69,MCQ,C,1,
EE_2022_EE_070.png,GATE_ESE_Papers/EE/EE/EE_2022_EE_070.png,EE,2022,EE,70,MCQ,A,1,
EE_2022_EE_071.png,GATE_ESE_Papers/EE/EE/EE_2022_EE_071.png,EE,2022,EE,71,MCQ,A,1,
EE_2022_EE_072.png,GATE_ESE_Papers/EE/EE/EE_2022_EE_072.png,EE,2022,EE,72,MCQ,B,1,
EE_2022_EE_073.png,GATE_ESE_Papers/EE/EE/EE_2022_EE_073.png,EE,2022,EE,73,MCQ,C,1,
EE_2022_EE_074.png,GATE_ESE_Papers/EE/EE/EE_2022_EE_074.png,EE,2022,EE,74,MCQ,D,1,
EE_2022_EE_075.png,GATE_ESE_Papers/EE/EE/EE_2022_EE_075.png,EE,2022,EE,75,MCQ,D,1,
EE_2022_EE_076.png,GATE_ESE_Papers/EE/EE/EE_2022_EE_076.png,EE,2022,EE,76,MCQ,D,1,
EE_2022_EE_077.png,GATE_ESE_Papers/EE/EE/EE_2022_EE_077.png,EE,2022,EE,77,MCQ,B,1,
EE_2022_EE_078.png,GATE_ESE_Papers/EE/EE/EE_2022_EE_078.png,EE,2022,EE,78,MCQ,A,1,
EE_2022_EE_079.png,GATE_ESE_Papers/EE/EE/EE_2022_EE_079.png,EE,2022,EE,79,MCQ,D,1,
EE_2022_EE_080.png,GATE_ESE_Papers/EE/EE/EE_2022_EE_080.png,EE,2022,EE,80,MCQ,A,1,
EE_2022_EE_081.png,GATE_ESE_Papers/EE/EE/EE_2022_EE_081.png,EE,2022,EE,81,MCQ,C,1,
EE_2022_EE_082.png,GATE_ESE_Papers/EE/EE/EE_2022_EE_082.png,EE,2022,EE,82,MCQ,A,1,
EE_2022_EE_083.png,GATE_ESE_Papers/EE/EE/EE_2022_EE_083.png,EE,2022,EE,83,MCQ,B,1,
EE_2022_EE_084.png,GATE_ESE_Papers/EE/EE/EE_2022_EE_084.png,EE,2022,EE,84,MCQ,C,1,
EE_2022_EE_085.png,GATE_ESE_Papers/EE/EE/EE_2022_EE_085.png,EE,2022,EE,85,MCQ,A,1,
EE_2022_EE_086.png,GATE_ESE_Papers/EE/EE/EE_2022_EE_086.png,EE,2022,EE,86,MCQ,B,1,
EE_2022_EE_087.png,GATE_ESE_Papers/EE/EE/EE_2022_EE_087.png,EE,2022,EE,87,MCQ,C,1,
EE_2022_EE_088.png,GATE_ESE_Papers/EE/EE/EE_2022_EE_088.png,EE,2022,EE,88,MCQ,C,1,
EE_2022_EE_089.png,GATE_ESE_Papers/EE/EE/EE_2022_EE_089.png,EE,2022,EE,89,MCQ,A,1,
EE_2022_EE_090.png,GATE_ESE_Papers/EE/EE/EE_2022_EE_090.png,EE,2022,EE,90,MCQ,C,1,
EE_2022_EE_091.png,GATE_ESE_Papers/EE/EE/EE_2022_EE_091.png,EE,2022,EE,91,MCQ,D,1,
EE_2022_EE_092.png,GATE_ESE_Papers/EE/EE/EE_2022_EE_092.png,EE,2022,EE,92,MCQ,C,1,
EE_2022_EE_093.png,GATE_ESE_Papers/EE/EE/EE_2022_EE_093.png,EE,2022,EE,93,MCQ,B,1,
EE_2022_EE_094.png,GATE_ESE_Papers/EE/EE/EE_2022_EE_094.png,EE,2022,EE,94,MCQ,A,1,
EE_2022_EE_095.png,GATE_ESE_Papers/EE/EE/EE_2022_EE_095.png,EE,2022,EE,95,MCQ,C,1,
EE_2022_EE_096.png,GATE_ESE_Papers/EE/EE/EE_2022_EE_096.png,EE,2022,EE,96,MCQ,D,1,
EE_2022_EE_097.png,GATE_ESE_Papers/EE/EE/EE_2022_EE_097.png,EE,2022,EE,97,MCQ,C,1,
EE_2022_EE_098.png,GATE_ESE_Papers/EE/EE/EE_2022_EE_098.png,EE,2022,EE,98,MCQ,A,1,
EE_2022_EE_099.png,GATE_ESE_Papers/EE/EE/EE_2022_EE_099.png,EE,2022,EE,99,MCQ,B,1,
EE_2022_EE_100.png,GATE_ESE_Papers/EE/EE/EE_2022_EE_100.png,EE,2022,EE,100,MCQ,D,1,
EE_2022_EE_101.png,GATE_ESE_Papers/EE/EE/EE_2022_EE_101.png,EE,2022,EE,101,MCQ,C,1,
EE_2022_EE_102.png,GATE_ESE_Papers/EE/EE/EE_2022_EE_102.png,EE,2022,EE,102,MCQ,D,1,
EE_2022_EE_103.png,GATE_ESE_Papers/EE/EE/EE_2022_EE_103.png,EE,2022,EE,103,MCQ,C,1,
EE_2022_EE_104.png,GATE_ESE_Papers/EE/EE/EE_2022_EE_104.png,EE,2022,EE,104,MCQ,D,1,
EE_2022_EE_105.png,GATE_ESE_Papers/EE/EE/EE_2022_EE_105.png,EE,2022,EE,105,MCQ,A,1,
EE_2022_EE_106.png,GATE_ESE_Papers/EE/EE/EE_2022_EE_106.png,EE,2022,EE,106,MCQ,C,1,
EE_2022_EE_107.png,GATE_ESE_Papers/EE/EE/EE_2022_EE_107.png,EE,2022,EE,107,MCQ,B,1,
EE_2022_EE_108.png,GATE_ESE_Papers/EE/EE/EE_2022_EE_108.png,EE,2022,EE,108,MCQ,D,1,
EE_2022_EE_109.png,GATE_ESE_Papers/EE/EE/EE_2022_EE_109.png,EE,2022,EE,109,MCQ,A,1,
EE_2022_EE_110.png,GATE_ESE_Papers/EE/EE/EE_2022_EE_110.png,EE,2022,EE,110,MCQ,C,1,
EE_2022_EE_111.png,GATE_ESE_Papers/EE/EE/EE_2022_EE_111.png,EE,2022,EE,111,MCQ,D,1,
EE_2022_EE_112.png,GATE_ESE_Papers/EE/EE/EE_2022_EE_112.png,EE,2022,EE,112,MCQ,C,1,
EE_2022_EE_113.png,GATE_ESE_Papers/EE/EE/EE_2022_EE_113.png,EE,2022,EE,113,MCQ,B,1,
EE_2022_EE_114.png,GATE_ESE_Papers/EE/EE/EE_2022_EE_114.png,EE,2022,EE,114,MCQ,C,1,
EE_2022_EE_115.png,GATE_ESE_Papers/EE/EE/EE_2022_EE_115.png,EE,2022,EE,115,MCQ,C,1,
EE_2022_EE_116.png,GATE_ESE_Papers/EE/EE/EE_2022_EE_116.png,EE,2022,EE,116,MCQ,C,1,
EE_2022_EE_117.png,GATE_ESE_Papers/EE/EE/EE_2022_EE_117.png,EE,2022,EE,117,MCQ,D,1,
EE_2022_EE_118.png,GATE_ESE_Papers/EE/EE/EE_2022_EE_118.png,EE,2022,EE,118,MCQ,C,1,
EE_2022_EE_119.png,GATE_ESE_Papers/EE/EE/EE_2022_EE_119.png,EE,2022,EE,119,MCQ,A,1,
EE_2022_EE_120.png,GATE_ESE_Papers/EE/EE/EE_2022_EE_120.png,EE,2022,EE,120,MCQ,D,1,
EE_2022_EE_121.png,GATE_ESE_Papers/EE/EE/EE_2022_EE_121.png,EE,2022,EE,121,MCQ,C,1,
EE_2022_EE_122.png,GATE_ESE_Papers/EE/EE/EE_2022_EE_122.png,EE,2022,EE,122,MCQ,A,1,
EE_2022_EE_123.png,GATE_ESE_Papers/EE/EE/EE_2022_EE_123.png,EE,2022,EE,123,MCQ,D,1,
EE_2022_EE_124.png,GATE_ESE_Papers/EE/EE/EE_2022_EE_124.png,EE,2022,EE,124,MCQ,C,1,
EE_2022_EE_125.png,GATE_ESE_Papers/EE/EE/EE_2022_EE_125.png,EE,2022,EE,125,MCQ,C,1,
EE_2022_EE_126.png,GATE_ESE_Papers/EE/EE/EE_2022_EE_126.png,EE,2022,EE,126,MCQ,A,1,
EE_2022_EE_127.png,GATE_ESE_Papers/EE/EE/EE_2022_EE_127.png,EE,2022,EE,127,MCQ,C,1,
EE_2022_EE_128.png,GATE_ESE_Papers/EE/EE/EE_2022_EE_128.png,EE,2022,EE,128,MCQ,A,1,
EE_2022_EE_129.png,GATE_ESE_Papers/EE/EE/EE_2022_EE_129.png,EE,2022,EE,129,MCQ,D,1,
EE_2022_EE_130.png,GATE_ESE_Papers/EE/EE/EE_2022_EE_130.png,EE,2022,EE,130,MCQ,C,1,
EE_2022_EE_131.png,GATE_ESE_Papers/EE/EE/EE_2022_EE_131.png,EE,2022,EE,131,MCQ,A,1,
EE_2022_EE_132.png,GATE_ESE_Papers/EE/EE/EE_2022_EE_132.png,EE,2022,EE,132,MCQ,A,1,
EE_2022_EE_133.png,GATE_ESE_Papers/EE/EE/EE_2022_EE_133.png,EE,2022,EE,133,MCQ,A,1,
EE_2022_EE_134.png,GATE_ESE_Papers/EE/EE/EE_2022_EE_134.png,EE,2022,EE,134,MCQ,B,1,
EE_2022_EE_135.png,GATE_ESE_Papers/EE/EE/EE_2022_EE_135.png,EE,2022,EE,135,MCQ,D,1,
EE_2022_EE_136.png,GATE_ESE_Papers/EE/EE/EE_2022_EE_136.png,EE,2022,EE,136,MCQ,B,1,
EE_2022_EE_137.png,GATE_ESE_Papers/EE/EE/EE_2022_EE_137.png,EE,2022,EE,137,MCQ,C,1,
EE_2022_EE_138.png,GATE_ESE_Papers/EE/EE/EE_2022_EE_138.png,EE,2022,EE,138,MCQ,A,1,
EE_2022_EE_139.png,GATE_ESE_Papers/EE/EE/EE_2022_EE_139.png,EE,2022,EE,139,MCQ,B,1,
EE_2022_EE_140.png,GATE_ESE_Papers/EE/EE/EE_2022_EE_140.png,EE,2022,EE,140,MCQ,A,1,
EE_2022_EE_141.png,GATE_ESE_Papers/EE/EE/EE_2022_EE_141.png,EE,2022,EE,141,MCQ,C,1,
EE_2022_EE_142.png,GATE_ESE_Papers/EE/EE/EE_2022_EE_142.png,EE,2022,EE,142,MCQ,C,1,
EE_2022_EE_143.png,GATE_ESE_Papers/EE/EE/EE_2022_EE_143.png,EE,2022,EE,143,MCQ,D,1,
EE_2022_EE_144.png,GATE_ESE_Papers/EE/EE/EE_2022_EE_144.png,EE,2022,EE,144,MCQ,A,1,
EE_2022_EE_145.png,GATE_ESE_Papers/EE/EE/EE_2022_EE_145.png,EE,2022,EE,145,MCQ,B,1,
EE_2022_EE_146.png,GATE_ESE_Papers/EE/EE/EE_2022_EE_146.png,EE,2022,EE,146,MCQ,B,1,
EE_2022_EE_147.png,GATE_ESE_Papers/EE/EE/EE_2022_EE_147.png,EE,2022,EE,147,MCQ,C,1,
EE_2022_EE_148.png,GATE_ESE_Papers/EE/EE/EE_2022_EE_148.png,EE,2022,EE,148,MCQ,B,1,
EE_2022_EE_149.png,GATE_ESE_Papers/EE/EE/EE_2022_EE_149.png,EE,2022,EE,149,MCQ,B,1,
EE_2022_EE_150.png,GATE_ESE_Papers/EE/EE/EE_2022_EE_150.png,EE,2022,EE,150,MCQ,A,1,
EE_2023_EE_056.png,GATE_ESE_Papers/EE/EE/EE_2023_EE_056.png,EE,2023,EE,56,MCQ,C,1,
EE_2023_EE_057.png,GATE_ESE_Papers/EE/EE/EE_2023_EE_057.png,EE,2023,EE,57,MCQ,D,1,
EE_2023_EE_058.png,GATE_ESE_Papers/EE/EE/EE_2023_EE_058.png,EE,2023,EE,58,MCQ,D,1,
EE_2023_EE_059.png,GATE_ESE_Papers/EE/EE/EE_2023_EE_059.png,EE,2023,EE,59,MCQ,B,1,
EE_2023_EE_060.png,GATE_ESE_Papers/EE/EE/EE_2023_EE_060.png,EE,2023,EE,60,MCQ,D,1,
EE_2023_EE_061.png,GATE_ESE_Papers/EE/EE/EE_2023_EE_061.png,EE,2023,EE,61,MCQ,*,1,
EE_2023_EE_062.png,GATE_ESE_Papers/EE/EE/EE_2023_EE_062.png,EE,2023,EE,62,MCQ,D,1,
EE_2023_EE_063.png,GATE_ESE_Papers/EE/EE/EE_2023_EE_063.png,EE,2023,EE,63,MCQ,B,1,
EE_2023_EE_064.png,GATE_ESE_Papers/EE/EE/EE_2023_EE_064.png,EE,2023,EE,64,MCQ,B,1,
EE_2023_EE_065.png,GATE_ESE_Papers/EE/EE/EE_2023_EE_065.png,EE,2023,EE,65,MCQ,A,1,
EE_2023_EE_066.png,GATE_ESE_Papers/EE/EE/EE_2023_EE_066.png,EE,2023,EE,66,MCQ,B,1,
EE_2023_EE_067.png,GATE_ESE_Papers/EE/EE/EE_2023_EE_067.png,EE,2023,EE,67,MCQ,C,1,
EE_2023_EE_068.png,GATE_ESE_Papers/EE/EE/EE_2023_EE_068.png,EE,2023,EE,68,MCQ,D,1,
EE_2023_EE_069.png,GATE_ESE_Papers/EE/EE/EE_2023_EE_069.png,EE,2023,EE,69,MCQ,A,1,
EE_2023_EE_070.png,GATE_ESE_Papers/EE/EE/EE_2023_EE_070.png,EE,2023,EE,70,MCQ,B,1,
EE_2023_EE_071.png,GATE_ESE_Papers/EE/EE/EE_2023_EE_071.png,EE,2023,EE,71,MCQ,D,1,
EE_2023_EE_072.png,GATE_ESE_Papers/EE/EE/EE_2023_EE_072.png,EE,2023,EE,72,MCQ,A,1,
EE_2023_EE_073.png,GATE_ESE_Papers/EE/EE/EE_2023_EE_073.png,EE,2023,EE,73,MCQ,A,1,
EE_2023_EE_074.png,GATE_ESE_Papers/EE/EE/EE_2023_EE_074.png,EE,2023,EE,74,MCQ,C,1,
EE_2023_EE_075.png,GATE_ESE_Papers/EE/EE/EE_2023_EE_075.png,EE,2023,EE,75,MCQ,D,1,
EE_2023_EE_076.png,GATE_ESE_Papers/EE/EE/EE_2023_EE_076.png,EE,2023,EE,76,MCQ,B,1,
EE_2023_EE_077.png,GATE_ESE_Papers/EE/EE/EE_2023_EE_077.png,EE,2023,EE,77,MCQ,A,1,
EE_2023_EE_078.png,GATE_ESE_Papers/EE/EE/EE_2023_EE_078.png,EE,2023,EE,78,MCQ,C,1,
EE_2023_EE_079.png,GATE_ESE_Papers/EE/EE/EE_2023_EE_079.png,EE,2023,EE,79,MCQ,A,1,
EE_2023_EE_080.png,GATE_ESE_Papers/EE/EE/EE_2023_EE_080.png,EE,2023,EE,80,MCQ,"B,D",1,
EE_2023_EE_081.png,GATE_ESE_Papers/EE/EE/EE_2023_EE_081.png,EE,2023,EE,81,MCQ,A,1,
EE_2023_EE_082.png,GATE_ESE_Papers/EE/EE/EE_2023_EE_082.png,EE,2023,EE,82,MCQ,B,1,
EE_2023_EE_083.png,GATE_ESE_Papers/EE/EE/EE_2023_EE_083.png,EE,2023,EE,83,MCQ,D,1,
EE_2023_EE_084.png,GATE_ESE_Papers/EE/EE/EE_2023_EE_084.png,EE,2023,EE,84,MCQ,B,1,
EE_2023_EE_085.png,GATE_ESE_Papers/EE/EE/EE_2023_EE_085.png,EE,2023,EE,85,MCQ,C,1,
EE_2023_EE_086.png,GATE_ESE_Papers/EE/EE/EE_2023_EE_086.png,EE,2023,EE,86,MCQ,D,1,
EE_2023_EE_087.png,GATE_ESE_Papers/EE/EE/EE_2023_EE_087.png,EE,2023,EE,87,MCQ,C,1,
EE_2023_EE_088.png,GATE_ESE_Papers/EE/EE/EE_2023_EE_088.png,EE,2023,EE,88,MCQ,B,1,
EE_2023_EE_089.png,GATE_ESE_Papers/EE/EE/EE_2023_EE_089.png,EE,2023,EE,89,MCQ,A,1,
EE_2023_EE_090.png,GATE_ESE_Papers/EE/EE/EE_2023_EE_090.png,EE,2023,EE,90,MCQ,D,1,
EE_2023_EE_091.png,GATE_ESE_Papers/EE/EE/EE_2023_EE_091.png,EE,2023,EE,91,MCQ,C,1,
EE_2023_EE_092.png,GATE_ESE_Papers/EE/EE/EE_2023_EE_092.png,EE,2023,EE,92,MCQ,D,1,
EE_2023_EE_093.png,GATE_ESE_Papers/EE/EE/EE_2023_EE_093.png,EE,2023,EE,93,MCQ,B,1,
EE_2023_EE_094.png,GATE_ESE_Papers/EE/EE/EE_2023_EE_094.png,EE,2023,EE,94,MCQ,B,1,
EE_2023_EE_095.png,GATE_ESE_Papers/EE/EE/EE_2023_EE_095.png,EE,2023,EE,95,MCQ,B,1,
EE_2023_EE_096.png,GATE_ESE_Papers/EE/EE/EE_2023_EE_096.png,EE,2023,EE,96,MCQ,D,1,
EE_2023_EE_097.png,GATE_ESE_Papers/EE/EE/EE_2023_EE_097.png,EE,2023,EE,97,MCQ,B,1,
EE_2023_EE_098.png,GATE_ESE_Papers/EE/EE/EE_2023_EE_098.png,EE,2023,EE,98,MCQ,B,1,
EE_2023_EE_099.png,GATE_ESE_Papers/EE/EE/EE_2023_EE_099.png,EE,2023,EE,99,MCQ,C,1,
EE_2023_EE_100.png,GATE_ESE_Papers/EE/EE/EE_2023_EE_100.png,EE,2023,EE,100,MCQ,C,1,
EE_2023_EE_101.png,GATE_ESE_Papers/EE/EE/EE_2023_EE_101.png,EE,2023,EE,101,MCQ,D,1,
EE_2023_EE_102.png,GATE_ESE_Papers/EE/EE/EE_2023_EE_102.png,EE,2023,EE,102,MCQ,A,1,
EE_2023_EE_103.png,GATE_ESE_Papers/EE/EE/EE_2023_EE_103.png,EE,2023,EE,103,MCQ,A,1,
EE_2023_EE_104.png,GATE_ESE_Papers/EE/EE/EE_2023_EE_104.png,EE,2023,EE,104,MCQ,C,1,
EE_2023_EE_105.png,GATE_ESE_Papers/EE/EE/EE_2023_EE_105.png,EE,2023,EE,105,MCQ,A,1,
EE_2023_EE_106.png,GATE_ESE_Papers/EE/EE/EE_2023_EE_106.png,EE,2023,EE,106,MCQ,A,1,
EE_2023_EE_107.png,GATE_ESE_Papers/EE/EE/EE_2023_EE_107.png,EE,2023,EE,107,MCQ,D,1,
EE_2023_EE_108.png,GATE_ESE_Papers/EE/EE/EE_2023_EE_108.png,EE,2023,EE,108,MCQ,A,1,
EE_2023_EE_109.png,GATE_ESE_Papers/EE/EE/EE_2023_EE_109.png,EE,2023,EE,109,MCQ,A,1,
EE_2023_EE_110.png,GATE_ESE_Papers/EE/EE/EE_2023_EE_110.png,EE,2023,EE,110,MCQ,B,1,
EE_2023_EE_111.png,GATE_ESE_Papers/EE/EE/EE_2023_EE_111.png,EE,2023,EE,111,MCQ,C,1,
EE_2023_EE_112.png,GATE_ESE_Papers/EE/EE/EE_2023_EE_112.png,EE,2023,EE,112,MCQ,C,1,
EE_2023_EE_113.png,GATE_ESE_Papers/EE/EE/EE_2023_EE_113.png,EE,2023,EE,113,MCQ,C,1,
EE_2023_EE_114.png,GATE_ESE_Papers/EE/EE/EE_2023_EE_114.png,EE,2023,EE,114,MCQ,A,1,
EE_2023_EE_115.png,GATE_ESE_Papers/EE/EE/EE_2023_EE_115.png,EE,2023,EE,115,MCQ,B,1,
EE_2023_EE_116.png,GATE_ESE_Papers/EE/EE/EE_2023_EE_116.png,EE,2023,EE,116,MCQ,B,1,
EE_2023_EE_117.png,GATE_ESE_Papers/EE/EE/EE_2023_EE_117.png,EE,2023,EE,117,MCQ,D,1,
EE_2023_EE_118.png,GATE_ESE_Papers/EE/EE/EE_2023_EE_118.png,EE,2023,EE,118,MCQ,C,1,
EE_2023_EE_119.png,GATE_ESE_Papers/EE/EE/EE_2023_EE_119.png,EE,2023,EE,119,MCQ,A,1,
EE_2023_EE_120.png,GATE_ESE_Papers/EE/EE/EE_2023_EE_120.png,EE,2023,EE,120,MCQ,C,1,
EE_2023_EE_121.png,GATE_ESE_Papers/EE/EE/EE_2023_EE_121.png,EE,2023,EE,121,MCQ,D,1,
EE_2023_EE_122.png,GATE_ESE_Papers/EE/EE/EE_2023_EE_122.png,EE,2023,EE,122,MCQ,B,1,
EE_2023_EE_123.png,GATE_ESE_Papers/EE/EE/EE_2023_EE_123.png,EE,2023,EE,123,MCQ,B,1,
EE_2023_EE_124.png,GATE_ESE_Papers/EE/EE/EE_2023_EE_124.png,EE,2023,EE,124,MCQ,B,1,
EE_2023_EE_125.png,GATE_ESE_Papers/EE/EE/EE_2023_EE_125.png,EE,2023,EE,125,MCQ,B,1,
EE_2023_EE_126.png,GATE_ESE_Papers/EE/EE/EE_2023_EE_126.png,EE,2023,EE,126,MCQ,D,1,
EE_2023_EE_127.png,GATE_ESE_Papers/EE/EE/EE_2023_EE_127.png,EE,2023,EE,127,MCQ,A,1,
EE_2023_EE_128.png,GATE_ESE_Papers/EE/EE/EE_2023_EE_128.png,EE,2023,EE,128,MCQ,B,1,
EE_2023_EE_129.png,GATE_ESE_Papers/EE/EE/EE_2023_EE_129.png,EE,2023,EE,129,MCQ,C,1,
EE_2023_EE_130.png,GATE_ESE_Papers/EE/EE/EE_2023_EE_130.png,EE,2023,EE,130,MCQ,C,1,
EE_2023_EE_131.png,GATE_ESE_Papers/EE/EE/EE_2023_EE_131.png,EE,2023,EE,131,MCQ,D,1,
EE_2023_EE_132.png,GATE_ESE_Papers/EE/EE/EE_2023_EE_132.png,EE,2023,EE,132,MCQ,C,1,
EE_2023_EE_133.png,GATE_ESE_Papers/EE/EE/EE_2023_EE_133.png,EE,2023,EE,133,MCQ,C,1,
EE_2023_EE_134.png,GATE_ESE_Papers/EE/EE/EE_2023_EE_134.png,EE,2023,EE,134,MCQ,B,1,
EE_2023_EE_135.png,GATE_ESE_Papers/EE/EE/EE_2023_EE_135.png,EE,2023,EE,135,MCQ,D,1,
EE_2023_EE_136.png,GATE_ESE_Papers/EE/EE/EE_2023_EE_136.png,EE,2023,EE,136,MCQ,A,1,
EE_2023_EE_137.png,GATE_ESE_Papers/EE/EE/EE_2023_EE_137.png,EE,2023,EE,137,MCQ,C,1,
EE_2023_EE_138.png,GATE_ESE_Papers/EE/EE/EE_2023_EE_138.png,EE,2023,EE,138,MCQ,D,1,
EE_2023_EE_139.png,GATE_ESE_Papers/EE/EE/EE_2023_EE_139.png,EE,2023,EE,139,MCQ,B,1,
EE_2023_EE_140.png,GATE_ESE_Papers/EE/EE/EE_2023_EE_140.png,EE,2023,EE,140,MCQ,D,1,
EE_2023_EE_141.png,GATE_ESE_Papers/EE/EE/EE_2023_EE_141.png,EE,2023,EE,141,MCQ,A,1,
EE_2023_EE_142.png,GATE_ESE_Papers/EE/EE/EE_2023_EE_142.png,EE,2023,EE,142,MCQ,B,1,
EE_2023_EE_143.png,GATE_ESE_Papers/EE/EE/EE_2023_EE_143.png,EE,2023,EE,143,MCQ,B,1,
EE_2023_EE_144.png,GATE_ESE_Papers/EE/EE/EE_2023_EE_144.png,EE,2023,EE,144,MCQ,B,1,
EE_2023_EE_145.png,GATE_ESE_Papers/EE/EE/EE_2023_EE_145.png,EE,2023,EE,145,MCQ,D,1,
EE_2023_EE_146.png,GATE_ESE_Papers/EE/EE/EE_2023_EE_146.png,EE,2023,EE,146,MCQ,C,1,
EE_2023_EE_147.png,GATE_ESE_Papers/EE/EE/EE_2023_EE_147.png,EE,2023,EE,147,MCQ,B,1,
EE_2023_EE_148.png,GATE_ESE_Papers/EE/EE/EE_2023_EE_148.png,EE,2023,EE,148,MCQ,A,1,
EE_2023_EE_149.png,GATE_ESE_Papers/EE/EE/EE_2023_EE_149.png,EE,2023,EE,149,MCQ,C,1,
EE_2023_EE_150.png,GATE_ESE_Papers/EE/EE/EE_2023_EE_150.png,EE,2023,EE,150,MCQ,C,1,
EE_2024_EE_056.png,GATE_ESE_Papers/EE/EE/EE_2024_EE_056.png,EE,2024,EE,56,MCQ,C,1,
EE_2024_EE_057.png,GATE_ESE_Papers/EE/EE/EE_2024_EE_057.png,EE,2024,EE,57,MCQ,C,1,
EE_2024_EE_058.png,GATE_ESE_Papers/EE/EE/EE_2024_EE_058.png,EE,2024,EE,58,MCQ,D,1,
EE_2024_EE_059.png,GATE_ESE_Papers/EE/EE/EE_2024_EE_059.png,EE,2024,EE,59,MCQ,B,1,
EE_2024_EE_060.png,GATE_ESE_Papers/EE/EE/EE_2024_EE_060.png,EE,2024,EE,60,MCQ,B,1,
EE_2024_EE_061.png,GATE_ESE_Papers/EE/EE/EE_2024_EE_061.png,EE,2024,EE,61,MCQ,B,1,
EE_2024_EE_062.png,GATE_ESE_Papers/EE/EE/EE_2024_EE_062.png,EE,2024,EE,62,MCQ,A,1,
EE_2024_EE_063.png,GATE_ESE_Papers/EE/EE/EE_2024_EE_063.png,EE,2024,EE,63,MCQ,A,1,
EE_2024_EE_064.png,GATE_ESE_Papers/EE/EE/EE_2024_EE_064.png,EE,2024,EE,64,MCQ,A,1,
EE_2024_EE_065.png,GATE_ESE_Papers/EE/EE/EE_2024_EE_065.png,EE,2024,EE,65,MCQ,B,1,
EE_2024_EE_066.png,GATE_ESE_Papers/EE/EE/EE_2024_EE_066.png,EE,2024,EE,66,MCQ,A,1,
EE_2024_EE_067.png,GATE_ESE_Papers/EE/EE/EE_2024_EE_067.png,EE,2024,EE,67,MCQ,A,1,
EE_2024_EE_068.png,GATE_ESE_Papers/EE/EE/EE_2024_EE_068.png,EE,2024,EE,68,MCQ,A,1,
EE_2024_EE_069.png,GATE_ESE_Papers/EE/EE/EE_2024_EE_069.png,EE,2024,EE,69,MCQ,A,1,
EE_2024_EE_070.png,GATE_ESE_Papers/EE/EE/EE_2024_EE_070.png,EE,2024,EE,70,MCQ,A,1,
EE_2024_EE_071.png,GATE_ESE_Papers/EE/EE/EE_2024_EE_071.png,EE,2024,EE,71,MCQ,*,1,
EE_2024_EE_072.png,GATE_ESE_Papers/EE/EE/EE_2024_EE_072.png,EE,2024,EE,72,MCQ,B,1,
EE_2024_EE_073.png,GATE_ESE_Papers/EE/EE/EE_2024_EE_073.png,EE,2024,EE,73,MCQ,A,1,
EE_2024_EE_074.png,GATE_ESE_Papers/EE/EE/EE_2024_EE_074.png,EE,2024,EE,74,MCQ,B,1,
EE_2024_EE_075.png,GATE_ESE_Papers/EE/EE/EE_2024_EE_075.png,EE,2024,EE,75,MCQ,B,1,
EE_2024_EE_076.png,GATE_ESE_Papers/EE/EE/EE_2024_EE_076.png,EE,2024,EE,76,MCQ,B,1,
EE_2024_EE_077.png,GATE_ESE_Papers/EE/EE/EE_2024_EE_077.png,EE,2024,EE,77,MCQ,A,1,
EE_2024_EE_078.png,GATE_ESE_Papers/EE/EE/EE_2024_EE_078.png,EE,2024,EE,78,MCQ,C,1,
EE_2024_EE_079.png,GATE_ESE_Papers/EE/EE/EE_2024_EE_079.png,EE,2024,EE,79,MCQ,C,1,
EE_2024_EE_080.png,GATE_ESE_Papers/EE/EE/EE_2024_EE_080.png,EE,2024,EE,80,MCQ,B,1,
EE_2024_EE_081.png,GATE_ESE_Papers/EE/EE/EE_2024_EE_081.png,EE,2024,EE,81,MCQ,C,1,
EE_2024_EE_082.png,GATE_ESE_Papers/EE/EE/EE_2024_EE_082.png,EE,2024,EE,82,MCQ,D,1,
EE_2024_EE_083.png,GATE_ESE_Papers/EE/EE/EE_2024_EE_083.png,EE,2024,EE,83,MCQ,C,1,
EE_2024_EE_084.png,GATE_ESE_Papers/EE/EE/EE_2024_EE_084.png,EE,2024,EE,84,MCQ,A,1,
EE_2024_EE_085.png,GATE_ESE_Papers/EE/EE/EE_2024_EE_085.png,EE,2024,EE,85,MCQ,A,1,
EE_2024_EE_086.png,GATE_ESE_Papers/EE/EE/EE_2024_EE_086.png,EE,2024,EE,86,MCQ,D,1,
EE_2024_EE_087.png,GATE_ESE_Papers/EE/EE/EE_2024_EE_087.png,EE,2024,EE,87,MCQ,B,1,
EE_2024_EE_088.png,GATE_ESE_Papers/EE/EE/EE_2024_EE_088.png,EE,2024,EE,88,MCQ,B,1,
EE_2024_EE_089.png,GATE_ESE_Papers/EE/EE/EE_2024_EE_089.png,EE,2024,EE,89,MCQ,B,1,
EE_2024_EE_090.png,GATE_ESE_Papers/EE/EE/EE_2024_EE_090.png,EE,2024,EE,90,MCQ,C,1,
EE_2024_EE_091.png,GATE_ESE_Papers/EE/EE/EE_2024_EE_091.png,EE,2024,EE,91,MCQ,A,1,
EE_2024_EE_092.png,GATE_ESE_Papers/EE/EE/EE_2024_EE_092.png,EE,2024,EE,92,MCQ,C,1,
EE_2024_EE_093.png,GATE_ESE_Papers/EE/EE/EE_2024_EE_093.png,EE,2024,EE,93,MCQ,B,1,
EE_2024_EE_094.png,GATE_ESE_Papers/EE/EE/EE_2024_EE_094.png,EE,2024,EE,94,MCQ,C,1,
EE_2024_EE_095.png,GATE_ESE_Papers/EE/EE/EE_2024_EE_095.png,EE,2024,EE,95,MCQ,C,1,
EE_2024_EE_096.png,GATE_ESE_Papers/EE/EE/EE_2024_EE_096.png,EE,2024,EE,96,MCQ,B,1,
EE_2024_EE_097.png,GATE_ESE_Papers/EE/EE/EE_2024_EE_097.png,EE,2024,EE,97,MCQ,A,1,
EE_2024_EE_098.png,GATE_ESE_Papers/EE/EE/EE_2024_EE_098.png,EE,2024,EE,98,MCQ,C,1,
EE_2024_EE_099.png,GATE_ESE_Papers/EE/EE/EE_2024_EE_099.png,EE,2024,EE,99,MCQ,A,1,
EE_2024_EE_100.png,GATE_ESE_Papers/EE/EE/EE_2024_EE_100.png,EE,2024,EE,100,MCQ,C,1,
EE_2024_EE_101.png,GATE_ESE_Papers/EE/EE/EE_2024_EE_101.png,EE,2024,EE,101,MCQ,B,1,
EE_2024_EE_102.png,GATE_ESE_Papers/EE/EE/EE_2024_EE_102.png,EE,2024,EE,102,MCQ,A,1,
EE_2024_EE_103.png,GATE_ESE_Papers/EE/EE/EE_2024_EE_103.png,EE,2024,EE,103,MCQ,B,1,
EE_2024_EE_104.png,GATE_ESE_Papers/EE/EE/EE_2024_EE_104.png,EE,2024,EE,104,MCQ,A,1,
EE_2024_EE_105.png,GATE_ESE_Papers/EE/EE/EE_2024_EE_105.png,EE,2024,EE,105,MCQ,C,1,
EE_2024_EE_106.png,GATE_ESE_Papers/EE/EE/EE_2024_EE_106.png,EE,2024,EE,106,MCQ,C,1,
EE_2024_EE_107.png,GATE_ESE_Papers/EE/EE/EE_2024_EE_107.png,EE,2024,EE,107,MCQ,A,1,
EE_2024_EE_108.png,GATE_ESE_Papers/EE/EE/EE_2024_EE_108.png,EE,2024,EE,108,MCQ,B,1,
EE_2024_EE_109.png,GATE_ESE_Papers/EE/EE/EE_2024_EE_109.png,EE,2024,EE,109,MCQ,C,1,
EE_2024_EE_110.png,GATE_ESE_Papers/EE/EE/EE_2024_EE_110.png,EE,2024,EE,110,MCQ,D,1,
EE_2024_EE_111.png,GATE_ESE_Papers/EE/EE/EE_2024_EE_111.png,EE,2024,EE,111,MCQ,A,1,
EE_2024_EE_112.png,GATE_ESE_Papers/EE/EE/EE_2024_EE_112.png,EE,2024,EE,112,MCQ,C,1,
EE_2024_EE_113.png,GATE_ESE_Papers/EE/EE/EE_2024_EE_113.png,EE,2024,EE,113,MCQ,A,1,
EE_2024_EE_114.png,GATE_ESE_Papers/EE/EE/EE_2024_EE_114.png,EE,2024,EE,114,MCQ,D,1,
EE_2024_EE_115.png,GATE_ESE_Papers/EE/EE/EE_2024_EE_115.png,EE,2024,EE,115,MCQ,B,1,
EE_2024_EE_116.png,GATE_ESE_Papers/EE/EE/EE_2024_EE_116.png,EE,2024,EE,116,MCQ,UNKNOWN,1,
EE_2024_EE_117.png,GATE_ESE_Papers/EE/EE/EE_2024_EE_117.png,EE,2024,EE,117,MCQ,B,1,
EE_2024_EE_118.png,GATE_ESE_Papers/EE/EE/EE_2024_EE_118.png,EE,2024,EE,118,MCQ,C,1,
EE_2024_EE_119.png,GATE_ESE_Papers/EE/EE/EE_2024_EE_119.png,EE,2024,EE,119,MCQ,A,1,
EE_2024_EE_120.png,GATE_ESE_Papers/EE/EE/EE_2024_EE_120.png,EE,2024,EE,120,MCQ,C,1,
EE_2024_EE_121.png,GATE_ESE_Papers/EE/EE/EE_2024_EE_121.png,EE,2024,EE,121,MCQ,C,1,
EE_2024_EE_122.png,GATE_ESE_Papers/EE/EE/EE_2024_EE_122.png,EE,2024,EE,122,MCQ,C,1,
EE_2024_EE_123.png,GATE_ESE_Papers/EE/EE/EE_2024_EE_123.png,EE,2024,EE,123,MCQ,A,1,
EE_2024_EE_124.png,GATE_ESE_Papers/EE/EE/EE_2024_EE_124.png,EE,2024,EE,124,MCQ,A,1,
EE_2024_EE_125.png,GATE_ESE_Papers/EE/EE/EE_2024_EE_125.png,EE,2024,EE,125,MCQ,B,1,
EE_2024_EE_126.png,GATE_ESE_Papers/EE/EE/EE_2024_EE_126.png,EE,2024,EE,126,MCQ,B,1,
EE_2024_EE_127.png,GATE_ESE_Papers/EE/EE/EE_2024_EE_127.png,EE,2024,EE,127,MCQ,B,1,
EE_2024_EE_128.png,GATE_ESE_Papers/EE/EE/EE_2024_EE_128.png,EE,2024,EE,128,MCQ,C,1,
EE_2024_EE_129.png,GATE_ESE_Papers/EE/EE/EE_2024_EE_129.png,EE,2024,EE,129,MCQ,B,1,
EE_2024_EE_130.png,GATE_ESE_Papers/EE/EE/EE_2024_EE_130.png,EE,2024,EE,130,MCQ,D,1,
EE_2024_EE_131.png,GATE_ESE_Papers/EE/EE/EE_2024_EE_131.png,EE,2024,EE,131,MCQ,B,1,
EE_2024_EE_132.png,GATE_ESE_Papers/EE/EE/EE_2024_EE_132.png,EE,2024,EE,132,MCQ,D,1,
EE_2024_EE_133.png,GATE_ESE_Papers/EE/EE/EE_2024_EE_133.png,EE,2024,EE,133,MCQ,B,1,
EE_2024_EE_134.png,GATE_ESE_Papers/EE/EE/EE_2024_EE_134.png,EE,2024,EE,134,MCQ,A,1,
EE_2024_EE_135.png,GATE_ESE_Papers/EE/EE/EE_2024_EE_135.png,EE,2024,EE,135,MCQ,B,1,
EE_2024_EE_136.png,GATE_ESE_Papers/EE/EE/EE_2024_EE_136.png,EE,2024,EE,136,MCQ,*,1,
EE_2024_EE_137.png,GATE_ESE_Papers/EE/EE/EE_2024_EE_137.png,EE,2024,EE,137,MCQ,A,1,
EE_2024_EE_138.png,GATE_ESE_Papers/EE/EE/EE_2024_EE_138.png,EE,2024,EE,138,MCQ,D,1,
EE_2024_EE_139.png,GATE_ESE_Papers/EE/EE/EE_2024_EE_139.png,EE,2024,EE,139,MCQ,C,1,
EE_2024_EE_140.png,GATE_ESE_Papers/EE/EE/EE_2024_EE_140.png,EE,2024,EE,140,MCQ,A,1,
EE_2024_EE_141.png,GATE_ESE_Papers/EE/EE/EE_2024_EE_141.png,EE,2024,EE,141,MCQ,D,1,
EE_2024_EE_142.png,GATE_ESE_Papers/EE/EE/EE_2024_EE_142.png,EE,2024,EE,142,MCQ,"A,C",1,
EE_2024_EE_143.png,GATE_ESE_Papers/EE/EE/EE_2024_EE_143.png,EE,2024,EE,143,MCQ,C,1,
EE_2024_EE_144.png,GATE_ESE_Papers/EE/EE/EE_2024_EE_144.png,EE,2024,EE,144,MCQ,A,1,
EE_2024_EE_145.png,GATE_ESE_Papers/EE/EE/EE_2024_EE_145.png,EE,2024,EE,145,MCQ,D,1,
EE_2024_EE_146.png,GATE_ESE_Papers/EE/EE/EE_2024_EE_146.png,EE,2024,EE,146,MCQ,C,1,
EE_2024_EE_147.png,GATE_ESE_Papers/EE/EE/EE_2024_EE_147.png,EE,2024,EE,147,MCQ,A,1,
EE_2024_EE_148.png,GATE_ESE_Papers/EE/EE/EE_2024_EE_148.png,EE,2024,EE,148,MCQ,C,1,
EE_2024_EE_149.png,GATE_ESE_Papers/EE/EE/EE_2024_EE_149.png,EE,2024,EE,149,MCQ,A,1,
EE_2024_EE_150.png,GATE_ESE_Papers/EE/EE/EE_2024_EE_150.png,EE,2024,EE,150,MCQ,C,1,
EE_2018_ESE_EE_001.png,GATE_ESE_Papers/EE/EE/EE_2018_ESE_EE_001.png,EE,2018,EE,1,MCQ,C,,
EE_2018_ESE_EE_002.png,GATE_ESE_Papers/EE/EE/EE_2018_ESE_EE_002.png,EE,2018,EE,2,MCQ,C,,
EE_2018_ESE_EE_003.png,GATE_ESE_Papers/EE/EE/EE_2018_ESE_EE_003.png,EE,2018,EE,3,MCQ,D,,
EE_2018_ESE_EE_004.png,GATE_ESE_Papers/EE/EE/EE_2018_ESE_EE_004.png,EE,2018,EE,4,MCQ,A,,
EE_2018_ESE_EE_005.png,GATE_ESE_Papers/EE/EE/EE_2018_ESE_EE_005.png,EE,2018,EE,5,MCQ,B,,
EE_2018_ESE_EE_006.png,GATE_ESE_Papers/EE/EE/EE_2018_ESE_EE_006.png,EE,2018,EE,6,MCQ,B,,
EE_2018_ESE_EE_007.png,GATE_ESE_Papers/EE/EE/EE_2018_ESE_EE_007.png,EE,2018,EE,7,MCQ,B,,
EE_2018_ESE_EE_008.png,GATE_ESE_Papers/EE/EE/EE_2018_ESE_EE_008.png,EE,2018,EE,8,MCQ,*,,
EE_2018_ESE_EE_009.png,GATE_ESE_Papers/EE/EE/EE_2018_ESE_EE_009.png,EE,2018,EE,9,MCQ,C,,
EE_2018_ESE_EE_010.png,GATE_ESE_Papers/EE/EE/EE_2018_ESE_EE_010.png,EE,2018,EE,10,MCQ,A,,
EE_2018_ESE_EE_011.png,GATE_ESE_Papers/EE/EE/EE_2018_ESE_EE_011.png,EE,2018,EE,11,MCQ,C,,
EE_2018_ESE_EE_012.png,GATE_ESE_Papers/EE/EE/EE_2018_ESE_EE_012.png,EE,2018,EE,12,MCQ,C,,
EE_2018_ESE_EE_013.png,GATE_ESE_Papers/EE/EE/EE_2018_ESE_EE_013.png,EE,2018,EE,13,MCQ,C,,
EE_2018_ESE_EE_014.png,GATE_ESE_Papers/EE/EE/EE_2018_ESE_EE_014.png,EE,2018,EE,14,MCQ,C,,
EE_2018_ESE_EE_015.png,GATE_ESE_Papers/EE/EE/EE_2018_ESE_EE_015.png,EE,2018,EE,15,MCQ,B,,
EE_2018_ESE_EE_016.png,GATE_ESE_Papers/EE/EE/EE_2018_ESE_EE_016.png,EE,2018,EE,16,MCQ,B,,
EE_2018_ESE_EE_017.png,GATE_ESE_Papers/EE/EE/EE_2018_ESE_EE_017.png,EE,2018,EE,17,MCQ,B,,
EE_2018_ESE_EE_018.png,GATE_ESE_Papers/EE/EE/EE_2018_ESE_EE_018.png,EE,2018,EE,18,MCQ,A,,
EE_2018_ESE_EE_019.png,GATE_ESE_Papers/EE/EE/EE_2018_ESE_EE_019.png,EE,2018,EE,19,MCQ,A,,
EE_2018_ESE_EE_020.png,GATE_ESE_Papers/EE/EE/EE_2018_ESE_EE_020.png,EE,2018,EE,20,MCQ,B,,
EE_2018_ESE_EE_021.png,GATE_ESE_Papers/EE/EE/EE_2018_ESE_EE_021.png,EE,2018,EE,21,MCQ,C,,
EE_2018_ESE_EE_022.png,GATE_ESE_Papers/EE/EE/EE_2018_ESE_EE_022.png,EE,2018,EE,22,MCQ,D,,
EE_2018_ESE_EE_023.png,GATE_ESE_Papers/EE/EE/EE_2018_ESE_EE_023.png,EE,2018,EE,23,MCQ,C,,
EE_2018_ESE_EE_024.png,GATE_ESE_Papers/EE/EE/EE_2018_ESE_EE_024.png,EE,2018,EE,24,MCQ,B,,
EE_2018_ESE_EE_025.png,GATE_ESE_Papers/EE/EE/EE_2018_ESE_EE_025.png,EE,2018,EE,25,MCQ,C,,
EE_2018_ESE_EE_026.png,GATE_ESE_Papers/EE/EE/EE_2018_ESE_EE_026.png,EE,2018,EE,26,MCQ,C,,
EE_2018_ESE_EE_027.png,GATE_ESE_Papers/EE/EE/EE_2018_ESE_EE_027.png,EE,2018,EE,27,MCQ,C,,
EE_2018_ESE_EE_028.png,GATE_ESE_Papers/EE/EE/EE_2018_ESE_EE_028.png,EE,2018,EE,28,MCQ,A,,
EE_2018_ESE_EE_029.png,GATE_ESE_Papers/EE/EE/EE_2018_ESE_EE_029.png,EE,2018,EE,29,MCQ,B,,
EE_2018_ESE_EE_030.png,GATE_ESE_Papers/EE/EE/EE_2018_ESE_EE_030.png,EE,2018,EE,30,MCQ,B,,
EE_2018_ESE_EE_031.png,GATE_ESE_Papers/EE/EE/EE_2018_ESE_EE_031.png,EE,2018,EE,31,MCQ,C,,
EE_2018_ESE_EE_032.png,GATE_ESE_Papers/EE/EE/EE_2018_ESE_EE_032.png,EE,2018,EE,32,MCQ,D,,
EE_2018_ESE_EE_033.png,GATE_ESE_Papers/EE/EE/EE_2018_ESE_EE_033.png,EE,2018,EE,33,MCQ,B,,
EE_2018_ESE_EE_034.png,GATE_ESE_Papers/EE/EE/EE_2018_ESE_EE_034.png,EE,2018,EE,34,MCQ,*,,
EE_2018_ESE_EE_035.png,GATE_ESE_Papers/EE/EE/EE_2018_ESE_EE_035.png,EE,2018,EE,35,MCQ,A,,
EE_2018_ESE_EE_036.png,GATE_ESE_Papers/EE/EE/EE_2018_ESE_EE_036.png,EE,2018,EE,36,MCQ,A,,
EE_2018_ESE_EE_037.png,GATE_ESE_Papers/EE/EE/EE_2018_ESE_EE_037.png,EE,2018,EE,37,MCQ,C,,
EE_2018_ESE_EE_038.png,GATE_ESE_Papers/EE/EE/EE_2018_ESE_EE_038.png,EE,2018,EE,38,MCQ,C,,
EE_2018_ESE_EE_039.png,GATE_ESE_Papers/EE/EE/EE_2018_ESE_EE_039.png,EE,2018,EE,39,MCQ,A,,
EE_2018_ESE_EE_040.png,GATE_ESE_Papers/EE/EE/EE_2018_ESE_EE_040.png,EE,2018,EE,40,MCQ,A,,
EE_2018_ESE_EE_041.png,GATE_ESE_Papers/EE/EE/EE_2018_ESE_EE_041.png,EE,2018,EE,41,MCQ,C,,
EE_2018_ESE_EE_042.png,GATE_ESE_Papers/EE/EE/EE_2018_ESE_EE_042.png,EE,2018,EE,42,MCQ,C,,
EE_2018_ESE_EE_043.png,GATE_ESE_Papers/EE/EE/EE_2018_ESE_EE_043.png,EE,2018,EE,43,MCQ,A,,
EE_2018_ESE_EE_044.png,GATE_ESE_Papers/EE/EE/EE_2018_ESE_EE_044.png,EE,2018,EE,44,MCQ,D,,
EE_2018_ESE_EE_045.png,GATE_ESE_Papers/EE/EE/EE_2018_ESE_EE_045.png,EE,2018,EE,45,MCQ,B,,
EE_2018_ESE_EE_046.png,GATE_ESE_Papers/EE/EE/EE_2018_ESE_EE_046.png,EE,2018,EE,46,MCQ,B,,
EE_2018_ESE_EE_047.png,GATE_ESE_Papers/EE/EE/EE_2018_ESE_EE_047.png,EE,2018,EE,47,MCQ,B,,
EE_2018_ESE_EE_048.png,GATE_ESE_Papers/EE/EE/EE_2018_ESE_EE_048.png,EE,2018,EE,48,MCQ,A,,
EE_2018_ESE_EE_049.png,GATE_ESE_Papers/EE/EE/EE_2018_ESE_EE_049.png,EE,2018,EE,49,MCQ,C,,
EE_2018_ESE_EE_050.png,GATE_ESE_Papers/EE/EE/EE_2018_ESE_EE_050.png,EE,2018,EE,50,MCQ,A,,
EE_2018_ESE_EE_051.png,GATE_ESE_Papers/EE/EE/EE_2018_ESE_EE_051.png,EE,2018,EE,51,MCQ,B,,
EE_2018_ESE_EE_052.png,GATE_ESE_Papers/EE/EE/EE_2018_ESE_EE_052.png,EE,2018,EE,52,MCQ,D,,
EE_2018_ESE_EE_053.png,GATE_ESE_Papers/EE/EE/EE_2018_ESE_EE_053.png,EE,2018,EE,53,MCQ,C,,
EE_2018_ESE_EE_054.png,GATE_ESE_Papers/EE/EE/EE_2018_ESE_EE_054.png,EE,2018,EE,54,MCQ,B,,
EE_2018_ESE_EE_055.png,GATE_ESE_Papers/EE/EE/EE_2018_ESE_EE_055.png,EE,2018,EE,55,MCQ,D,,
EE_2019_ESE_EE_001.png,GATE_ESE_Papers/EE/EE/EE_2019_ESE_EE_001.png,EE,2019,EE,1,MCQ,D,,
EE_2019_ESE_EE_002.png,GATE_ESE_Papers/EE/EE/EE_2019_ESE_EE_002.png,EE,2019,EE,2,MCQ,B,,
EE_2019_ESE_EE_003.png,GATE_ESE_Papers/EE/EE/EE_2019_ESE_EE_003.png,EE,2019,EE,3,MCQ,D,,
EE_2019_ESE_EE_004.png,GATE_ESE_Papers/EE/EE/EE_2019_ESE_EE_004.png,EE,2019,EE,4,MCQ,D,,
EE_2019_ESE_EE_005.png,GATE_ESE_Papers/EE/EE/EE_2019_ESE_EE_005.png,EE,2019,EE,5,MCQ,A,,
EE_2019_ESE_EE_006.png,GATE_ESE_Papers/EE/EE/EE_2019_ESE_EE_006.png,EE,2019,EE,6,MCQ,C,,
EE_2019_ESE_EE_007.png,GATE_ESE_Papers/EE/EE/EE_2019_ESE_EE_007.png,EE,2019,EE,7,MCQ,B,,
EE_2019_ESE_EE_008.png,GATE_ESE_Papers/EE/EE/EE_2019_ESE_EE_008.png,EE,2019,EE,8,MCQ,B,,
EE_2019_ESE_EE_009.png,GATE_ESE_Papers/EE/EE/EE_2019_ESE_EE_009.png,EE,2019,EE,9,MCQ,B,,
EE_2019_ESE_EE_010.png,GATE_ESE_Papers/EE/EE/EE_2019_ESE_EE_010.png,EE,2019,EE,10,MCQ,C,,
EE_2019_ESE_EE_011.png,GATE_ESE_Papers/EE/EE/EE_2019_ESE_EE_011.png,EE,2019,EE,11,MCQ,C,,
EE_2019_ESE_EE_012.png,GATE_ESE_Papers/EE/EE/EE_2019_ESE_EE_012.png,EE,2019,EE,12,MCQ,C,,
EE_2019_ESE_EE_013.png,GATE_ESE_Papers/EE/EE/EE_2019_ESE_EE_013.png,EE,2019,EE,13,MCQ,C,,
EE_2019_ESE_EE_014.png,GATE_ESE_Papers/EE/EE/EE_2019_ESE_EE_014.png,EE,2019,EE,14,MCQ,D,,
EE_2019_ESE_EE_015.png,GATE_ESE_Papers/EE/EE/EE_2019_ESE_EE_015.png,EE,2019,EE,15,MCQ,A,,
EE_2019_ESE_EE_016.png,GATE_ESE_Papers/EE/EE/EE_2019_ESE_EE_016.png,EE,2019,EE,16,MCQ,D,,
EE_2019_ESE_EE_017.png,GATE_ESE_Papers/EE/EE/EE_2019_ESE_EE_017.png,EE,2019,EE,17,MCQ,D,,
EE_2019_ESE_EE_018.png,GATE_ESE_Papers/EE/EE/EE_2019_ESE_EE_018.png,EE,2019,EE,18,MCQ,B,,
EE_2019_ESE_EE_019.png,GATE_ESE_Papers/EE/EE/EE_2019_ESE_EE_019.png,EE,2019,EE,19,MCQ,C,,
EE_2019_ESE_EE_020.png,GATE_ESE_Papers/EE/EE/EE_2019_ESE_EE_020.png,EE,2019,EE,20,MCQ,B,,
EE_2019_ESE_EE_021.png,GATE_ESE_Papers/EE/EE/EE_2019_ESE_EE_021.png,EE,2019,EE,21,MCQ,B,,
EE_2019_ESE_EE_022.png,GATE_ESE_Papers/EE/EE/EE_2019_ESE_EE_022.png,EE,2019,EE,22,MCQ,C,,
EE_2019_ESE_EE_023.png,GATE_ESE_Papers/EE/EE/EE_2019_ESE_EE_023.png,EE,2019,EE,23,MCQ,A,,
EE_2019_ESE_EE_024.png,GATE_ESE_Papers/EE/EE/EE_2019_ESE_EE_024.png,EE,2019,EE,24,MCQ,B,,
EE_2019_ESE_EE_025.png,GATE_ESE_Papers/EE/EE/EE_2019_ESE_EE_025.png,EE,2019,EE,25,MCQ,B,,
EE_2019_ESE_EE_026.png,GATE_ESE_Papers/EE/EE/EE_2019_ESE_EE_026.png,EE,2019,EE,26,MCQ,A,,
EE_2019_ESE_EE_027.png,GATE_ESE_Papers/EE/EE/EE_2019_ESE_EE_027.png,EE,2019,EE,27,MCQ,B,,
EE_2019_ESE_EE_028.png,GATE_ESE_Papers/EE/EE/EE_2019_ESE_EE_028.png,EE,2019,EE,28,MCQ,D,,
EE_2019_ESE_EE_029.png,GATE_ESE_Papers/EE/EE/EE_2019_ESE_EE_029.png,EE,2019,EE,29,MCQ,C,,
EE_2019_ESE_EE_030.png,GATE_ESE_Papers/EE/EE/EE_2019_ESE_EE_030.png,EE,2019,EE,30,MCQ,A,,
EE_2019_ESE_EE_031.png,GATE_ESE_Papers/EE/EE/EE_2019_ESE_EE_031.png,EE,2019,EE,31,MCQ,A,,
EE_2019_ESE_EE_032.png,GATE_ESE_Papers/EE/EE/EE_2019_ESE_EE_032.png,EE,2019,EE,32,MCQ,D,,
EE_2019_ESE_EE_033.png,GATE_ESE_Papers/EE/EE/EE_2019_ESE_EE_033.png,EE,2019,EE,33,MCQ,B,,
EE_2019_ESE_EE_034.png,GATE_ESE_Papers/EE/EE/EE_2019_ESE_EE_034.png,EE,2019,EE,34,MCQ,A,,
EE_2019_ESE_EE_035.png,GATE_ESE_Papers/EE/EE/EE_2019_ESE_EE_035.png,EE,2019,EE,35,MCQ,C,,
EE_2019_ESE_EE_036.png,GATE_ESE_Papers/EE/EE/EE_2019_ESE_EE_036.png,EE,2019,EE,36,MCQ,D,,
EE_2019_ESE_EE_037.png,GATE_ESE_Papers/EE/EE/EE_2019_ESE_EE_037.png,EE,2019,EE,37,MCQ,A,,
EE_2019_ESE_EE_038.png,GATE_ESE_Papers/EE/EE/EE_2019_ESE_EE_038.png,EE,2019,EE,38,MCQ,B,,
EE_2019_ESE_EE_039.png,GATE_ESE_Papers/EE/EE/EE_2019_ESE_EE_039.png,EE,2019,EE,39,MCQ,A,,
EE_2019_ESE_EE_040.png,GATE_ESE_Papers/EE/EE/EE_2019_ESE_EE_040.png,EE,2019,EE,40,MCQ,B,,
EE_2019_ESE_EE_041.png,GATE_ESE_Papers/EE/EE/EE_2019_ESE_EE_041.png,EE,2019,EE,41,MCQ,B,,
EE_2019_ESE_EE_042.png,GATE_ESE_Papers/EE/EE/EE_2019_ESE_EE_042.png,EE,2019,EE,42,MCQ,B,,
EE_2019_ESE_EE_043.png,GATE_ESE_Papers/EE/EE/EE_2019_ESE_EE_043.png,EE,2019,EE,43,MCQ,B,,
EE_2019_ESE_EE_044.png,GATE_ESE_Papers/EE/EE/EE_2019_ESE_EE_044.png,EE,2019,EE,44,MCQ,A,,
EE_2019_ESE_EE_045.png,GATE_ESE_Papers/EE/EE/EE_2019_ESE_EE_045.png,EE,2019,EE,45,MCQ,A,,
EE_2019_ESE_EE_046.png,GATE_ESE_Papers/EE/EE/EE_2019_ESE_EE_046.png,EE,2019,EE,46,MCQ,A,,
EE_2019_ESE_EE_047.png,GATE_ESE_Papers/EE/EE/EE_2019_ESE_EE_047.png,EE,2019,EE,47,MCQ,B,,
EE_2019_ESE_EE_048.png,GATE_ESE_Papers/EE/EE/EE_2019_ESE_EE_048.png,EE,2019,EE,48,MCQ,B,,
EE_2019_ESE_EE_049.png,GATE_ESE_Papers/EE/EE/EE_2019_ESE_EE_049.png,EE,2019,EE,49,MCQ,A,,
EE_2019_ESE_EE_050.png,GATE_ESE_Papers/EE/EE/EE_2019_ESE_EE_050.png,EE,2019,EE,50,MSQ,"A,B",,
EE_2019_ESE_EE_051.png,GATE_ESE_Papers/EE/EE/EE_2019_ESE_EE_051.png,EE,2019,EE,51,MCQ,B,,
EE_2019_ESE_EE_052.png,GATE_ESE_Papers/EE/EE/EE_2019_ESE_EE_052.png,EE,2019,EE,52,MCQ,C,,
EE_2019_ESE_EE_053.png,GATE_ESE_Papers/EE/EE/EE_2019_ESE_EE_053.png,EE,2019,EE,53,MCQ,B,,
EE_2019_ESE_EE_054.png,GATE_ESE_Papers/EE/EE/EE_2019_ESE_EE_054.png,EE,2019,EE,54,MCQ,D,,
EE_2019_ESE_EE_055.png,GATE_ESE_Papers/EE/EE/EE_2019_ESE_EE_055.png,EE,2019,EE,55,MCQ,B,,
EE_2020_ESE_EE_001.png,GATE_ESE_Papers/EE/EE/EE_2020_ESE_EE_001.png,EE,2020,EE,1,MCQ,D,,
EE_2020_ESE_EE_002.png,GATE_ESE_Papers/EE/EE/EE_2020_ESE_EE_002.png,EE,2020,EE,2,MCQ,C,,
EE_2020_ESE_EE_003.png,GATE_ESE_Papers/EE/EE/EE_2020_ESE_EE_003.png,EE,2020,EE,3,MCQ,C,,
EE_2020_ESE_EE_004.png,GATE_ESE_Papers/EE/EE/EE_2020_ESE_EE_004.png,EE,2020,EE,4,MCQ,UNKNOWN,,
EE_2020_ESE_EE_005.png,GATE_ESE_Papers/EE/EE/EE_2020_ESE_EE_005.png,EE,2020,EE,5,MCQ,C,,
EE_2020_ESE_EE_006.png,GATE_ESE_Papers/EE/EE/EE_2020_ESE_EE_006.png,EE,2020,EE,6,MCQ,C,,
EE_2020_ESE_EE_007.png,GATE_ESE_Papers/EE/EE/EE_2020_ESE_EE_007.png,EE,2020,EE,7,MCQ,*,,
EE_2020_ESE_EE_008.png,GATE_ESE_Papers/EE/EE/EE_2020_ESE_EE_008.png,EE,2020,EE,8,MCQ,B,,
EE_2020_ESE_EE_009.png,GATE_ESE_Papers/EE/EE/EE_2020_ESE_EE_009.png,EE,2020,EE,9,MCQ,C,,
EE_2020_ESE_EE_010.png,GATE_ESE_Papers/EE/EE/EE_2020_ESE_EE_010.png,EE,2020,EE,10,MCQ,A,,
EE_2020_ESE_EE_011.png,GATE_ESE_Papers/EE/EE/EE_2020_ESE_EE_011.png,EE,2020,EE,11,MCQ,*,,
EE_2020_ESE_EE_012.png,GATE_ESE_Papers/EE/EE/EE_2020_ESE_EE_012.png,EE,2020,EE,12,MCQ,D,,
EE_2020_ESE_EE_013.png,GATE_ESE_Papers/EE/EE/EE_2020_ESE_EE_013.png,EE,2020,EE,13,MCQ,A,,
EE_2020_ESE_EE_014.png,GATE_ESE_Papers/EE/EE/EE_2020_ESE_EE_014.png,EE,2020,EE,14,MCQ,D,,
EE_2020_ESE_EE_015.png,GATE_ESE_Papers/EE/EE/EE_2020_ESE_EE_015.png,EE,2020,EE,15,MCQ,C,,
EE_2020_ESE_EE_016.png,GATE_ESE_Papers/EE/EE/EE_2020_ESE_EE_016.png,EE,2020,EE,16,MCQ,A,,
EE_2020_ESE_EE_017.png,GATE_ESE_Papers/EE/EE/EE_2020_ESE_EE_017.png,EE,2020,EE,17,MCQ,D,,
EE_2020_ESE_EE_018.png,GATE_ESE_Papers/EE/EE/EE_2020_ESE_EE_018.png,EE,2020,EE,18,MCQ,B,,
EE_2020_ESE_EE_019.png,GATE_ESE_Papers/EE/EE/EE_2020_ESE_EE_019.png,EE,2020,EE,19,MCQ,B,,
EE_2020_ESE_EE_020.png,GATE_ESE_Papers/EE/EE/EE_2020_ESE_EE_020.png,EE,2020,EE,20,MCQ,C,,
EE_2020_ESE_EE_021.png,GATE_ESE_Papers/EE/EE/EE_2020_ESE_EE_021.png,EE,2020,EE,21,MCQ,B,,
EE_2020_ESE_EE_022.png,GATE_ESE_Papers/EE/EE/EE_2020_ESE_EE_022.png,EE,2020,EE,22,MCQ,B,,
EE_2020_ESE_EE_023.png,GATE_ESE_Papers/EE/EE/EE_2020_ESE_EE_023.png,EE,2020,EE,23,MCQ,A,,
EE_2020_ESE_EE_024.png,GATE_ESE_Papers/EE/EE/EE_2020_ESE_EE_024.png,EE,2020,EE,24,MCQ,C,,
EE_2020_ESE_EE_025.png,GATE_ESE_Papers/EE/EE/EE_2020_ESE_EE_025.png,EE,2020,EE,25,MCQ,D,,
EE_2020_ESE_EE_026.png,GATE_ESE_Papers/EE/EE/EE_2020_ESE_EE_026.png,EE,2020,EE,26,MCQ,B,,
EE_2020_ESE_EE_027.png,GATE_ESE_Papers/EE/EE/EE_2020_ESE_EE_027.png,EE,2020,EE,27,MCQ,C,,
EE_2020_ESE_EE_028.png,GATE_ESE_Papers/EE/EE/EE_2020_ESE_EE_028.png,EE,2020,EE,28,MCQ,D,,
EE_2020_ESE_EE_029.png,GATE_ESE_Papers/EE/EE/EE_2020_ESE_EE_029.png,EE,2020,EE,29,MCQ,D,,
EE_2020_ESE_EE_030.png,GATE_ESE_Papers/EE/EE/EE_2020_ESE_EE_030.png,EE,2020,EE,30,MCQ,B,,
EE_2020_ESE_EE_031.png,GATE_ESE_Papers/EE/EE/EE_2020_ESE_EE_031.png,EE,2020,EE,31,MCQ,B,,
EE_2020_ESE_EE_032.png,GATE_ESE_Papers/EE/EE/EE_2020_ESE_EE_032.png,EE,2020,EE,32,MCQ,B,,
EE_2020_ESE_EE_033.png,GATE_ESE_Papers/EE/EE/EE_2020_ESE_EE_033.png,EE,2020,EE,33,MCQ,C,,
EE_2020_ESE_EE_034.png,GATE_ESE_Papers/EE/EE/EE_2020_ESE_EE_034.png,EE,2020,EE,34,MCQ,C,,
EE_2020_ESE_EE_035.png,GATE_ESE_Papers/EE/EE/EE_2020_ESE_EE_035.png,EE,2020,EE,35,MCQ,B,,
EE_2020_ESE_EE_036.png,GATE_ESE_Papers/EE/EE/EE_2020_ESE_EE_036.png,EE,2020,EE,36,MCQ,C,,
EE_2020_ESE_EE_037.png,GATE_ESE_Papers/EE/EE/EE_2020_ESE_EE_037.png,EE,2020,EE,37,MCQ,C,,
EE_2020_ESE_EE_038.png,GATE_ESE_Papers/EE/EE/EE_2020_ESE_EE_038.png,EE,2020,EE,38,MCQ,D,,
EE_2020_ESE_EE_039.png,GATE_ESE_Papers/EE/EE/EE_2020_ESE_EE_039.png,EE,2020,EE,39,MCQ,C,,
EE_2020_ESE_EE_040.png,GATE_ESE_Papers/EE/EE/EE_2020_ESE_EE_040.png,EE,2020,EE,40,MCQ,D,,
EE_2020_ESE_EE_041.png,GATE_ESE_Papers/EE/EE/EE_2020_ESE_EE_041.png,EE,2020,EE,41,MCQ,C,,
EE_2020_ESE_EE_042.png,GATE_ESE_Papers/EE/EE/EE_2020_ESE_EE_042.png,EE,2020,EE,42,MCQ,D,,
EE_2020_ESE_EE_043.png,GATE_ESE_Papers/EE/EE/EE_2020_ESE_EE_043.png,EE,2020,EE,43,MCQ,D,,
EE_2020_ESE_EE_044.png,GATE_ESE_Papers/EE/EE/EE_2020_ESE_EE_044.png,EE,2020,EE,44,MCQ,D,,
EE_2020_ESE_EE_045.png,GATE_ESE_Papers/EE/EE/EE_2020_ESE_EE_045.png,EE,2020,EE,45,MCQ,A,,
EE_2020_ESE_EE_046.png,GATE_ESE_Papers/EE/EE/EE_2020_ESE_EE_046.png,EE,2020,EE,46,MCQ,B,,
EE_2020_ESE_EE_047.png,GATE_ESE_Papers/EE/EE/EE_2020_ESE_EE_047.png,EE,2020,EE,47,MCQ,A,,
EE_2020_ESE_EE_048.png,GATE_ESE_Papers/EE/EE/EE_2020_ESE_EE_048.png,EE,2020,EE,48,MCQ,C,,
EE_2020_ESE_EE_049.png,GATE_ESE_Papers/EE/EE/EE_2020_ESE_EE_049.png,EE,2020,EE,49,MCQ,A,,
EE_2020_ESE_EE_050.png,GATE_ESE_Papers/EE/EE/EE_2020_ESE_EE_050.png,EE,2020,EE,50,MCQ,C,,
EE_2020_ESE_EE_051.png,GATE_ESE_Papers/EE/EE/EE_2020_ESE_EE_051.png,EE,2020,EE,51,MCQ,UNKNOWN,,
EE_2020_ESE_EE_052.png,GATE_ESE_Papers/EE/EE/EE_2020_ESE_EE_052.png,EE,2020,EE,52,MCQ,D,,
EE_2020_ESE_EE_053.png,GATE_ESE_Papers/EE/EE/EE_2020_ESE_EE_053.png,EE,2020,EE,53,MCQ,D,,
EE_2020_ESE_EE_054.png,GATE_ESE_Papers/EE/EE/EE_2020_ESE_EE_054.png,EE,2020,EE,54,MCQ,A,,
EE_2020_ESE_EE_055.png,GATE_ESE_Papers/EE/EE/EE_2020_ESE_EE_055.png,EE,2020,EE,55,MCQ,A,,
EE_2021_ESE_EE_001.png,GATE_ESE_Papers/EE/EE/EE_2021_ESE_EE_001.png,EE,2021,EE,1,MCQ,B,,
EE_2021_ESE_EE_002.png,GATE_ESE_Papers/EE/EE/EE_2021_ESE_EE_002.png,EE,2021,EE,2,MCQ,B,,
EE_2021_ESE_EE_003.png,GATE_ESE_Papers/EE/EE/EE_2021_ESE_EE_003.png,EE,2021,EE,3,MCQ,B,,
EE_2021_ESE_EE_004.png,GATE_ESE_Papers/EE/EE/EE_2021_ESE_EE_004.png,EE,2021,EE,4,MCQ,A,,
EE_2021_ESE_EE_005.png,GATE_ESE_Papers/EE/EE/EE_2021_ESE_EE_005.png,EE,2021,EE,5,MCQ,B,,
EE_2021_ESE_EE_006.png,GATE_ESE_Papers/EE/EE/EE_2021_ESE_EE_006.png,EE,2021,EE,6,MCQ,C,,
EE_2021_ESE_EE_007.png,GATE_ESE_Papers/EE/EE/EE_2021_ESE_EE_007.png,EE,2021,EE,7,MCQ,C,,
EE_2021_ESE_EE_008.png,GATE_ESE_Papers/EE/EE/EE_2021_ESE_EE_008.png,EE,2021,EE,8,MCQ,A,,
EE_2021_ESE_EE_009.png,GATE_ESE_Papers/EE/EE/EE_2021_ESE_EE_009.png,EE,2021,EE,9,MCQ,B,,
EE_2021_ESE_EE_010.png,GATE_ESE_Papers/EE/EE/EE_2021_ESE_EE_010.png,EE,2021,EE,10,MCQ,B,,
EE_2021_ESE_EE_011.png,GATE_ESE_Papers/EE/EE/EE_2021_ESE_EE_011.png,EE,2021,EE,11,MCQ,B,,
EE_2021_ESE_EE_012.png,GATE_ESE_Papers/EE/EE/EE_2021_ESE_EE_012.png,EE,2021,EE,12,MCQ,A,,
EE_2021_ESE_EE_013.png,GATE_ESE_Papers/EE/EE/EE_2021_ESE_EE_013.png,EE,2021,EE,13,MCQ,B,,
EE_2021_ESE_EE_014.png,GATE_ESE_Papers/EE/EE/EE_2021_ESE_EE_014.png,EE,2021,EE,14,MCQ,A,,
EE_2021_ESE_EE_015.png,GATE_ESE_Papers/EE/EE/EE_2021_ESE_EE_015.png,EE,2021,EE,15,MCQ,A,,
EE_2021_ESE_EE_016.png,GATE_ESE_Papers/EE/EE/EE_2021_ESE_EE_016.png,EE,2021,EE,16,MCQ,A,,
EE_2021_ESE_EE_017.png,GATE_ESE_Papers/EE/EE/EE_2021_ESE_EE_017.png,EE,2021,EE,17,MCQ,A,,
EE_2021_ESE_EE_018.png,GATE_ESE_Papers/EE/EE/EE_2021_ESE_EE_018.png,EE,2021,EE,18,MCQ,C,,
EE_2021_ESE_EE_019.png,GATE_ESE_Papers/EE/EE/EE_2021_ESE_EE_019.png,EE,2021,EE,19,MCQ,C,,
EE_2021_ESE_EE_020.png,GATE_ESE_Papers/EE/EE/EE_2021_ESE_EE_020.png,EE,2021,EE,20,MCQ,B,,
EE_2021_ESE_EE_021.png,GATE_ESE_Papers/EE/EE/EE_2021_ESE_EE_021.png,EE,2021,EE,21,MCQ,D,,
EE_2021_ESE_EE_022.png,GATE_ESE_Papers/EE/EE/EE_2021_ESE_EE_022.png,EE,2021,EE,22,MCQ,C,,
EE_2021_ESE_EE_023.png,GATE_ESE_Papers/EE/EE/EE_2021_ESE_EE_023.png,EE,2021,EE,23,MCQ,A,,
EE_2021_ESE_EE_024.png,GATE_ESE_Papers/EE/EE/EE_2021_ESE_EE_024.png,EE,2021,EE,24,MCQ,A,,
EE_2021_ESE_EE_025.png,GATE_ESE_Papers/EE/EE/EE_2021_ESE_EE_025.png,EE,2021,EE,25,MCQ,B,,
EE_2021_ESE_EE_026.png,GATE_ESE_Papers/EE/EE/EE_2021_ESE_EE_026.png,EE,2021,EE,26,MCQ,B,,
EE_2021_ESE_EE_027.png,GATE_ESE_Papers/EE/EE/EE_2021_ESE_EE_027.png,EE,2021,EE,27,MCQ,C,,
EE_2021_ESE_EE_028.png,GATE_ESE_Papers/EE/EE/EE_2021_ESE_EE_028.png,EE,2021,EE,28,MCQ,D,,
EE_2021_ESE_EE_029.png,GATE_ESE_Papers/EE/EE/EE_2021_ESE_EE_029.png,EE,2021,EE,29,MCQ,A,,
EE_2021_ESE_EE_030.png,GATE_ESE_Papers/EE/EE/EE_2021_ESE_EE_030.png,EE,2021,EE,30,MCQ,B,,
EE_2021_ESE_EE_031.png,GATE_ESE_Papers/EE/EE/EE_2021_ESE_EE_031.png,EE,2021,EE,31,MCQ,D,,
EE_2021_ESE_EE_032.png,GATE_ESE_Papers/EE/EE/EE_2021_ESE_EE_032.png,EE,2021,EE,32,MCQ,A,,
EE_2021_ESE_EE_033.png,GATE_ESE_Papers/EE/EE/EE_2021_ESE_EE_033.png,EE,2021,EE,33,MCQ,C,,
EE_2021_ESE_EE_034.png,GATE_ESE_Papers/EE/EE/EE_2021_ESE_EE_034.png,EE,2021,EE,34,MCQ,A,,
EE_2021_ESE_EE_035.png,GATE_ESE_Papers/EE/EE/EE_2021_ESE_EE_035.png,EE,2021,EE,35,MCQ,A,,
EE_2021_ESE_EE_036.png,GATE_ESE_Papers/EE/EE/EE_2021_ESE_EE_036.png,EE,2021,EE,36,MCQ,C,,
EE_2021_ESE_EE_037.png,GATE_ESE_Papers/EE/EE/EE_2021_ESE_EE_037.png,EE,2021,EE,37,MCQ,C,,
EE_2021_ESE_EE_038.png,GATE_ESE_Papers/EE/EE/EE_2021_ESE_EE_038.png,EE,2021,EE,38,MCQ,A,,
EE_2021_ESE_EE_039.png,GATE_ESE_Papers/EE/EE/EE_2021_ESE_EE_039.png,EE,2021,EE,39,MCQ,D,,
EE_2021_ESE_EE_040.png,GATE_ESE_Papers/EE/EE/EE_2021_ESE_EE_040.png,EE,2021,EE,40,MCQ,A,,
EE_2021_ESE_EE_041.png,GATE_ESE_Papers/EE/EE/EE_2021_ESE_EE_041.png,EE,2021,EE,41,MCQ,B,,
EE_2021_ESE_EE_042.png,GATE_ESE_Papers/EE/EE/EE_2021_ESE_EE_042.png,EE,2021,EE,42,MCQ,C,,
EE_2021_ESE_EE_043.png,GATE_ESE_Papers/EE/EE/EE_2021_ESE_EE_043.png,EE,2021,EE,43,MCQ,C,,
EE_2021_ESE_EE_044.png,GATE_ESE_Papers/EE/EE/EE_2021_ESE_EE_044.png,EE,2021,EE,44,MCQ,C,,
EE_2021_ESE_EE_045.png,GATE_ESE_Papers/EE/EE/EE_2021_ESE_EE_045.png,EE,2021,EE,45,MCQ,A,,
EE_2021_ESE_EE_046.png,GATE_ESE_Papers/EE/EE/EE_2021_ESE_EE_046.png,EE,2021,EE,46,MCQ,A,,
EE_2021_ESE_EE_047.png,GATE_ESE_Papers/EE/EE/EE_2021_ESE_EE_047.png,EE,2021,EE,47,MCQ,A,,
EE_2021_ESE_EE_048.png,GATE_ESE_Papers/EE/EE/EE_2021_ESE_EE_048.png,EE,2021,EE,48,MCQ,D,,
EE_2021_ESE_EE_049.png,GATE_ESE_Papers/EE/EE/EE_2021_ESE_EE_049.png,EE,2021,EE,49,MCQ,B,,
EE_2021_ESE_EE_050.png,GATE_ESE_Papers/EE/EE/EE_2021_ESE_EE_050.png,EE,2021,EE,50,MCQ,A,,
EE_2021_ESE_EE_051.png,GATE_ESE_Papers/EE/EE/EE_2021_ESE_EE_051.png,EE,2021,EE,51,MCQ,C,,
EE_2021_ESE_EE_052.png,GATE_ESE_Papers/EE/EE/EE_2021_ESE_EE_052.png,EE,2021,EE,52,MCQ,B,,
EE_2021_ESE_EE_053.png,GATE_ESE_Papers/EE/EE/EE_2021_ESE_EE_053.png,EE,2021,EE,53,MCQ,C,,
EE_2021_ESE_EE_054.png,GATE_ESE_Papers/EE/EE/EE_2021_ESE_EE_054.png,EE,2021,EE,54,MCQ,D,,
EE_2021_ESE_EE_055.png,GATE_ESE_Papers/EE/EE/EE_2021_ESE_EE_055.png,EE,2021,EE,55,MCQ,A,,
EE_2022_ESE_EE_001.png,GATE_ESE_Papers/EE/EE/EE_2022_ESE_EE_001.png,EE,2022,EE,1,MCQ,D,,
EE_2022_ESE_EE_002.png,GATE_ESE_Papers/EE/EE/EE_2022_ESE_EE_002.png,EE,2022,EE,2,MCQ,C,,
EE_2022_ESE_EE_003.png,GATE_ESE_Papers/EE/EE/EE_2022_ESE_EE_003.png,EE,2022,EE,3,MCQ,B,,
EE_2022_ESE_EE_004.png,GATE_ESE_Papers/EE/EE/EE_2022_ESE_EE_004.png,EE,2022,EE,4,MCQ,C,,
EE_2022_ESE_EE_005.png,GATE_ESE_Papers/EE/EE/EE_2022_ESE_EE_005.png,EE,2022,EE,5,MCQ,D,,
EE_2022_ESE_EE_006.png,GATE_ESE_Papers/EE/EE/EE_2022_ESE_EE_006.png,EE,2022,EE,6,MCQ,B,,
EE_2022_ESE_EE_007.png,GATE_ESE_Papers/EE/EE/EE_2022_ESE_EE_007.png,EE,2022,EE,7,MCQ,D,,
EE_2022_ESE_EE_008.png,GATE_ESE_Papers/EE/EE/EE_2022_ESE_EE_008.png,EE,2022,EE,8,MCQ,C,,
EE_2022_ESE_EE_009.png,GATE_ESE_Papers/EE/EE/EE_2022_ESE_EE_009.png,EE,2022,EE,9,MCQ,C,,
EE_2022_ESE_EE_010.png,GATE_ESE_Papers/EE/EE/EE_2022_ESE_EE_010.png,EE,2022,EE,10,MCQ,C,,
EE_2022_ESE_EE_011.png,GATE_ESE_Papers/EE/EE/EE_2022_ESE_EE_011.png,EE,2022,EE,11,MCQ,D,,
EE_2022_ESE_EE_012.png,GATE_ESE_Papers/EE/EE/EE_2022_ESE_EE_012.png,EE,2022,EE,12,MCQ,B,,
EE_2022_ESE_EE_013.png,GATE_ESE_Papers/EE/EE/EE_2022_ESE_EE_013.png,EE,2022,EE,13,MCQ,A,,
EE_2022_ESE_EE_014.png,GATE_ESE_Papers/EE/EE/EE_2022_ESE_EE_014.png,EE,2022,EE,14,MCQ,C,,
EE_2022_ESE_EE_015.png,GATE_ESE_Papers/EE/EE/EE_2022_ESE_EE_015.png,EE,2022,EE,15,MCQ,B,,
EE_2022_ESE_EE_016.png,GATE_ESE_Papers/EE/EE/EE_2022_ESE_EE_016.png,EE,2022,EE,16,MCQ,A,,
EE_2022_ESE_EE_017.png,GATE_ESE_Papers/EE/EE/EE_2022_ESE_EE_017.png,EE,2022,EE,17,MCQ,A,,
EE_2022_ESE_EE_018.png,GATE_ESE_Papers/EE/EE/EE_2022_ESE_EE_018.png,EE,2022,EE,18,MCQ,A,,
EE_2022_ESE_EE_019.png,GATE_ESE_Papers/EE/EE/EE_2022_ESE_EE_019.png,EE,2022,EE,19,MCQ,B,,
EE_2022_ESE_EE_020.png,GATE_ESE_Papers/EE/EE/EE_2022_ESE_EE_020.png,EE,2022,EE,20,MCQ,A,,
EE_2022_ESE_EE_021.png,GATE_ESE_Papers/EE/EE/EE_2022_ESE_EE_021.png,EE,2022,EE,21,MCQ,A,,
EE_2022_ESE_EE_022.png,GATE_ESE_Papers/EE/EE/EE_2022_ESE_EE_022.png,EE,2022,EE,22,MCQ,B,,
EE_2022_ESE_EE_023.png,GATE_ESE_Papers/EE/EE/EE_2022_ESE_EE_023.png,EE,2022,EE,23,MCQ,C,,
EE_2022_ESE_EE_024.png,GATE_ESE_Papers/EE/EE/EE_2022_ESE_EE_024.png,EE,2022,EE,24,MCQ,B,,
EE_2022_ESE_EE_025.png,GATE_ESE_Papers/EE/EE/EE_2022_ESE_EE_025.png,EE,2022,EE,25,MCQ,C,,
EE_2022_ESE_EE_026.png,GATE_ESE_Papers/EE/EE/EE_2022_ESE_EE_026.png,EE,2022,EE,26,MCQ,C,,
EE_2022_ESE_EE_027.png,GATE_ESE_Papers/EE/EE/EE_2022_ESE_EE_027.png,EE,2022,EE,27,MCQ,D,,
EE_2022_ESE_EE_028.png,GATE_ESE_Papers/EE/EE/EE_2022_ESE_EE_028.png,EE,2022,EE,28,MCQ,A,,
EE_2022_ESE_EE_029.png,GATE_ESE_Papers/EE/EE/EE_2022_ESE_EE_029.png,EE,2022,EE,29,MCQ,B,,
EE_2022_ESE_EE_030.png,GATE_ESE_Papers/EE/EE/EE_2022_ESE_EE_030.png,EE,2022,EE,30,MCQ,A,,
EE_2022_ESE_EE_031.png,GATE_ESE_Papers/EE/EE/EE_2022_ESE_EE_031.png,EE,2022,EE,31,MCQ,B,,
EE_2022_ESE_EE_032.png,GATE_ESE_Papers/EE/EE/EE_2022_ESE_EE_032.png,EE,2022,EE,32,MCQ,A,,
EE_2022_ESE_EE_033.png,GATE_ESE_Papers/EE/EE/EE_2022_ESE_EE_033.png,EE,2022,EE,33,MCQ,A,,
EE_2022_ESE_EE_034.png,GATE_ESE_Papers/EE/EE/EE_2022_ESE_EE_034.png,EE,2022,EE,34,MCQ,B,,
EE_2022_ESE_EE_035.png,GATE_ESE_Papers/EE/EE/EE_2022_ESE_EE_035.png,EE,2022,EE,35,MCQ,D,,
EE_2022_ESE_EE_036.png,GATE_ESE_Papers/EE/EE/EE_2022_ESE_EE_036.png,EE,2022,EE,36,MCQ,B,,
EE_2022_ESE_EE_037.png,GATE_ESE_Papers/EE/EE/EE_2022_ESE_EE_037.png,EE,2022,EE,37,MCQ,A,,
EE_2022_ESE_EE_038.png,GATE_ESE_Papers/EE/EE/EE_2022_ESE_EE_038.png,EE,2022,EE,38,MCQ,B,,
EE_2022_ESE_EE_039.png,GATE_ESE_Papers/EE/EE/EE_2022_ESE_EE_039.png,EE,2022,EE,39,MCQ,B,,
EE_2022_ESE_EE_040.png,GATE_ESE_Papers/EE/EE/EE_2022_ESE_EE_040.png,EE,2022,EE,40,MCQ,C,,
EE_2022_ESE_EE_041.png,GATE_ESE_Papers/EE/EE/EE_2022_ESE_EE_041.png,EE,2022,EE,41,MCQ,B,,
EE_2022_ESE_EE_042.png,GATE_ESE_Papers/EE/EE/EE_2022_ESE_EE_042.png,EE,2022,EE,42,MCQ,D,,
EE_2022_ESE_EE_043.png,GATE_ESE_Papers/EE/EE/EE_2022_ESE_EE_043.png,EE,2022,EE,43,MCQ,B,,
EE_2022_ESE_EE_044.png,GATE_ESE_Papers/EE/EE/EE_2022_ESE_EE_044.png,EE,2022,EE,44,MCQ,A,,
EE_2022_ESE_EE_045.png,GATE_ESE_Papers/EE/EE/EE_2022_ESE_EE_045.png,EE,2022,EE,45,MCQ,B,,
EE_2022_ESE_EE_046.png,GATE_ESE_Papers/EE/EE/EE_2022_ESE_EE_046.png,EE,2022,EE,46,MCQ,B,,
EE_2022_ESE_EE_047.png,GATE_ESE_Papers/EE/EE/EE_2022_ESE_EE_047.png,EE,2022,EE,47,MCQ,B,,
EE_2022_ESE_EE_048.png,GATE_ESE_Papers/EE/EE/EE_2022_ESE_EE_048.png,EE,2022,EE,48,MCQ,A,,
EE_2022_ESE_EE_049.png,GATE_ESE_Papers/EE/EE/EE_2022_ESE_EE_049.png,EE,2022,EE,49,MCQ,B,,
EE_2022_ESE_EE_050.png,GATE_ESE_Papers/EE/EE/EE_2022_ESE_EE_050.png,EE,2022,EE,50,MCQ,D,,
EE_2022_ESE_EE_051.png,GATE_ESE_Papers/EE/EE/EE_2022_ESE_EE_051.png,EE,2022,EE,51,MCQ,D,,
EE_2022_ESE_EE_052.png,GATE_ESE_Papers/EE/EE/EE_2022_ESE_EE_052.png,EE,2022,EE,52,MCQ,A,,
EE_2022_ESE_EE_053.png,GATE_ESE_Papers/EE/EE/EE_2022_ESE_EE_053.png,EE,2022,EE,53,MCQ,B,,
EE_2022_ESE_EE_054.png,GATE_ESE_Papers/EE/EE/EE_2022_ESE_EE_054.png,EE,2022,EE,54,MCQ,C,,
EE_2022_ESE_EE_055.png,GATE_ESE_Papers/EE/EE/EE_2022_ESE_EE_055.png,EE,2022,EE,55,MCQ,B,,
EE_2023_ESE_EE_001.png,GATE_ESE_Papers/EE/EE/EE_2023_ESE_EE_001.png,EE,2023,EE,1,MCQ,D,,
EE_2023_ESE_EE_002.png,GATE_ESE_Papers/EE/EE/EE_2023_ESE_EE_002.png,EE,2023,EE,2,MCQ,C,,
EE_2023_ESE_EE_003.png,GATE_ESE_Papers/EE/EE/EE_2023_ESE_EE_003.png,EE,2023,EE,3,MCQ,A,,
EE_2023_ESE_EE_004.png,GATE_ESE_Papers/EE/EE/EE_2023_ESE_EE_004.png,EE,2023,EE,4,MCQ,C,,
EE_2023_ESE_EE_005.png,GATE_ESE_Papers/EE/EE/EE_2023_ESE_EE_005.png,EE,2023,EE,5,MCQ,C,,
EE_2023_ESE_EE_006.png,GATE_ESE_Papers/EE/EE/EE_2023_ESE_EE_006.png,EE,2023,EE,6,MCQ,D,,
EE_2023_ESE_EE_007.png,GATE_ESE_Papers/EE/EE/EE_2023_ESE_EE_007.png,EE,2023,EE,7,MCQ,D,,
EE_2023_ESE_EE_008.png,GATE_ESE_Papers/EE/EE/EE_2023_ESE_EE_008.png,EE,2023,EE,8,MCQ,B,,
EE_2023_ESE_EE_009.png,GATE_ESE_Papers/EE/EE/EE_2023_ESE_EE_009.png,EE,2023,EE,9,MCQ,D,,
EE_2023_ESE_EE_010.png,GATE_ESE_Papers/EE/EE/EE_2023_ESE_EE_010.png,EE,2023,EE,10,MCQ,C,,
EE_2023_ESE_EE_011.png,GATE_ESE_Papers/EE/EE/EE_2023_ESE_EE_011.png,EE,2023,EE,11,MCQ,B,,
EE_2023_ESE_EE_012.png,GATE_ESE_Papers/EE/EE/EE_2023_ESE_EE_012.png,EE,2023,EE,12,MCQ,C,,
EE_2023_ESE_EE_013.png,GATE_ESE_Papers/EE/EE/EE_2023_ESE_EE_013.png,EE,2023,EE,13,MCQ,C,,
EE_2023_ESE_EE_014.png,GATE_ESE_Papers/EE/EE/EE_2023_ESE_EE_014.png,EE,2023,EE,14,MCQ,C,,
EE_2023_ESE_EE_015.png,GATE_ESE_Papers/EE/EE/EE_2023_ESE_EE_015.png,EE,2023,EE,15,MCQ,A,,
EE_2023_ESE_EE_016.png,GATE_ESE_Papers/EE/EE/EE_2023_ESE_EE_016.png,EE,2023,EE,16,MCQ,A,,
EE_2023_ESE_EE_017.png,GATE_ESE_Papers/EE/EE/EE_2023_ESE_EE_017.png,EE,2023,EE,17,MCQ,C,,
EE_2023_ESE_EE_018.png,GATE_ESE_Papers/EE/EE/EE_2023_ESE_EE_018.png,EE,2023,EE,18,MCQ,D,,
EE_2023_ESE_EE_019.png,GATE_ESE_Papers/EE/EE/EE_2023_ESE_EE_019.png,EE,2023,EE,19,MCQ,A,,
EE_2023_ESE_EE_020.png,GATE_ESE_Papers/EE/EE/EE_2023_ESE_EE_020.png,EE,2023,EE,20,MCQ,B,,
EE_2023_ESE_EE_021.png,GATE_ESE_Papers/EE/EE/EE_2023_ESE_EE_021.png,EE,2023,EE,21,MCQ,A,,
EE_2023_ESE_EE_022.png,GATE_ESE_Papers/EE/EE/EE_2023_ESE_EE_022.png,EE,2023,EE,22,MCQ,A,,
EE_2023_ESE_EE_023.png,GATE_ESE_Papers/EE/EE/EE_2023_ESE_EE_023.png,EE,2023,EE,23,MCQ,A,,
EE_2023_ESE_EE_024.png,GATE_ESE_Papers/EE/EE/EE_2023_ESE_EE_024.png,EE,2023,EE,24,MCQ,A,,
EE_2023_ESE_EE_025.png,GATE_ESE_Papers/EE/EE/EE_2023_ESE_EE_025.png,EE,2023,EE,25,MCQ,A,,
EE_2023_ESE_EE_026.png,GATE_ESE_Papers/EE/EE/EE_2023_ESE_EE_026.png,EE,2023,EE,26,MCQ,C,,
EE_2023_ESE_EE_027.png,GATE_ESE_Papers/EE/EE/EE_2023_ESE_EE_027.png,EE,2023,EE,27,MCQ,B,,
EE_2023_ESE_EE_028.png,GATE_ESE_Papers/EE/EE/EE_2023_ESE_EE_028.png,EE,2023,EE,28,MCQ,C,,
EE_2023_ESE_EE_029.png,GATE_ESE_Papers/EE/EE/EE_2023_ESE_EE_029.png,EE,2023,EE,29,MCQ,B,,
EE_2023_ESE_EE_030.png,GATE_ESE_Papers/EE/EE/EE_2023_ESE_EE_030.png,EE,2023,EE,30,MCQ,A,,
EE_2023_ESE_EE_031.png,GATE_ESE_Papers/EE/EE/EE_2023_ESE_EE_031.png,EE,2023,EE,31,MCQ,D,,
EE_2023_ESE_EE_032.png,GATE_ESE_Papers/EE/EE/EE_2023_ESE_EE_032.png,EE,2023,EE,32,MCQ,B,,
EE_2023_ESE_EE_033.png,GATE_ESE_Papers/EE/EE/EE_2023_ESE_EE_033.png,EE,2023,EE,33,MCQ,B,,
EE_2023_ESE_EE_034.png,GATE_ESE_Papers/EE/EE/EE_2023_ESE_EE_034.png,EE,2023,EE,34,MCQ,D,,
EE_2023_ESE_EE_035.png,GATE_ESE_Papers/EE/EE/EE_2023_ESE_EE_035.png,EE,2023,EE,35,MCQ,D,,
EE_2023_ESE_EE_036.png,GATE_ESE_Papers/EE/EE/EE_2023_ESE_EE_036.png,EE,2023,EE,36,MCQ,B,,
EE_2023_ESE_EE_037.png,GATE_ESE_Papers/EE/EE/EE_2023_ESE_EE_037.png,EE,2023,EE,37,MCQ,C,,
EE_2023_ESE_EE_038.png,GATE_ESE_Papers/EE/EE/EE_2023_ESE_EE_038.png,EE,2023,EE,38,MCQ,A,,
EE_2023_ESE_EE_039.png,GATE_ESE_Papers/EE/EE/EE_2023_ESE_EE_039.png,EE,2023,EE,39,MCQ,C,,
EE_2023_ESE_EE_040.png,GATE_ESE_Papers/EE/EE/EE_2023_ESE_EE_040.png,EE,2023,EE,40,MCQ,C,,
EE_2023_ESE_EE_041.png,GATE_ESE_Papers/EE/EE/EE_2023_ESE_EE_041.png,EE,2023,EE,41,MCQ,C,,
EE_2023_ESE_EE_042.png,GATE_ESE_Papers/EE/EE/EE_2023_ESE_EE_042.png,EE,2023,EE,42,MCQ,B,,
EE_2023_ESE_EE_043.png,GATE_ESE_Papers/EE/EE/EE_2023_ESE_EE_043.png,EE,2023,EE,43,MCQ,C,,
EE_2023_ESE_EE_044.png,GATE_ESE_Papers/EE/EE/EE_2023_ESE_EE_044.png,EE,2023,EE,44,MCQ,B,,
EE_2023_ESE_EE_045.png,GATE_ESE_Papers/EE/EE/EE_2023_ESE_EE_045.png,EE,2023,EE,45,MCQ,B,,
EE_2023_ESE_EE_046.png,GATE_ESE_Papers/EE/EE/EE_2023_ESE_EE_046.png,EE,2023,EE,46,MCQ,D,,
EE_2023_ESE_EE_047.png,GATE_ESE_Papers/EE/EE/EE_2023_ESE_EE_047.png,EE,2023,EE,47,MCQ,C,,
EE_2023_ESE_EE_048.png,GATE_ESE_Papers/EE/EE/EE_2023_ESE_EE_048.png,EE,2023,EE,48,MCQ,C,,
EE_2023_ESE_EE_049.png,GATE_ESE_Papers/EE/EE/EE_2023_ESE_EE_049.png,EE,2023,EE,49,MCQ,D,,
EE_2023_ESE_EE_050.png,GATE_ESE_Papers/EE/EE/EE_2023_ESE_EE_050.png,EE,2023,EE,50,MCQ,D,,
EE_2023_ESE_EE_051.png,GATE_ESE_Papers/EE/EE/EE_2023_ESE_EE_051.png,EE,2023,EE,51,MCQ,B,,
EE_2023_ESE_EE_052.png,GATE_ESE_Papers/EE/EE/EE_2023_ESE_EE_052.png,EE,2023,EE,52,MCQ,A,,
EE_2023_ESE_EE_053.png,GATE_ESE_Papers/EE/EE/EE_2023_ESE_EE_053.png,EE,2023,EE,53,MCQ,A,,
EE_2023_ESE_EE_054.png,GATE_ESE_Papers/EE/EE/EE_2023_ESE_EE_054.png,EE,2023,EE,54,MCQ,A,,
EE_2023_ESE_EE_055.png,GATE_ESE_Papers/EE/EE/EE_2023_ESE_EE_055.png,EE,2023,EE,55,MCQ,C,,
EE_2024_ESE_EE_001.png,GATE_ESE_Papers/EE/EE/EE_2024_ESE_EE_001.png,EE,2024,EE,1,MCQ,A,,
EE_2024_ESE_EE_002.png,GATE_ESE_Papers/EE/EE/EE_2024_ESE_EE_002.png,EE,2024,EE,2,MCQ,B,,
EE_2024_ESE_EE_003.png,GATE_ESE_Papers/EE/EE/EE_2024_ESE_EE_003.png,EE,2024,EE,3,MCQ,B,,
EE_2024_ESE_EE_004.png,GATE_ESE_Papers/EE/EE/EE_2024_ESE_EE_004.png,EE,2024,EE,4,MCQ,C,,
EE_2024_ESE_EE_005.png,GATE_ESE_Papers/EE/EE/EE_2024_ESE_EE_005.png,EE,2024,EE,5,MCQ,D,,
EE_2024_ESE_EE_006.png,GATE_ESE_Papers/EE/EE/EE_2024_ESE_EE_006.png,EE,2024,EE,6,MCQ,D,,
EE_2024_ESE_EE_007.png,GATE_ESE_Papers/EE/EE/EE_2024_ESE_EE_007.png,EE,2024,EE,7,MCQ,C,,
EE_2024_ESE_EE_008.png,GATE_ESE_Papers/EE/EE/EE_2024_ESE_EE_008.png,EE,2024,EE,8,MCQ,A,,
EE_2024_ESE_EE_009.png,GATE_ESE_Papers/EE/EE/EE_2024_ESE_EE_009.png,EE,2024,EE,9,MCQ,C,,
EE_2024_ESE_EE_010.png,GATE_ESE_Papers/EE/EE/EE_2024_ESE_EE_010.png,EE,2024,EE,10,MCQ,A,,
EE_2024_ESE_EE_011.png,GATE_ESE_Papers/EE/EE/EE_2024_ESE_EE_011.png,EE,2024,EE,11,MCQ,D,,
EE_2024_ESE_EE_012.png,GATE_ESE_Papers/EE/EE/EE_2024_ESE_EE_012.png,EE,2024,EE,12,MCQ,C,,
EE_2024_ESE_EE_013.png,GATE_ESE_Papers/EE/EE/EE_2024_ESE_EE_013.png,EE,2024,EE,13,MCQ,B,,
EE_2024_ESE_EE_014.png,GATE_ESE_Papers/EE/EE/EE_2024_ESE_EE_014.png,EE,2024,EE,14,MCQ,D,,
EE_2024_ESE_EE_015.png,GATE_ESE_Papers/EE/EE/EE_2024_ESE_EE_015.png,EE,2024,EE,15,MCQ,D,,
EE_2024_ESE_EE_016.png,GATE_ESE_Papers/EE/EE/EE_2024_ESE_EE_016.png,EE,2024,EE,16,MCQ,B,,
EE_2024_ESE_EE_017.png,GATE_ESE_Papers/EE/EE/EE_2024_ESE_EE_017.png,EE,2024,EE,17,MCQ,C,,
EE_2024_ESE_EE_018.png,GATE_ESE_Papers/EE/EE/EE_2024_ESE_EE_018.png,EE,2024,EE,18,MCQ,B,,
EE_2024_ESE_EE_019.png,GATE_ESE_Papers/EE/EE/EE_2024_ESE_EE_019.png,EE,2024,EE,19,MCQ,B,,
EE_2024_ESE_EE_020.png,GATE_ESE_Papers/EE/EE/EE_2024_ESE_EE_020.png,EE,2024,EE,20,MCQ,D,,
EE_2024_ESE_EE_021.png,GATE_ESE_Papers/EE/EE/EE_2024_ESE_EE_021.png,EE,2024,EE,21,MCQ,C,,
EE_2024_ESE_EE_022.png,GATE_ESE_Papers/EE/EE/EE_2024_ESE_EE_022.png,EE,2024,EE,22,MCQ,A,,
EE_2024_ESE_EE_023.png,GATE_ESE_Papers/EE/EE/EE_2024_ESE_EE_023.png,EE,2024,EE,23,MCQ,C,,
EE_2024_ESE_EE_024.png,GATE_ESE_Papers/EE/EE/EE_2024_ESE_EE_024.png,EE,2024,EE,24,MCQ,A,,
EE_2024_ESE_EE_025.png,GATE_ESE_Papers/EE/EE/EE_2024_ESE_EE_025.png,EE,2024,EE,25,MCQ,A,,
EE_2024_ESE_EE_026.png,GATE_ESE_Papers/EE/EE/EE_2024_ESE_EE_026.png,EE,2024,EE,26,MCQ,A,,
EE_2024_ESE_EE_027.png,GATE_ESE_Papers/EE/EE/EE_2024_ESE_EE_027.png,EE,2024,EE,27,MCQ,A,,
EE_2024_ESE_EE_028.png,GATE_ESE_Papers/EE/EE/EE_2024_ESE_EE_028.png,EE,2024,EE,28,MCQ,D,,
EE_2024_ESE_EE_029.png,GATE_ESE_Papers/EE/EE/EE_2024_ESE_EE_029.png,EE,2024,EE,29,MCQ,A,,
EE_2024_ESE_EE_030.png,GATE_ESE_Papers/EE/EE/EE_2024_ESE_EE_030.png,EE,2024,EE,30,MCQ,*,,
EE_2024_ESE_EE_031.png,GATE_ESE_Papers/EE/EE/EE_2024_ESE_EE_031.png,EE,2024,EE,31,MCQ,A,,
EE_2024_ESE_EE_032.png,GATE_ESE_Papers/EE/EE/EE_2024_ESE_EE_032.png,EE,2024,EE,32,MCQ,B,,
EE_2024_ESE_EE_033.png,GATE_ESE_Papers/EE/EE/EE_2024_ESE_EE_033.png,EE,2024,EE,33,MCQ,A,,
EE_2024_ESE_EE_034.png,GATE_ESE_Papers/EE/EE/EE_2024_ESE_EE_034.png,EE,2024,EE,34,MCQ,A,,
EE_2024_ESE_EE_035.png,GATE_ESE_Papers/EE/EE/EE_2024_ESE_EE_035.png,EE,2024,EE,35,MCQ,A,,
EE_2024_ESE_EE_036.png,GATE_ESE_Papers/EE/EE/EE_2024_ESE_EE_036.png,EE,2024,EE,36,MCQ,B,,
EE_2024_ESE_EE_037.png,GATE_ESE_Papers/EE/EE/EE_2024_ESE_EE_037.png,EE,2024,EE,37,MCQ,D,,
EE_2024_ESE_EE_038.png,GATE_ESE_Papers/EE/EE/EE_2024_ESE_EE_038.png,EE,2024,EE,38,MCQ,B,,
EE_2024_ESE_EE_039.png,GATE_ESE_Papers/EE/EE/EE_2024_ESE_EE_039.png,EE,2024,EE,39,MCQ,C,,
EE_2024_ESE_EE_040.png,GATE_ESE_Papers/EE/EE/EE_2024_ESE_EE_040.png,EE,2024,EE,40,MCQ,D,,
EE_2024_ESE_EE_041.png,GATE_ESE_Papers/EE/EE/EE_2024_ESE_EE_041.png,EE,2024,EE,41,MCQ,D,,
EE_2024_ESE_EE_042.png,GATE_ESE_Papers/EE/EE/EE_2024_ESE_EE_042.png,EE,2024,EE,42,MCQ,*,,
EE_2024_ESE_EE_043.png,GATE_ESE_Papers/EE/EE/EE_2024_ESE_EE_043.png,EE,2024,EE,43,MCQ,D,,
EE_2024_ESE_EE_044.png,GATE_ESE_Papers/EE/EE/EE_2024_ESE_EE_044.png,EE,2024,EE,44,MCQ,C,,
EE_2024_ESE_EE_045.png,GATE_ESE_Papers/EE/EE/EE_2024_ESE_EE_045.png,EE,2024,EE,45,MCQ,D,,
EE_2024_ESE_EE_046.png,GATE_ESE_Papers/EE/EE/EE_2024_ESE_EE_046.png,EE,2024,EE,46,MCQ,B,,
EE_2024_ESE_EE_047.png,GATE_ESE_Papers/EE/EE/EE_2024_ESE_EE_047.png,EE,2024,EE,47,MCQ,B,,
EE_2024_ESE_EE_048.png,GATE_ESE_Papers/EE/EE/EE_2024_ESE_EE_048.png,EE,2024,EE,48,MCQ,B,,
EE_2024_ESE_EE_049.png,GATE_ESE_Papers/EE/EE/EE_2024_ESE_EE_049.png,EE,2024,EE,49,MCQ,A,,
EE_2024_ESE_EE_050.png,GATE_ESE_Papers/EE/EE/EE_2024_ESE_EE_050.png,EE,2024,EE,50,MCQ,D,,
EE_2024_ESE_EE_051.png,GATE_ESE_Papers/EE/EE/EE_2024_ESE_EE_051.png,EE,2024,EE,51,MCQ,B,,
EE_2024_ESE_EE_052.png,GATE_ESE_Papers/EE/EE/EE_2024_ESE_EE_052.png,EE,2024,EE,52,MCQ,B,,
EE_2024_ESE_EE_053.png,GATE_ESE_Papers/EE/EE/EE_2024_ESE_EE_053.png,EE,2024,EE,53,MCQ,C,,
EE_2024_ESE_EE_054.png,GATE_ESE_Papers/EE/EE/EE_2024_ESE_EE_054.png,EE,2024,EE,54,MCQ,D,,
EE_2024_ESE_EE_055.png,GATE_ESE_Papers/EE/EE/EE_2024_ESE_EE_055.png,EE,2024,EE,55,MCQ,C,,
